"Position","Name","Salary","GameInfo","AvgPointsPerGame","teamAbbrev","Opponent","Projection","Projection_dfn","Projection_baseballmonster","Projection_rotowire","Batting_Order_Projected","Batting_Order_Confirmed","Actual_fpts"
"OF","Mookie Betts",5200,"PIT@BOS 02:05PM ET",10.46,"BOS","PIT",8.72,8.8,NA,NA,"3","3",5
"3B/SS","Manny Machado",5100,"TOR@BAL 03:05PM ET",8.956,"BAL","TOR",8.76,8.9,NA,NA,"3","3",5
"OF","Bryce Harper",5100,"MIA@WAS 01:05PM ET",8.595,"WAS","MIA",9.78,10,NA,NA,"4","3",16
"3B","Nolan Arenado",5000,"COL@MIL 02:10PM ET",9.881,"COL","MIL",8.54,6.7,NA,NA,"3","4",12
"OF","Charlie Blackmon",5000,"COL@MIL 02:10PM ET",10.014,"COL","MIL",7.75,8.2,NA,NA,"1","1",7
"3B","Josh Donaldson",4900,"TOR@BAL 03:05PM ET",10.03,"TOR","BAL",8.37,9.1,NA,NA,"3","2",11
"OF","Starling Marte",4900,"PIT@BOS 02:05PM ET",8.915,"PIT","BOS",7.1,9.4,NA,NA,"4","2",2
"OF/SS","Trea Turner",4900,"MIA@WAS 01:05PM ET",11.538,"WAS","MIA",10.13,9.4,NA,NA,"2","1",10
"OF","Carlos Gonzalez",4800,"COL@MIL 02:10PM ET",8.46,"COL","MIL",7.35,8.6,NA,NA,"4","3",0
"OF","Ryan Braun",4800,"COL@MIL 02:10PM ET",9.138,"MIL","COL",8.06,7.5,NA,NA,"3","3",2
"OF","Jose Bautista",4700,"TOR@BAL 03:05PM ET",8.272,"TOR","BAL",7.69,8.9,NA,NA,"4","3",2
"OF","Andrew McCutchen",4700,"PIT@BOS 02:05PM ET",7.791,"PIT","BOS",6.31,8.8,NA,NA,"3","3",0
"1B","Joey Votto",4700,"PHI@CIN 04:10PM ET",9.346,"CIN","PHI",8.77,8.7,NA,NA,"3","3",0
"1B","Miguel Cabrera",4600,"DET@CWS 04:10PM ET",9.209,"DET","CWS",NA,NA,NA,NA,"3","x",NA
"SS","Trevor Story",4600,"COL@MIL 02:10PM ET",9.814,"COL","MIL",7.94,6.1,NA,NA,"5","5",7
"OF","Giancarlo Stanton",4600,"MIA@WAS 01:05PM ET",7.555,"MIA","WAS",6.37,8.6,NA,NA,"4","4",9
"2B","Brian Dozier",4500,"KC@MIN 04:10PM ET",9.794,"MIN","KC",7.57,8.8,NA,NA,"1","1",7
"OF","Gregory Polanco",4500,"PIT@BOS 02:05PM ET",8.132,"PIT","BOS",6.4,8.9,NA,NA,"5","4",3
"OF","Ian Desmond",4500,"COL@MIL 02:10PM ET",8.585,"COL","MIL",NA,0,NA,NA,"x","x",NA
"2B/3B","Daniel Murphy",4500,"MIA@WAS 01:05PM ET",9.459,"WAS","MIA",9.71,8.5,NA,NA,"3","4",8
"SS","Troy Tulowitzki",4400,"TOR@BAL 03:05PM ET",7.2,"TOR","BAL",6,7.3,NA,NA,"2","5",0
"1B/OF","Hanley Ramirez",4400,"PIT@BOS 02:05PM ET",8.755,"BOS","PIT",6.93,7.4,NA,NA,"5","4",3
"3B/SS","Xander Bogaerts",4400,"PIT@BOS 02:05PM ET",8.8,"BOS","PIT",7.49,6.7,NA,NA,"4","6",16
"SS","Corey Seager",4400,"SD@LAD 04:10PM ET",8.417,"LAD","SD",8.36,8.7,NA,NA,"2","2",21
"OF","JD Martinez",4300,"DET@CWS 04:10PM ET",8.667,"DET","CWS",NA,0,NA,NA,"x","x",NA
"1B/OF","Chris Davis",4300,"TOR@BAL 03:05PM ET",7.899,"BAL","TOR",8.19,7.9,NA,NA,"4","4",5
"OF","Adam Jones",4300,"TOR@BAL 03:05PM ET",7.673,"BAL","TOR",7.5,7.7,NA,NA,"2","2",9
"2B/3B","DJ LeMahieu",4300,"COL@MIL 02:10PM ET",8.776,"COL","MIL",6.71,6,NA,NA,"2","2",0
"3B/SS","Jonathan Villar",4300,"COL@MIL 02:10PM ET",9.679,"MIL","COL",8.42,8.3,NA,NA,"1","1",13
"2B","Ian Kinsler",4200,"DET@CWS 04:10PM ET",8.994,"DET","CWS",NA,NA,NA,NA,"1","x",NA
"1B/OF","Mark Trumbo",4200,"TOR@BAL 03:05PM ET",8.731,"BAL","TOR",8.03,7.7,NA,NA,"5","5",21
"OF","Jackie Bradley",4200,"PIT@BOS 02:05PM ET",8.063,"BOS","PIT",6.91,7,NA,NA,"6","7",12
"OF","David Dahl",4200,"COL@MIL 02:10PM ET",7.778,"COL","MIL",NA,0,NA,NA,"x","x",NA
"OF","Yoenis Cespedes",4200,"ATL@NYM 01:10PM ET",8.366,"NYM","ATL",7.75,6.8,NA,NA,"3","3",4
"2B/OF","Odubel Herrera",4200,"PHI@CIN 04:10PM ET",7.629,"PHI","CIN",8.55,7.8,NA,NA,"3","3",9
"3B","Maikel Franco",4200,"PHI@CIN 04:10PM ET",7.026,"PHI","CIN",7.61,7.9,NA,NA,"4","4",7
"2B","Dee Gordon",4200,"MIA@WAS 01:05PM ET",7.848,"MIA","WAS",5.79,7.5,NA,NA,"1","1",0
"OF","Christian Yelich",4200,"MIA@WAS 01:05PM ET",8.353,"MIA","WAS",5.74,7.7,NA,NA,"3","3",0
"1B/3B","Todd Frazier",4100,"DET@CWS 04:10PM ET",8.214,"CWS","DET",NA,NA,NA,NA,"5","x",NA
"1B","Kendrys Morales",4100,"TOR@BAL 03:05PM ET",7.305,"TOR","BAL",6.02,7.7,NA,NA,"5","4",4
"2B","Dustin Pedroia",4100,"PIT@BOS 02:05PM ET",8.382,"BOS","PIT",6.82,7.2,NA,NA,"1","1",7
"OF","Billy Hamilton",4100,"PHI@CIN 04:10PM ET",7.824,"CIN","PHI",8.02,8.4,NA,NA,"1","1",10
"OF","Adam Eaton",4100,"MIA@WAS 01:05PM ET",7.981,"WAS","MIA",8.22,8.1,NA,NA,"1","2",16
"3B/OF","Miguel Sano",4000,"KC@MIN 04:10PM ET",7.641,"MIN","KC",6.16,7.7,NA,NA,"4","5",20
"1B","Jose Abreu",4000,"DET@CWS 04:10PM ET",7.868,"CWS","DET",NA,NA,NA,NA,"4","x",NA
"OF","Justin Upton",4000,"DET@CWS 04:10PM ET",7.74,"DET","CWS",NA,NA,NA,NA,"5","x",NA
"2B","Devon Travis",4000,"TOR@BAL 03:05PM ET",7.448,"TOR","BAL",6.41,8.3,NA,NA,"1","1",6
"3B/SS","Jose Reyes",4000,"ATL@NYM 01:10PM ET",8.77,"NYM","ATL",6.55,7.3,NA,NA,"1","1",4
"1B/OF","Adam Duvall",4000,"PHI@CIN 04:10PM ET",8.147,"CIN","PHI",7.68,7.6,NA,NA,"4","4",8
"OF","Yasiel Puig",4000,"SD@LAD 04:10PM ET",5.791,"LAD","SD",6.48,6.8,NA,NA,"6","8",11
"OF","Lorenzo Cain",3900,"KC@MIN 04:10PM ET",7.845,"KC","MIN",6.66,7.1,NA,NA,"3","3",9
"OF","Melky Cabrera",3900,"DET@CWS 04:10PM ET",7.553,"CWS","DET",NA,NA,NA,NA,"3","x",NA
"C","Russell Martin",3900,"TOR@BAL 03:05PM ET",6.429,"TOR","BAL",5.63,7.2,NA,NA,"6","6",4
"2B/3B","Jonathan Schoop",3900,"TOR@BAL 03:05PM ET",6.988,"BAL","TOR",5.97,6.6,NA,NA,"7","8",0
"OF","Keon Broxton",3900,"COL@MIL 02:10PM ET",6.92,"MIL","COL",5.82,6.5,NA,NA,"2","6",7
"1B","Freddie Freeman",3900,"ATL@NYM 01:10PM ET",9.506,"ATL","NYM",5.9,8.5,NA,NA,"3","3",14
"2B/3B","Anthony Rendon",3900,"MIA@WAS 01:05PM ET",7.882,"WAS","MIA",NA,NA,NA,NA,"5","x",NA
"1B/2B","Steve Pearce",3800,"TOR@BAL 03:05PM ET",6.635,"TOR","BAL",4.74,7.5,NA,NA,"x","7",11
"OF","Kevin Pillar",3800,"TOR@BAL 03:05PM ET",6.115,"TOR","BAL",5.31,6.7,NA,NA,"8","8",7
"2B","Josh Harrison",3800,"PIT@BOS 02:05PM ET",6.818,"PIT","BOS",5.2,6.6,NA,NA,"1","8",7
"1B/OF","Eric Thames",3800,"COL@MIL 02:10PM ET",0,"MIL","COL",6.3,8.8,NA,NA,"4","2",13
"OF","Gerardo Parra",3800,"COL@MIL 02:10PM ET",5.971,"COL","MIL",6.04,6.4,NA,NA,"6","6",8
"OF","Domingo Santana",3800,"COL@MIL 02:10PM ET",6.3,"MIL","COL",5.79,6.5,NA,NA,"5","5",9
"2B","Cesar Hernandez",3800,"PHI@CIN 04:10PM ET",6.673,"PHI","CIN",7.16,7.2,NA,NA,"1","1",14
"OF","Michael Saunders",3800,"PHI@CIN 04:10PM ET",7.074,"PHI","CIN",5.94,7.3,NA,NA,"6","5",9
"1B","Adrian Gonzalez",3800,"SD@LAD 04:10PM ET",7.048,"LAD","SD",6.98,7.8,NA,NA,"4","4",13
"1B/OF","Wil Myers",3800,"SD@LAD 04:10PM ET",8.862,"SD","LAD",4.92,6.7,NA,NA,"3","2",2
"1B","Eric Hosmer",3700,"KC@MIN 04:10PM ET",7.722,"KC","MIN",7.72,7.7,NA,NA,"4","4",0
"OF","Max Kepler",3700,"KC@MIN 04:10PM ET",7.062,"MIN","KC",4.86,4.8,NA,NA,"5","8",5
"C","Welington Castillo",3700,"TOR@BAL 03:05PM ET",6.765,"BAL","TOR",5.71,6.1,NA,NA,"8","6",8
"OF","Melvin Upton",3700,"TOR@BAL 03:05PM ET",6.456,"TOR","BAL",NA,0,NA,NA,"x","x",NA
"3B","Pablo Sandoval",3700,"PIT@BOS 02:05PM ET",0.667,"BOS","PIT",5.96,6.9,NA,NA,"7","8",7
"OF","Andrew Benintendi",3700,"PIT@BOS 02:05PM ET",6.622,"BOS","PIT",6.87,8.6,NA,NA,"2","2",18
"OF","Curtis Granderson",3700,"ATL@NYM 01:10PM ET",7.616,"NYM","ATL",7.15,7.7,NA,NA,"2","4",5
"1B","Tommy Joseph",3700,"PHI@CIN 04:10PM ET",6.157,"PHI","CIN",6.18,7.5,NA,NA,"5","6",0
"2B/SS","Jose Peraza",3700,"PHI@CIN 04:10PM ET",7.083,"CIN","PHI",7.36,7.5,NA,NA,"2","2",6
"OF","Aaron Altherr",3700,"PHI@CIN 04:10PM ET",5.965,"PHI","CIN",NA,0,NA,NA,"x","x",NA
"1B","Joe Mauer",3600,"KC@MIN 04:10PM ET",6.955,"MIN","KC",5.49,5.3,NA,NA,"3","4",6
"3B","Nick Castellanos",3600,"DET@CWS 04:10PM ET",7.55,"DET","CWS",NA,NA,NA,NA,"2","x",NA
"SS","Tim Anderson",3600,"DET@CWS 04:10PM ET",7.444,"CWS","DET",NA,NA,NA,NA,"2","x",NA
"SS","Alen Hanson",3600,"PIT@BOS 02:05PM ET",1.815,"PIT","BOS",NA,0,NA,NA,"x","x",NA
"2B","Neil Walker",3600,"ATL@NYM 01:10PM ET",7.584,"NYM","ATL",6.72,7.5,NA,NA,"5","5",4
"2B","Scooter Gennett",3600,"PHI@CIN 04:10PM ET",6.599,"CIN","PHI",NA,0,NA,NA,"x","x",NA
"2B/OF","Howie Kendrick",3600,"PHI@CIN 04:10PM ET",5.716,"PHI","CIN",6.26,7.4,NA,NA,"2","2",11
"OF","Scott Schebler",3600,"PHI@CIN 04:10PM ET",6.181,"CIN","PHI",6.05,7.3,NA,NA,"6","6",7
"OF","Phillip Ervin",3600,"PHI@CIN 04:10PM ET",0,"CIN","PHI",NA,0,NA,NA,"x","x",NA
"2B","Logan Forsythe",3600,"SD@LAD 04:10PM ET",7.929,"LAD","SD",7.84,6.6,NA,NA,"1","5",11
"OF","Joc Pederson",3600,"SD@LAD 04:10PM ET",6.953,"LAD","SD",6.25,7.9,NA,NA,"7","6",22
"OF","Jayson Werth",3600,"MIA@WAS 01:05PM ET",7.628,"WAS","MIA",7.51,6.2,NA,NA,"6","6",0
"OF","Marcell Ozuna",3600,"MIA@WAS 01:05PM ET",7.277,"MIA","WAS",5.11,6.8,NA,NA,"6","6",5
"1B","Kennys Vargas",3500,"KC@MIN 04:10PM ET",7.213,"MIN","KC",NA,NA,NA,NA,"6","x",NA
"1B/OF","Brandon Moss",3500,"KC@MIN 04:10PM ET",6.922,"KC","MIN",6.02,7,NA,NA,"8","6",0
"OF","Alex Gordon",3500,"KC@MIN 04:10PM ET",6.398,"KC","MIN",6.26,7.2,NA,NA,"6","1",3
"OF","Robbie Grossman",3500,"KC@MIN 04:10PM ET",6.95,"MIN","KC",5.51,7.2,NA,NA,"x","2",8
"OF","Jorge Soler",3500,"KC@MIN 04:10PM ET",5.16,"KC","MIN",NA,0,NA,NA,"x","x",NA
"1B","Victor Martinez",3500,"DET@CWS 04:10PM ET",7.199,"DET","CWS",NA,NA,NA,NA,"4","x",NA
"OF","Seth Smith",3500,"TOR@BAL 03:05PM ET",5.737,"BAL","TOR",6.91,7.7,NA,NA,"6","1",7
"2B/OF","Brock Holt",3500,"PIT@BOS 02:05PM ET",5.835,"BOS","PIT",NA,0,NA,NA,"x","x",NA
"1B/3B","Travis Shaw",3500,"COL@MIL 02:10PM ET",6.342,"MIL","COL",5.51,6.7,NA,NA,"6","4",12
"3B/OF","Hernan Perez",3500,"COL@MIL 02:10PM ET",7.252,"MIL","COL",NA,0,NA,NA,"x","x",NA
"OF","Raimel Tapia",3500,"COL@MIL 02:10PM ET",2.864,"COL","MIL",NA,0,NA,NA,"x","x",NA
"3B","David Wright",3500,"ATL@NYM 01:10PM ET",7.605,"NYM","ATL",NA,0,NA,NA,"x","x",NA
"SS","Asdrubal Cabrera",3500,"ATL@NYM 01:10PM ET",7.259,"NYM","ATL",6,7.6,NA,NA,"6","2",18
"OF","Matt Kemp",3500,"ATL@NYM 01:10PM ET",8.261,"ATL","NYM",5.34,6,NA,NA,"4","4",5
"1B","Rhys Hoskins",3500,"PHI@CIN 04:10PM ET",0,"PHI","CIN",NA,0,NA,NA,"x","x",NA
"3B/SS","Freddy Galvis",3500,"PHI@CIN 04:10PM ET",6.5,"PHI","CIN",5.99,6.2,NA,NA,"7","8",21
"3B/SS","Eugenio Suarez",3500,"PHI@CIN 04:10PM ET",6.85,"CIN","PHI",5.84,6.7,NA,NA,"5","5",2
"OF","Roman Quinn",3500,"PHI@CIN 04:10PM ET",8.667,"PHI","CIN",NA,0,NA,NA,"x","x",NA
"3B","Justin Turner",3500,"SD@LAD 04:10PM ET",8.031,"LAD","SD",8.51,8.1,NA,NA,"3","3",19
"C","JT Realmuto",3500,"MIA@WAS 01:05PM ET",6.883,"MIA","WAS",4.2,7.3,NA,NA,"2","2",10
"OF","Michael Taylor",3500,"MIA@WAS 01:05PM ET",5.215,"WAS","MIA",NA,0,NA,NA,"x","x",NA
"2B/OF","Whit Merrifield",3400,"KC@MIN 04:10PM ET",6.926,"KC","MIN",NA,0,NA,NA,"x","x",NA
"OF","Eddie Rosario",3400,"KC@MIN 04:10PM ET",6.576,"MIN","KC",4.5,4.6,NA,NA,"8","9",3
"OF","Peter O'Brien",3400,"KC@MIN 04:10PM ET",3.571,"KC","MIN",NA,0,NA,NA,"x","x",NA
"OF","Byron Buxton",3400,"KC@MIN 04:10PM ET",6.505,"MIN","KC",6.34,7.3,NA,NA,"7","3",0
"3B/SS","Tyler Saladino",3400,"DET@CWS 04:10PM ET",6.011,"CWS","DET",NA,NA,NA,NA,"1","x",NA
"1B","Justin Smoak",3400,"TOR@BAL 03:05PM ET",4.123,"TOR","BAL",NA,NA,NA,NA,"7","x",NA
"1B","Rowdy Tellez",3400,"TOR@BAL 03:05PM ET",0,"TOR","BAL",NA,0,NA,NA,"x","x",NA
"1B/OF","Hyun Soo Kim",3400,"TOR@BAL 03:05PM ET",5.792,"BAL","TOR",NA,NA,NA,NA,NA,NA,NA
"OF","Dalton Pompey",3400,"TOR@BAL 03:05PM ET",1.778,"TOR","BAL",NA,0,NA,NA,"x","x",NA
"OF","Josh Bell",3400,"PIT@BOS 02:05PM ET",5.733,"PIT","BOS",4.91,7.6,NA,NA,"2","7",5
"C","Dustin Garneau",3400,"COL@MIL 02:10PM ET",4.375,"COL","MIL",NA,0,NA,NA,"x","x",NA
"SS","Orlando Arcia",3400,"COL@MIL 02:10PM ET",6.2,"MIL","COL",4.52,5.2,NA,NA,"7","8",7
"1B","Lucas Duda",3400,"ATL@NYM 01:10PM ET",6,"NYM","ATL",5.77,7.8,NA,NA,"7","7",13
"OF","Jay Bruce",3400,"ATL@NYM 01:10PM ET",7.867,"NYM","ATL",7.04,7.5,NA,NA,"4","6",10
"OF","Ender Inciarte",3400,"ATL@NYM 01:10PM ET",7.374,"ATL","NYM",5.28,7.1,NA,NA,"1","1",0
"OF","Michael Conforto",3400,"ATL@NYM 01:10PM ET",5.358,"NYM","ATL",NA,0,NA,NA,"x","x",NA
"SS","Zack Cozart",3400,"PHI@CIN 04:10PM ET",6.944,"CIN","PHI",6.14,5.8,NA,NA,"7","7",5
"C","Yasmani Grandal",3400,"SD@LAD 04:10PM ET",6.613,"LAD","SD",6.68,7.1,NA,NA,"5","7",30
"OF","Andre Ethier",3400,"SD@LAD 04:10PM ET",2.375,"LAD","SD",NA,0,NA,NA,"x","x",NA
"1B/3B","Ryan Zimmerman",3400,"MIA@WAS 01:05PM ET",6.325,"WAS","MIA",6.22,6.6,NA,NA,"7","5",6
"2B/3B","Martin Prado",3400,"MIA@WAS 01:05PM ET",7.19,"MIA","WAS",NA,0,NA,NA,"x","x",NA
"C","Salvador Perez",3300,"KC@MIN 04:10PM ET",6.359,"KC","MIN",6.2,6.8,NA,NA,"5","5",3
"2B/3B","Jorge Polanco",3300,"KC@MIN 04:10PM ET",6.478,"MIN","KC",5.87,6.7,NA,NA,"2","7",12
"OF","Avisail Garcia",3300,"DET@CWS 04:10PM ET",6.242,"CWS","DET",NA,NA,NA,NA,"7","x",NA
"1B","Trey Mancini",3300,"TOR@BAL 03:05PM ET",11.2,"BAL","TOR",NA,0,NA,NA,"x","x",NA
"C","Francisco Cervelli",3300,"PIT@BOS 02:05PM ET",5.96,"PIT","BOS",4.96,6.3,NA,NA,"7","6",9
"1B","Mitch Moreland",3300,"PIT@BOS 02:05PM ET",5.627,"BOS","PIT",6.44,7,NA,NA,"8","5",0
"1B/3B","David Freese",3300,"PIT@BOS 02:05PM ET",5.936,"PIT","BOS",4.78,6.7,NA,NA,"6","5",8
"1B/OF","Jose Osuna",3300,"PIT@BOS 02:05PM ET",0,"PIT","BOS",NA,0,NA,NA,"x","x",NA
"2B/OF","Adam Frazier",3300,"PIT@BOS 02:05PM ET",4.197,"PIT","BOS",5.79,8.3,NA,NA,"x","1",7
"SS","Jordy Mercer",3300,"PIT@BOS 02:05PM ET",6.054,"PIT","BOS",4.39,5.5,NA,NA,"8","9",5
"C","Tom Murphy",3300,"COL@MIL 02:10PM ET",6.286,"COL","MIL",NA,0,NA,NA,"x","x",NA
"C","Cameron Rupp",3300,"PHI@CIN 04:10PM ET",6.724,"PHI","CIN",5.23,5.9,NA,NA,"8","7",0
"1B","Christian Walker",3300,"PHI@CIN 04:10PM ET",0,"CIN","PHI",NA,4.9,NA,NA,"","",NA
"2B/SS","Arismendy Alcantara",3300,"PHI@CIN 04:10PM ET",2.313,"CIN","PHI",NA,0,NA,NA,"x","x",NA
"2B","Chase Utley",3300,"SD@LAD 04:10PM ET",6.446,"LAD","SD",NA,0,NA,NA,"x","x",NA
"OF","Franklin Gutierrez",3300,"SD@LAD 04:10PM ET",5.172,"LAD","SD",NA,0,NA,NA,"x","x",NA
"3B","Mike Moustakas",3200,"KC@MIN 04:10PM ET",7.286,"KC","MIN",6.31,7.8,NA,NA,"2","2",14
"3B","Cheslor Cuthbert",3200,"KC@MIN 04:10PM ET",6.242,"KC","MIN",NA,NA,NA,NA,"7","x",NA
"SS","Alcides Escobar",3200,"KC@MIN 04:10PM ET",6.136,"KC","MIN",5.73,5.4,NA,NA,"1","8",0
"OF","Paulo Orlando",3200,"KC@MIN 04:10PM ET",6.333,"KC","MIN",5.48,5.8,NA,NA,"x","7",0
"OF","Steven Moya",3200,"DET@CWS 04:10PM ET",5.645,"DET","CWS",NA,0,NA,NA,"x","x",NA
"OF","Ezequiel Carrera",3200,"TOR@BAL 03:05PM ET",4.849,"TOR","BAL",4.33,5.6,NA,NA,"9","9",10
"1B","John Jaso",3200,"PIT@BOS 02:05PM ET",5.271,"PIT","BOS",NA,0,NA,NA,"x","x",NA
"SS","Kevin Newman",3200,"PIT@BOS 02:05PM ET",0,"PIT","BOS",NA,0,NA,NA,"x","x",NA
"1B","Jesus Aguilar",3200,"COL@MIL 02:10PM ET",0,"MIL","COL",NA,0,NA,NA,"x","x",NA
"OF","Jordan Patterson",3200,"COL@MIL 02:10PM ET",3.4,"COL","MIL",NA,0,NA,NA,"x","x",NA
"OF","Nick Markakis",3200,"ATL@NYM 01:10PM ET",7.051,"ATL","NYM",4.35,6.4,NA,NA,"6","5",0
"C","Andrew Knapp",3200,"PHI@CIN 04:10PM ET",0,"PHI","CIN",NA,0,NA,NA,"x","x",NA
"2B/3B","Ryan Schimpf",3200,"SD@LAD 04:10PM ET",7.685,"SD","LAD",3.19,4.9,NA,NA,"6","5",17
"C","Matt Wieters",3200,"MIA@WAS 01:05PM ET",6.192,"WAS","MIA",5.81,6.1,NA,NA,"8","8",5
"1B","Adam Lind",3200,"MIA@WAS 01:05PM ET",5.778,"WAS","MIA",NA,0,NA,NA,"x","x",NA
"1B","Justin Bour",3200,"MIA@WAS 01:05PM ET",6.711,"MIA","WAS",5.11,6.9,NA,NA,"5","5",0
"OF","Billy Burns",3100,"KC@MIN 04:10PM ET",4.969,"KC","MIN",NA,0,NA,NA,"x","x",NA
"SS","JJ Hardy",3100,"TOR@BAL 03:05PM ET",5.879,"BAL","TOR",5.04,5.3,NA,NA,"9","9",0
"OF","Darrell Ceciliani",3100,"TOR@BAL 03:05PM ET",1.769,"TOR","BAL",NA,0,NA,NA,"x","x",NA
"OF","Chris Young",3100,"PIT@BOS 02:05PM ET",5.753,"BOS","PIT",NA,0,NA,NA,"x","x",NA
"1B/3B","Mark Reynolds",3100,"COL@MIL 02:10PM ET",6.756,"COL","MIL",5.25,5.5,NA,NA,"7","7",27
"OF","Michael Reed",3100,"COL@MIL 02:10PM ET",3.375,"MIL","COL",NA,0,NA,NA,"x","x",NA
"2B","Brandon Phillips",3100,"ATL@NYM 01:10PM ET",7.09,"ATL","NYM",4.34,5.3,NA,NA,"5","6",3
"2B/3B","Wilmer Flores",3100,"ATL@NYM 01:10PM ET",5.971,"NYM","ATL",NA,0,NA,NA,"x","x",NA
"OF","Jesse Winker",3100,"PHI@CIN 04:10PM ET",0,"CIN","PHI",NA,0,NA,NA,"x","x",NA
"1B","Cody Bellinger",3100,"SD@LAD 04:10PM ET",0,"LAD","SD",NA,0,NA,NA,"x","x",NA
"2B/3B","Yangervis Solarte",3100,"SD@LAD 04:10PM ET",7.609,"SD","LAD",3.98,5.3,NA,NA,"4","3",5
"2B/SS","Chris Taylor",3100,"SD@LAD 04:10PM ET",2.722,"LAD","SD",NA,0,NA,NA,"x","x",NA
"OF","Manuel Margot",3100,"SD@LAD 04:10PM ET",6.4,"SD","LAD",4.67,5.9,NA,NA,"2","1",7
"2B/3B","Derek Dietrich",3100,"MIA@WAS 01:05PM ET",5.367,"MIA","WAS",4.64,6.3,NA,NA,"7","7",0
"3B","Matt Davidson",3000,"DET@CWS 04:10PM ET",7,"CWS","DET",NA,0,NA,NA,"x","x",NA
"OF","Rymer Liriano",3000,"DET@CWS 04:10PM ET",0,"CWS","DET",NA,0,NA,NA,"x","x",NA
"OF","Charlie Tilson",3000,"DET@CWS 04:10PM ET",3,"CWS","DET",NA,0,NA,NA,"x","x",NA
"OF","Joey Rickard",3000,"TOR@BAL 03:05PM ET",5.059,"BAL","TOR",NA,0,NA,NA,"x","x",NA
"C/OF","Blake Swihart",3000,"PIT@BOS 02:05PM ET",5.947,"BOS","PIT",NA,0,NA,NA,"x","x",NA
"OF","Bryce Brentz",3000,"PIT@BOS 02:05PM ET",4,"BOS","PIT",NA,0,NA,NA,"x","x",NA
"C","Andrew Susac",3000,"COL@MIL 02:10PM ET",3.5,"MIL","COL",NA,0,NA,NA,"x","x",NA
"SS","Pat Valaika",3000,"COL@MIL 02:10PM ET",2.615,"COL","MIL",NA,0,NA,NA,"x","x",NA
"OF","Kirk Nieuwenhuis",3000,"COL@MIL 02:10PM ET",5.28,"MIL","COL",NA,0,NA,NA,"x","x",NA
"3B/OF","Adonis Garcia",3000,"ATL@NYM 01:10PM ET",6.91,"ATL","NYM",3.94,4.8,NA,NA,"7","7",0
"SS","Dansby Swanson",3000,"ATL@NYM 01:10PM ET",7.158,"ATL","NYM",4.91,5.8,NA,NA,"2","2",3
"2B","Scott Kingery",3000,"PHI@CIN 04:10PM ET",0,"PHI","CIN",NA,0,NA,NA,"x","x",NA
"OF","Tyler Goeddel",3000,"PHI@CIN 04:10PM ET",3.163,"PHI","CIN",NA,0,NA,NA,"x","x",NA
"OF","Trayce Thompson",3000,"SD@LAD 04:10PM ET",5.938,"LAD","SD",NA,0,NA,NA,"x","x",NA
"OF","Alex Dickerson",3000,"SD@LAD 04:10PM ET",6.476,"SD","LAD",NA,0,NA,NA,"x","x",NA
"OF","Hunter Renfroe",3000,"SD@LAD 04:10PM ET",10.818,"SD","LAD",3.61,5.6,NA,NA,"5","4",0
"OF/SS","Danny Santana",2900,"KC@MIN 04:10PM ET",5.12,"MIN","KC",NA,0,NA,NA,"x","x",NA
"2B/SS","Darwin Barney",2900,"TOR@BAL 03:05PM ET",4.144,"TOR","BAL",NA,0,NA,NA,"x","x",NA
"C","Sandy Leon",2900,"PIT@BOS 02:05PM ET",6.605,"BOS","PIT",5.81,5.3,NA,NA,"9","9",8
"C","Elias Diaz",2900,"PIT@BOS 02:05PM ET",2,"PIT","BOS",NA,0,NA,NA,"x","x",NA
"2B/3B","Phil Gosselin",2900,"PIT@BOS 02:05PM ET",2.877,"PIT","BOS",NA,0,NA,NA,"x","x",NA
"2B/3B","Marco Hernandez",2900,"PIT@BOS 02:05PM ET",2.405,"BOS","PIT",NA,0,NA,NA,"x","x",NA
"OF","Steve Selsky",2900,"PIT@BOS 02:05PM ET",4.458,"BOS","PIT",NA,0,NA,NA,"x","x",NA
"C","Tony Wolters",2900,"COL@MIL 02:10PM ET",5.577,"COL","MIL",4.72,4.9,NA,NA,"8","8",10
"C","Travis d'Arnaud",2900,"ATL@NYM 01:10PM ET",4.747,"NYM","ATL",NA,NA,NA,NA,"8","x",NA
"2B/C","Austin Barnes",2900,"SD@LAD 04:10PM ET",1.696,"LAD","SD",NA,0,NA,NA,"x","x",NA
"2B","Willie Calhoun",2900,"SD@LAD 04:10PM ET",0,"LAD","SD",NA,0,NA,NA,"x","x",NA
"2B/3B","Cory Spangenberg",2900,"SD@LAD 04:10PM ET",6.429,"SD","LAD",NA,0,NA,NA,"x","x",NA
"OF","Andrew Toles",2900,"SD@LAD 04:10PM ET",4.847,"LAD","SD",5.09,8.1,NA,NA,"8","1",8
"OF","Brian Goodwin",2900,"MIA@WAS 01:05PM ET",2.826,"WAS","MIA",NA,0,NA,NA,"x","x",NA
"C","Jason Castro",2800,"KC@MIN 04:10PM ET",5.124,"MIN","KC",3.61,4.3,NA,NA,"9","6",12
"1B","Ryan O'Hearn",2800,"KC@MIN 04:10PM ET",0,"KC","MIN",NA,0,NA,NA,"x","x",NA
"C","Alex Avila",2800,"DET@CWS 04:10PM ET",5.293,"DET","CWS",NA,0,NA,NA,"x","x",NA
"C","Juan Graterol",2800,"TOR@BAL 03:05PM ET",2.889,"TOR","BAL",NA,0,NA,NA,"x","x",NA
"C","Manny Pina",2800,"COL@MIL 02:10PM ET",3.879,"MIL","COL",NA,0,NA,NA,"x","x",NA
"C","Jacob Nottingham",2800,"COL@MIL 02:10PM ET",0,"MIL","COL",NA,0,NA,NA,"x","x",NA
"2B/3B","TJ Rivera",2800,"ATL@NYM 01:10PM ET",6,"NYM","ATL",NA,0,NA,NA,"x","x",NA
"OF","Brandon Nimmo",2800,"ATL@NYM 01:10PM ET",3.719,"NYM","ATL",NA,0,NA,NA,"x","x",NA
"C","Devin Mesoraco",2800,"PHI@CIN 04:10PM ET",2.438,"CIN","PHI",NA,0,NA,NA,"x","x",NA
"2B/SS","Andres Blanco",2800,"PHI@CIN 04:10PM ET",3.856,"PHI","CIN",NA,0,NA,NA,"x","x",NA
"3B/OF","Rob Segedin",2800,"SD@LAD 04:10PM ET",3.3,"LAD","SD",NA,0,NA,NA,"x","x",NA
"OF","Alex Verdugo",2800,"SD@LAD 04:10PM ET",0,"LAD","SD",NA,0,NA,NA,"x","x",NA
"2B/SS","Stephen Drew",2800,"MIA@WAS 01:05PM ET",4.392,"WAS","MIA",5.2,6.6,NA,NA,"x","7",0
"OF","Destin Hood",2800,"MIA@WAS 01:05PM ET",2.846,"MIA","WAS",NA,0,NA,NA,"x","x",NA
"SS","Eduardo Escobar",2700,"KC@MIN 04:10PM ET",4.914,"MIN","KC",NA,0,NA,NA,"x","x",NA
"OF","Terrance Gore",2700,"KC@MIN 04:10PM ET",3.941,"KC","MIN",NA,0,NA,NA,"x","x",NA
"C","James McCann",2700,"DET@CWS 04:10PM ET",5.171,"DET","CWS",NA,NA,NA,NA,"7","x",NA
"2B/SS","Leury Garcia",2700,"DET@CWS 04:10PM ET",4.15,"CWS","DET",NA,0,NA,NA,"x","x",NA
"3B/SS","JaCoby Jones",2700,"DET@CWS 04:10PM ET",2.615,"DET","CWS",NA,NA,NA,NA,"8","x",NA
"3B/SS","Ryan Flaherty",2700,"TOR@BAL 03:05PM ET",3.284,"BAL","TOR",NA,0,NA,NA,"x","x",NA
"C","Christian Vazquez",2700,"PIT@BOS 02:05PM ET",4.158,"BOS","PIT",NA,0,NA,NA,"x","x",NA
"2B/3B","Josh Rutledge",2700,"PIT@BOS 02:05PM ET",3.464,"BOS","PIT",NA,0,NA,NA,"x","x",NA
"3B","Deven Marrero",2700,"PIT@BOS 02:05PM ET",0.538,"BOS","PIT",NA,0,NA,NA,"x","x",NA
"C","Jett Bandy",2700,"COL@MIL 02:10PM ET",5.029,"MIL","COL",4.52,5.3,NA,NA,"8","7",5
"2B/SS","Cristhian Adames",2700,"COL@MIL 02:10PM ET",2.81,"COL","MIL",NA,0,NA,NA,"x","x",NA
"OF","Corey Ray",2700,"COL@MIL 02:10PM ET",0,"MIL","COL",NA,0,NA,NA,"x","x",NA
"2B/3B","Jace Peterson",2700,"ATL@NYM 01:10PM ET",5.448,"ATL","NYM",NA,0,NA,NA,"x","x",NA
"C","Tucker Barnhart",2700,"PHI@CIN 04:10PM ET",5.487,"CIN","PHI",4.75,5.7,NA,NA,"8","8",5
"OF","Travis Jankowski",2700,"SD@LAD 04:10PM ET",5.069,"SD","LAD",4.11,4.2,NA,NA,"1","9",5
"C","Tomas Telis",2700,"MIA@WAS 01:05PM ET",2.9,"MIA","WAS",NA,0,NA,NA,"x","x",NA
"2B/SS","Wilmer Difo",2700,"MIA@WAS 01:05PM ET",4.061,"WAS","MIA",NA,0,NA,NA,"x","x",NA
"OF","Ichiro Suzuki",2700,"MIA@WAS 01:05PM ET",4.217,"MIA","WAS",NA,0,NA,NA,"x","x",NA
"2B/SS","Christian Colon",2600,"KC@MIN 04:10PM ET",3.618,"KC","MIN",NA,0,NA,NA,"x","x",NA
"C","John Hicks",2600,"DET@CWS 04:10PM ET",7,"DET","CWS",NA,0,NA,NA,"x","x",NA
"2B/SS","Dixon Machado",2600,"DET@CWS 04:10PM ET",1.375,"DET","CWS",NA,0,NA,NA,"x","x",NA
"OF","Mikie Mahtook",2600,"DET@CWS 04:10PM ET",3.369,"DET","CWS",NA,NA,NA,NA,"6","x",NA
"OF","Tyler Collins",2600,"DET@CWS 04:10PM ET",4.034,"DET","CWS",NA,0,NA,NA,"x","x",NA
"C","Caleb Joseph",2600,"TOR@BAL 03:05PM ET",2.102,"BAL","TOR",NA,0,NA,NA,"x","x",NA
"2B/SS","Ryan Goins",2600,"TOR@BAL 03:05PM ET",2.938,"TOR","BAL",NA,0,NA,NA,"x","x",NA
"3B/SS","Alexi Amarista",2600,"COL@MIL 02:10PM ET",3.277,"COL","MIL",NA,0,NA,NA,"x","x",NA
"C","Tyler Flowers",2600,"ATL@NYM 01:10PM ET",6.458,"ATL","NYM",3.59,4.6,NA,NA,"8","8",3
"SS","Gavin Cecchini",2600,"ATL@NYM 01:10PM ET",5,"NYM","ATL",NA,0,NA,NA,"x","x",NA
"OF","Juan Lagares",2600,"ATL@NYM 01:10PM ET",3.013,"NYM","ATL",NA,0,NA,NA,"x","x",NA
"2B/OF","Kike Hernandez",2600,"SD@LAD 04:10PM ET",3.009,"LAD","SD",NA,NA,NA,NA,NA,NA,NA
"OF","Scott Van Slyke",2600,"SD@LAD 04:10PM ET",2.827,"LAD","SD",NA,0,NA,NA,"x","x",NA
"1B/OF","Clint Robinson",2600,"MIA@WAS 01:05PM ET",2.963,"WAS","MIA",NA,0,NA,NA,"x","x",NA
"3B/SS","Adeiny Hechavarria",2600,"MIA@WAS 01:05PM ET",4.503,"MIA","WAS",3.84,5,NA,NA,"8","8",0
"OF","Chris Heisey",2600,"MIA@WAS 01:05PM ET",3.205,"WAS","MIA",NA,0,NA,NA,"x","x",NA
"C","John Ryan Murphy",2500,"KC@MIN 04:10PM ET",2.808,"MIN","KC",NA,0,NA,NA,"x","x",NA
"C","Omar Narvaez",2500,"DET@CWS 04:10PM ET",5,"CWS","DET",NA,NA,NA,NA,"8","x",NA
"3B/SS","Jose Iglesias",2500,"DET@CWS 04:10PM ET",5.232,"DET","CWS",NA,NA,NA,NA,"9","x",NA
"SS","Max Moroff",2500,"PIT@BOS 02:05PM ET",0,"PIT","BOS",NA,0,NA,NA,"x","x",NA
"2B/3B","Yadiel Rivera",2500,"COL@MIL 02:10PM ET",2.4,"MIL","COL",NA,0,NA,NA,"x","x",NA
"C","Kevin Plawecki",2500,"ATL@NYM 01:10PM ET",3.521,"NYM","ATL",NA,0,NA,NA,"x","x",NA
"2B","Micah Johnson",2500,"ATL@NYM 01:10PM ET",0.714,"ATL","NYM",NA,0,NA,NA,"x","x",NA
"3B/SS","Chase d'Arnaud",2500,"ATL@NYM 01:10PM ET",4.798,"ATL","NYM",NA,0,NA,NA,"x","x",NA
"SS","Matt Reynolds",2500,"ATL@NYM 01:10PM ET",3.298,"NYM","ATL",NA,0,NA,NA,"x","x",NA
"C","AJ Ellis",2500,"MIA@WAS 01:05PM ET",4.047,"MIA","WAS",NA,0,NA,NA,"x","x",NA
"C","Pedro Severino",2500,"MIA@WAS 01:05PM ET",4.2,"WAS","MIA",NA,0,NA,NA,"x","x",NA
"2B/SS","Ehire Adrianza",2400,"KC@MIN 04:10PM ET",2.35,"MIN","KC",NA,0,NA,NA,"x","x",NA
"2B/SS","Raul Mondesi",2400,"KC@MIN 04:10PM ET",4.787,"KC","MIN",5.16,6,NA,NA,"9","9",0
"2B","Yolmer Sanchez",2400,"DET@CWS 04:10PM ET",4.358,"CWS","DET",NA,NA,NA,NA,NA,NA,NA
"C","Chris Stewart",2400,"PIT@BOS 02:05PM ET",4.176,"PIT","BOS",NA,0,NA,NA,"x","x",NA
"2B/SS","Travis Demeritte",2400,"ATL@NYM 01:10PM ET",0,"ATL","NYM",NA,0,NA,NA,"x","x",NA
"3B","Rio Ruiz",2400,"ATL@NYM 01:10PM ET",4.4,"ATL","NYM",NA,0,NA,NA,"x","x",NA
"C","Christian Bethancourt",2400,"SD@LAD 04:10PM ET",4.205,"SD","LAD",NA,0,NA,NA,"x","x",NA
"C","Austin Hedges",2400,"SD@LAD 04:10PM ET",2.375,"SD","LAD",3.43,4.8,NA,NA,"7","6",0
"2B","Luis Urias",2400,"SD@LAD 04:10PM ET",0,"SD","LAD",NA,0,NA,NA,"x","x",NA
"C","Jose Lobaton",2400,"MIA@WAS 01:05PM ET",4.279,"WAS","MIA",NA,0,NA,NA,"x","x",NA
"C","Stuart Turner",2300,"PHI@CIN 04:10PM ET",0,"CIN","PHI",NA,0,NA,NA,"x","x",NA
"C","Rene Rivera",2200,"ATL@NYM 01:10PM ET",4.265,"NYM","ATL",4.15,4.1,NA,NA,"x","8",3
"C","Kurt Suzuki",2200,"ATL@NYM 01:10PM ET",5.547,"ATL","NYM",NA,0,NA,NA,"x","x",NA
"3B","Nick Senzel",2200,"PHI@CIN 04:10PM ET",0,"CIN","PHI",NA,0,NA,NA,"x","x",NA
"3B/SS","Luis Sardinas",2200,"SD@LAD 04:10PM ET",4.682,"SD","LAD",NA,NA,NA,NA,"8","x",NA
"2B/SS","Miguel Rojas",2200,"MIA@WAS 01:05PM ET",2.366,"MIA","WAS",NA,0,NA,NA,"x","x",NA
"C","Drew Butera",2100,"KC@MIN 04:10PM ET",4.321,"KC","MIN",NA,0,NA,NA,"x","x",NA
"3B/SS","Andrew Romine",2100,"DET@CWS 04:10PM ET",2.798,"DET","CWS",NA,0,NA,NA,"x","x",NA
"C","Zack Collins",2000,"DET@CWS 04:10PM ET",0,"CWS","DET",NA,0,NA,NA,"x","x",NA
