Actual,FirstName,FreqInd,GameInfo,ID,LastName,Name,Name...ID,Opponent,Position,Projection,Projection_dfn,Projection_dfn_perturbed,Projection_fc,Projection_reg,Projection_reg_split,RankTargets,RollingTargetPctg,Salary,Team,TierRank,ValueWR
22.8,Antonio,1.0,NYJ@Pit 01:00PM ET,7545535,Brown,Antonio Brown,Antonio Brown (7545535),NYJ,WR,26.78,24.3,24.3,24.17,23.0294488557,22.7766951342,1.0,0.319444444444,9800,PIT,1.0,0.0
4.9,Julio,0.0,Atl@Den 04:05PM ET,7545548,Jones,Julio Jones,Julio Jones (7545548),DEN,WR,18.49,23.9,23.9,18.17,20.805815506,20.2659426274,1.0,0.251798561151,9600,ATL,1.0,0.0
9.0,A.J.,1.0,Cin@Dal 04:25PM ET,7545557,Green,A.J. Green,A.J. Green (7545557),DAL,WR,21.0,20.5,20.5,21.89,19.053975102,18.7816614725,1.0,0.304054054054,8900,CIN,2.0,0.0
16.6,Odell,1.0,NYG@GB 08:30PM ET,7545594,Beckham,Odell Beckham,Odell Beckham Jr. (7545594),GB,WR,19.41,18.8,18.8,18.74,17.5094830943,17.2653723153,1.0,0.26582278481,8500,NYG,2.0,0.0
13.8,Jordy,1.0,NYG@GB 08:30PM ET,7545588,Nelson,Jordy Nelson,Jordy Nelson (7545588),NYG,WR,21.92,19.0,19.0,19.28,18.2370766048,18.0758512302,1.0,0.271844660194,7900,GB,2.0,0.0
12.7,Alshon,1.0,Chi@Ind 01:00PM ET,7545488,Jeffery,Alshon Jeffery,Alshon Jeffery (7545488),IND,WR,15.1,16.4,16.4,16.07,14.8436819903,14.5627447894,2.0,0.183098591549,7800,CHI,4.0,0.0
16.6,DeAndre,0.0,Hou@Min 01:00PM ET,7545523,Hopkins,DeAndre Hopkins,DeAndre Hopkins (7545523),MIN,WR,14.91,18.2,18.2,15.75,16.0387491608,15.6584242162,2.0,0.218309859155,7700,HOU,3.0,0.0
0.0,Dez,0.0,Cin@Dal 04:25PM ET,7545556,Bryant,Dez Bryant,Dez Bryant (7545556),CIN,WR,0.0,0.0,0.0,0.0,0.0,0.0,3.0,0.176470588235,7700,DAL,0.0,0.0
17.9,Aaron,1.0,NYG@GB 08:30PM ET,7545358,Rodgers,Aaron Rodgers,Aaron Rodgers (7545358),NYG,QB,22.81,23.8,23.8,20.74,21.7521374915,21.3777078562,0.0,0.0,7700,GB,1.0,0.0
13.7,Marvin,1.0,Phi@Det 01:00PM ET,7545478,Jones,Marvin Jones,Marvin Jones Jr. (7545478),PHI,WR,18.59,17.8,17.8,15.47,16.628052372,16.4048100222,1.0,0.25,7600,DET,3.0,0.0
32.6,Tom,1.0,NE@Cle 01:00PM ET,7545300,Brady,Tom Brady,Tom Brady (7545300),CLE,QB,21.63,24.2,24.2,23.22,21.7503314735,21.3115932099,0.0,0.0,7500,NE,1.0,0.0
24.4,Le'Veon,0.0,NYJ@Pit 01:00PM ET,7545420,Bell,Le'Veon Bell,Le'Veon Bell (7545420),NYJ,RB,21.79,21.2,21.2,20.11,19.7217363651,19.4428305059,6.0,0.0416666666667,7500,PIT,1.0,0.0
36.1,T.Y.,1.0,Chi@Ind 01:00PM ET,7545487,Hilton,T.Y. Hilton,T.Y. Hilton (7545487),CHI,WR,20.46,19.3,19.3,17.67,18.1005977368,17.8698028788,1.0,0.27485380117,7400,IND,2.0,0.0
25.2,Andrew,1.0,Chi@Ind 01:00PM ET,7545313,Luck,Andrew Luck,Andrew Luck (7545313),CHI,QB,21.08,23.1,23.1,19.51,20.8634772838,20.4607568667,0.0,0.0,7300,IND,1.0,0.0
21.7,DeMarco,1.0,Ten@Mia 01:00PM ET,7545391,Murray,DeMarco Murray,DeMarco Murray (7545391),MIA,RB,19.9,20.0,20.0,16.86,18.4511105156,18.1636254859,3.0,0.142857142857,7200,TEN,1.0,0.0
33.2,Ben,1.0,NYJ@Pit 01:00PM ET,7545330,Roethlisberger,Ben Roethlisberger,Ben Roethlisberger (7545330),NYJ,QB,20.22,21.1,21.1,20.3,19.2839149635,18.9518768823,0.0,0.0,7200,PIT,2.0,0.0
30.8,Amari,0.0,SD@Oak 04:25PM ET,7545585,Cooper,Amari Cooper,Amari Cooper (7545585),SD,WR,16.97,16.5,16.5,15.55,15.3520030551,15.1353309522,1.0,0.254658385093,7200,OAK,4.0,0.0
28.4,Brandon,1.0,NYJ@Pit 01:00PM ET,7545531,Marshall,Brandon Marshall,Brandon Marshall (7545531),PIT,WR,17.85,20.8,20.8,16.78,18.5203481315,18.1157498171,1.0,0.248366013072,7100,NYJ,2.0,0.0
15.0,Matt,1.0,Atl@Den 04:05PM ET,7545336,Ryan,Matt Ryan,Matt Ryan (7545336),DEN,QB,17.0,18.5,18.5,14.46,16.7365163072,16.4183609115,0.0,0.0,7100,ATL,3.0,0.0
6.0,Jarvis,1.0,Ten@Mia 01:00PM ET,7545503,Landry,Jarvis Landry,Jarvis Landry (7545503),TEN,WR,20.47,17.3,17.3,16.82,16.7254844398,16.597657258,1.0,0.345864661654,7000,MIA,3.0,0.0
14.7,Melvin,1.0,SD@Oak 04:25PM ET,7545453,Gordon,Melvin Gordon,Melvin Gordon (7545453),OAK,RB,17.47,13.4,13.4,17.17,13.3344344007,13.2953417907,4.0,0.115646258503,7000,SD,3.0,0.0
9.2,C.J.,1.0,Atl@Den 04:05PM ET,7545426,Anderson,C.J. Anderson,C.J. Anderson (7545426),ATL,RB,17.57,16.7,16.7,16.69,15.63074871,15.426082701,3.0,0.116279069767,6900,DEN,2.0,0.0
15.9,Demaryius,1.0,Atl@Den 04:05PM ET,7545546,Thomas,Demaryius Thomas,Demaryius Thomas (7545546),ATL,WR,15.58,17.8,17.8,15.6,15.9207057514,15.5857635459,2.0,0.263565891473,6900,DEN,3.0,0.0
31.4,Philip,1.0,SD@Oak 04:25PM ET,7545354,Rivers,Philip Rivers,Philip Rivers (7545354),OAK,QB,18.27,17.2,17.2,18.96,16.1396137455,15.9352753021,0.0,0.0,6900,SD,5.0,0.0
13.7,Michael,1.0,SD@Oak 04:25PM ET,7545579,Crabtree,Michael Crabtree,Michael Crabtree (7545579),SD,WR,16.08,16.2,16.2,16.33,14.9362345614,14.7019244135,2.0,0.229813664596,6900,OAK,4.0,0.0
10.5,Jordan,1.0,Phi@Det 01:00PM ET,7545480,Matthews,Jordan Matthews,Jordan Matthews (7545480),DET,WR,15.45,17.4,17.4,15.64,15.6146632402,15.2954161045,1.0,0.270833333333,6800,PHI,3.0,0.0
15.0,Emmanuel,1.0,Atl@Den 04:05PM ET,7545545,Sanders,Emmanuel Sanders,Emmanuel Sanders (7545545),ATL,WR,17.52,17.6,17.6,15.47,16.2388572447,15.9861672953,1.0,0.317829457364,6800,DEN,3.0,0.0
35.1,Ezekiel,1.0,Cin@Dal 04:25PM ET,7545438,Elliott,Ezekiel Elliott,Ezekiel Elliott (7545438),CIN,RB,17.68,18.9,18.9,16.15,17.1718082009,16.8583680081,6.0,0.0514705882353,6800,DAL,1.0,0.0
26.0,Derek,1.0,SD@Oak 04:25PM ET,7545356,Carr,Derek Carr,Derek Carr (7545356),SD,QB,20.28,22.6,22.6,20.08,20.3311123605,19.9243534193,0.0,0.0,6800,OAK,1.0,0.0
8.5,Julian,0.0,NE@Cle 01:00PM ET,7545467,Edelman,Julian Edelman,Julian Edelman (7545467),CLE,WR,18.47,16.3,16.3,15.08,15.5667550424,15.4160069775,1.0,0.248,6700,NE,4.0,0.0
19.8,Matthew,1.0,Phi@Det 01:00PM ET,7545308,Stafford,Matthew Stafford,Matthew Stafford (7545308),PHI,QB,19.04,17.9,17.9,16.92,16.8026750311,16.5910021662,0.0,0.0,6600,DET,4.0,0.0
13.3,Jordan,1.0,Was@Bal 01:00PM ET,7545634,Reed,Jordan Reed,Jordan Reed (7545634),BAL,TE,16.63,14.7,14.7,13.35,14.0323864796,13.8954340395,1.0,0.227272727273,6600,WAS,1.0,0.0
20.8,LeSean,1.0,Buf@LA 04:25PM ET,7545442,McCoy,LeSean McCoy,LeSean McCoy (7545442),LA,RB,16.57,15.2,15.2,15.67,14.3626523684,14.1978242081,3.0,0.162393162393,6600,BUF,3.0,0.0
18.9,Rob,0.0,NE@Cle 01:00PM ET,7545604,Gronkowski,Rob Gronkowski,Rob Gronkowski (7545604),CLE,TE,14.52,15.0,15.0,14.0,13.7431583414,13.5125151865,7.0,0.024,6500,NE,1.0,0.0
18.8,Todd,1.0,Buf@LA 04:25PM ET,7545447,Gurley,Todd Gurley,Todd Gurley (7545447),BUF,RB,13.77,19.5,19.5,16.34,16.6662015765,16.1768839259,5.0,0.0894308943089,6500,LA,1.0,0.0
21.7,Travis,0.0,SD@Oak 04:25PM ET,7545582,Benjamin,Travis Benjamin,Travis Benjamin (7545582),OAK,WR,13.06,13.7,13.7,14.05,12.5047088448,12.2865734707,1.0,0.204081632653,6500,SD,5.0,0.0
17.9,Carson,1.0,Phi@Det 01:00PM ET,7545309,Wentz,Carson Wentz,Carson Wentz (7545309),DET,QB,17.89,19.0,19.0,17.35,17.2900311294,16.9792541208,0.0,0.0,6400,PHI,3.0,0.0
3.4,Lamar,1.0,Hou@Min 01:00PM ET,7545410,Miller,Lamar Miller,Lamar Miller (7545410),MIN,RB,15.01,19.8,19.8,15.71,17.1642196772,16.7055284269,4.0,0.105633802817,6300,HOU,1.0,0.0
0.0,Stefon,1.0,Hou@Min 01:00PM ET,7545526,Diggs,Stefon Diggs,Stefon Diggs (7545526),HOU,WR,0.0,0.0,0.0,0.0,0.0,0.0,1.0,0.265151515152,6300,MIN,0.0,0.0
13.0,Joe,1.0,Was@Bal 01:00PM ET,7545319,Flacco,Joe Flacco,Joe Flacco (7545319),WAS,QB,18.09,17.1,17.1,17.47,16.0284407833,15.8225524434,0.0,0.0,6200,BAL,5.0,0.0
8.0,Matt,1.0,NYJ@Pit 01:00PM ET,7545417,Forte,Matt Forte,Matt Forte (7545417),PIT,RB,14.89,14.8,14.8,15.05,13.6923615974,13.4857086476,5.0,0.104575163399,6200,NYJ,3.0,0.0
22.8,Randall,0.0,NYG@GB 08:30PM ET,7545592,Cobb,Randall Cobb,Randall Cobb (7545592),NYG,WR,13.06,13.2,13.2,12.99,12.1603430234,11.9678567944,2.0,0.203883495146,6200,GB,6.0,0.0
13.3,Kirk,1.0,Was@Bal 01:00PM ET,7545322,Cousins,Kirk Cousins,Kirk Cousins (7545322),BAL,QB,17.69,17.9,17.9,15.61,16.4854265468,16.22365574,0.0,0.0,6100,WAS,4.0,0.0
0.0,DeAngelo,1.0,NYJ@Pit 01:00PM ET,7545416,Williams,DeAngelo Williams,DeAngelo Williams (7545416),NYJ,RB,6.45,5.3,5.3,5.96,5.16602046573,5.13349636153,2.0,0.152777777778,6100,PIT,0.0,0.0
0.0,Eric,0.0,NYJ@Pit 01:00PM ET,7545533,Decker,Eric Decker,Eric Decker (7545533),PIT,WR,0.0,0.0,0.0,0.0,0.0,0.0,3.0,0.137254901961,6000,NYJ,0.0,0.0
0.0,Tony,1.0,Cin@Dal 04:25PM ET,7545341,Romo,Tony Romo,Tony Romo (7545341),CIN,QB,0.0,0.0,0.0,0.0,0.0,0.0,0.0,0.0,6000,DAL,0.0,0.0
11.1,Eli,1.0,NYG@GB 08:30PM ET,7545359,Manning,Eli Manning,Eli Manning (7545359),GB,QB,16.93,16.9,16.9,15.77,15.6180957571,15.3794199547,0.0,0.0,6000,NYG,5.0,0.0
6.5,DeSean,0.0,Was@Bal 01:00PM ET,7545510,Jackson,DeSean Jackson,DeSean Jackson (7545510),BAL,WR,11.87,14.4,14.4,12.7,12.7071723309,12.4089677456,2.0,0.188311688312,5900,WAS,5.0,0.0
22.2,Andy,1.0,Cin@Dal 04:25PM ET,7545343,Dalton,Andy Dalton,Andy Dalton (7545343),DAL,QB,18.07,19.0,19.0,17.55,17.3323309273,17.0282336443,0.0,0.0,5900,CIN,3.0,0.0
9.4,Eddie,0.0,NYG@GB 08:30PM ET,7545460,Lacy,Eddie Lacy,Eddie Lacy (7545460),NYG,RB,11.55,14.7,14.7,12.54,12.8385921831,12.513123043,6.0,0.0485436893204,5900,GB,3.0,0.0
10.3,Terrelle,1.0,NE@Cle 01:00PM ET,7545468,Pryor,Terrelle Pryor,Terrelle Pryor Sr. (7545468),NE,WR,16.15,15.2,15.2,12.74,14.2639528399,14.0835386532,1.0,0.297872340426,5800,CLE,5.0,0.0
1.4,Will,1.0,Hou@Min 01:00PM ET,7545530,Fuller,Will Fuller,Will Fuller (7545530),MIN,WR,14.82,14.0,14.0,12.37,13.1249263617,12.956714373,1.0,0.239436619718,5800,HOU,5.0,0.0
8.9,Frank,1.0,Chi@Ind 01:00PM ET,7545381,Gore,Frank Gore,Frank Gore (7545381),CHI,RB,14.82,13.6,13.6,15.27,12.8494337045,12.7017410319,4.0,0.111111111111,5700,IND,3.0,0.0
0.0,Donte,0.0,Chi@Ind 01:00PM ET,7545494,Moncrief,Donte Moncrief,Donte Moncrief (7545494),CHI,WR,0.0,0.0,0.0,0.0,0.0,0.0,7.0,0.0584795321637,5700,IND,0.0,0.0
5.6,Ryan,1.0,Ten@Mia 01:00PM ET,7545317,Tannehill,Ryan Tannehill,Ryan Tannehill (7545317),TEN,QB,17.45,19.0,19.0,17.14,17.1866316234,16.8595263966,0.0,0.0,5700,MIA,3.0,0.0
9.7,LeGarrette,1.0,NE@Cle 01:00PM ET,7545365,Blount,LeGarrette Blount,LeGarrette Blount (7545365),CLE,RB,14.42,17.0,17.0,15.56,15.0971217395,14.7601710456,7.0,0.024,5600,NE,2.0,0.0
18.5,Dak,1.0,Cin@Dal 04:25PM ET,7545345,Prescott,Dak Prescott,Dak Prescott (7545345),CIN,QB,18.05,15.6,15.6,15.56,14.9859433639,14.8555180757,0.0,0.0,5600,DAL,6.0,0.0
26.8,Brian,1.0,Chi@Ind 01:00PM ET,7545311,Hoyer,Brian Hoyer,Brian Hoyer (7545311),IND,QB,15.76,16.0,16.0,14.95,14.7232885921,14.4873630345,0.0,0.0,5500,CHI,6.0,0.0
3.4,Sterling,1.0,NYG@GB 08:30PM ET,7545598,Shepard,Sterling Shepard,Sterling Shepard (7545598),GB,WR,14.17,11.4,11.4,13.27,11.1814748199,11.1225171544,2.0,0.170886075949,5500,NYG,7.0,0.0
30.5,Marcus,1.0,Ten@Mia 01:00PM ET,7545318,Mariota,Marcus Mariota,Marcus Mariota (7545318),MIA,QB,17.14,17.7,17.7,16.36,16.2184308357,15.9465094143,0.0,0.0,5400,TEN,4.0,0.0
0.0,Jay,1.0,Chi@Ind 01:00PM ET,7545310,Cutler,Jay Cutler,Jay Cutler (7545310),IND,QB,0.0,0.0,0.0,0.0,0.0,0.0,0.0,0.0,5300,CHI,0.0,0.0
5.9,Steve,1.0,Was@Bal 01:00PM ET,7545508,Smith,Steve Smith,Steve Smith Sr. (7545508),WAS,WR,14.2,15.2,15.2,12.97,13.8057050293,13.5529271486,1.0,0.222222222222,5300,BAL,5.0,0.0
10.4,Brock,1.0,Hou@Min 01:00PM ET,7545327,Osweiler,Brock Osweiler,Brock Osweiler (7545327),MIN,QB,13.99,16.7,16.7,13.27,14.7894527294,14.4519344003,13.0,0.0,5300,HOU,5.0,0.0
-0.3,Jimmy,1.0,NE@Cle 01:00PM ET,7545303,Garoppolo,Jimmy Garoppolo,Jimmy Garoppolo (7545303),CLE,QB,0.0,0.0,0.0,0.0,0.0,0.0,11.0,0.008,5200,NE,0.0,0.0
28.3,Jordan,1.0,Chi@Ind 01:00PM ET,7545389,Howard,Jordan Howard,Jordan Howard (7545389),IND,RB,14.45,16.9,16.9,15.02,15.0352985415,14.7045909643,5.0,0.0915492957746,5200,CHI,2.0,0.0
0.0,Trevor,1.0,Atl@Den 04:05PM ET,7545339,Siemian,Trevor Siemian,Trevor Siemian (7545339),ATL,QB,0.0,0.0,0.0,0.0,0.0,0.0,0.0,0.0,5200,DEN,0.0,0.0
13.7,Paxton,1.0,Atl@Den 04:05PM ET,7545340,Lynch,Paxton Lynch,Paxton Lynch (7545340),ATL,QB,14.67,15.9,15.9,14.0,14.3982666516,14.1270214736,0.0,0.0,5200,DEN,6.0,0.0
15.8,Tyrod,1.0,Buf@LA 04:25PM ET,7545348,Taylor,Tyrod Taylor,Tyrod Taylor (7545348),LA,QB,17.17,17.2,17.2,15.4,15.8811149805,15.6359559918,0.0,0.0,5200,BUF,5.0,0.0
13.3,Mike,1.0,Was@Bal 01:00PM ET,7545511,Wallace,Mike Wallace,Mike Wallace (7545511),WAS,WR,10.13,10.6,10.6,12.08,9.68109404145,9.51325227808,2.0,0.179012345679,5100,BAL,7.0,0.0
18.6,Sam,1.0,Hou@Min 01:00PM ET,7545325,Bradford,Sam Bradford,Sam Bradford (7545325),HOU,QB,15.62,12.3,12.3,14.15,12.1420816706,12.0907644445,11.0,0.0,5100,MIN,0.0,0.0
15.1,Ryan,1.0,NYJ@Pit 01:00PM ET,7545329,Fitzpatrick,Ryan Fitzpatrick,Ryan Fitzpatrick (7545329),PIT,QB,16.62,21.0,21.0,16.01,18.3690458411,17.9085430771,0.0,0.0,5100,NYJ,2.0,0.0
0.0,Josh,1.0,NE@Cle 01:00PM ET,7545301,McCown,Josh McCown,Josh McCown (7545301),NE,QB,0.0,0.0,0.0,0.0,0.0,0.0,0.0,0.0,5000,CLE,0.0,0.0
10.4,Charlie,0.0,NE@Cle 01:00PM ET,7545302,Whitehurst,Charlie Whitehurst,Charlie Whitehurst (7545302),NE,QB,0.0,0.0,0.0,0.0,0.0,0.0,0.0,0.0,5000,CLE,0.0,0.0
6.5,Cody,1.0,NE@Cle 01:00PM ET,7545304,Kessler,Cody Kessler,Cody Kessler (7545304),NE,QB,11.63,14.5,14.5,11.61,12.7196457647,12.4074050495,0.0,0.0,5000,CLE,0.0,0.0
0.0,Jacoby,1.0,NE@Cle 01:00PM ET,7545305,Brissett,Jacoby Brissett,Jacoby Brissett (7545305),CLE,QB,0.0,0.0,0.0,0.0,0.0,0.0,0.0,0.0,5000,NE,0.0,0.0
0.0,Dan,1.0,Phi@Det 01:00PM ET,7545306,Orlovsky,Dan Orlovsky,Dan Orlovsky (7545306),PHI,QB,0.0,0.0,0.0,0.0,0.0,0.0,0.0,0.0,5000,DET,0.0,0.0
0.0,Chase,1.0,Phi@Det 01:00PM ET,7545307,Daniel,Chase Daniel,Chase Daniel (7545307),DET,QB,0.0,0.0,0.0,0.0,0.0,0.0,0.0,0.0,5000,PHI,0.0,0.0
0.0,Scott,1.0,Chi@Ind 01:00PM ET,7545312,Tolzien,Scott Tolzien,Scott Tolzien (7545312),CHI,QB,0.0,0.0,0.0,0.0,0.0,0.0,0.0,0.0,5000,IND,0.0,0.0
0.0,Matt,1.0,Chi@Ind 01:00PM ET,7545314,Barkley,Matt Barkley,Matt Barkley (7545314),IND,QB,0.0,0.0,0.0,0.0,0.0,0.0,0.0,0.0,5000,CHI,0.0,0.0
0.0,Matt,1.0,Ten@Mia 01:00PM ET,7545315,Cassel,Matt Cassel,Matt Cassel (7545315),MIA,QB,0.0,0.0,0.0,0.0,0.0,0.0,0.0,0.0,5000,TEN,0.0,0.0
0.0,Matt,1.0,Ten@Mia 01:00PM ET,7545316,Moore,Matt Moore,Matt Moore (7545316),TEN,QB,0.0,0.0,0.0,0.0,0.0,0.0,0.0,0.0,5000,MIA,0.0,0.0
9.0,DeVante,1.0,Ten@Mia 01:00PM ET,7545504,Parker,DeVante Parker,DeVante Parker (7545504),TEN,WR,12.35,12.9,12.9,12.65,11.7868743277,11.5834297792,2.0,0.165413533835,5000,MIA,6.0,1.0
0.0,Colt,1.0,Was@Bal 01:00PM ET,7545320,McCoy,Colt McCoy,Colt McCoy (7545320),BAL,QB,0.0,0.0,0.0,0.0,0.0,0.0,0.0,0.0,5000,WAS,0.0,0.0
0.0,Ryan,1.0,Was@Bal 01:00PM ET,7545321,Mallett,Ryan Mallett,Ryan Mallett (7545321),WAS,QB,0.0,0.0,0.0,0.0,0.0,0.0,0.0,0.0,5000,BAL,0.0,0.0
0.0,Nate,1.0,Was@Bal 01:00PM ET,7545323,Sudfeld,Nate Sudfeld,Nate Sudfeld (7545323),BAL,QB,0.0,0.0,0.0,0.0,0.0,0.0,0.0,0.0,5000,WAS,0.0,0.0
0.0,Shaun,1.0,Hou@Min 01:00PM ET,7545324,Hill,Shaun Hill,Shaun Hill (7545324),HOU,QB,0.0,0.0,0.0,0.0,0.0,0.0,0.0,0.0,5000,MIN,0.0,0.0
0.0,Brandon,1.0,Hou@Min 01:00PM ET,7545326,Weeden,Brandon Weeden,Brandon Weeden (7545326),MIN,QB,0.0,0.0,0.0,0.0,0.0,0.0,0.0,0.0,5000,HOU,0.0,0.0
0.0,Tom,1.0,Hou@Min 01:00PM ET,7545328,Savage,Tom Savage,Tom Savage (7545328),MIN,QB,0.0,0.0,0.0,0.0,0.0,0.0,0.0,0.0,5000,HOU,0.0,0.0
-0.2,Landry,1.0,NYJ@Pit 01:00PM ET,7545331,Jones,Landry Jones,Landry Jones (7545331),NYJ,QB,0.0,0.0,0.0,0.0,0.0,0.0,0.0,0.0,5000,PIT,0.0,0.0
0.0,Zach,0.0,NYJ@Pit 01:00PM ET,7545332,Mettenberger,Zach Mettenberger,Zach Mettenberger (7545332),NYJ,QB,0.0,0.0,0.0,0.0,0.0,0.0,0.0,0.0,5000,PIT,0.0,0.0
0.0,Bryce,1.0,NYJ@Pit 01:00PM ET,7545333,Petty,Bryce Petty,Bryce Petty (7545333),PIT,QB,0.0,0.0,0.0,0.0,0.0,0.0,0.0,0.0,5000,NYJ,0.0,0.0
0.0,Geno,1.0,NYJ@Pit 01:00PM ET,7545334,Smith,Geno Smith,Geno Smith (7545334),PIT,QB,0.0,0.0,0.0,0.0,0.0,0.0,0.0,0.0,5000,NYJ,0.0,0.0
0.0,Christian,1.0,NYJ@Pit 01:00PM ET,7545335,Hackenberg,Christian Hackenberg,Christian Hackenberg (7545335),PIT,QB,0.0,0.0,0.0,0.0,0.0,0.0,0.0,0.0,5000,NYJ,0.0,0.0
0.0,Matt,1.0,Atl@Den 04:05PM ET,7545337,Schaub,Matt Schaub,Matt Schaub (7545337),DEN,QB,0.0,0.0,0.0,0.0,0.0,0.0,0.0,0.0,5000,ATL,0.0,0.0
0.0,Austin,1.0,Atl@Den 04:05PM ET,7545338,Davis,Austin Davis,Austin Davis (7545338),ATL,QB,0.0,0.0,0.0,0.0,0.0,0.0,0.0,0.0,5000,DEN,0.0,0.0
21.3,Devonta,1.0,Atl@Den 04:05PM ET,7545425,Freeman,Devonta Freeman,Devonta Freeman (7545425),DEN,RB,11.88,12.6,12.6,13.39,11.4698053625,11.2643087953,5.0,0.0791366906475,5000,ATL,3.0,0.0
0.0,Mark,1.0,Cin@Dal 04:25PM ET,7545342,Sanchez,Mark Sanchez,Mark Sanchez (7545342),CIN,QB,0.0,1.5,1.5,0.0,1.03309746436,0.956150029089,0.0,0.0,5000,DAL,0.0,0.0
0.0,AJ,1.0,Cin@Dal 04:25PM ET,7545344,McCarron,AJ McCarron,AJ McCarron (7545344),DAL,QB,0.0,0.0,0.0,0.0,0.0,0.0,0.0,0.0,5000,CIN,0.0,0.0
0.0,Jeff,1.0,Cin@Dal 04:25PM ET,7545346,Driskel,Jeff Driskel,Jeff Driskel (7545346),DAL,QB,0.0,0.0,0.0,0.0,0.0,0.0,0.0,0.0,5000,CIN,0.0,0.0
8.8,Case,1.0,Buf@LA 04:25PM ET,7545347,Keenum,Case Keenum,Case Keenum (7545347),BUF,QB,12.13,12.8,12.8,10.83,11.6663014104,11.4598225819,0.0,0.0,5000,LA,0.0,0.0
0.0,EJ,1.0,Buf@LA 04:25PM ET,7545349,Manuel,EJ Manuel,EJ Manuel (7545349),LA,QB,0.0,0.0,0.0,0.0,0.0,0.0,0.0,0.0,5000,BUF,0.0,0.0
0.0,Sean,1.0,Buf@LA 04:25PM ET,7545350,Mannion,Sean Mannion,Sean Mannion (7545350),BUF,QB,0.0,0.0,0.0,0.0,0.0,0.0,0.0,0.0,5000,LA,0.0,0.0
0.0,Cardale,1.0,Buf@LA 04:25PM ET,7545351,Jones,Cardale Jones,Cardale Jones (7545351),LA,QB,0.0,0.0,0.0,0.0,0.0,0.0,0.0,0.0,5000,BUF,0.0,0.0
0.0,Jared,1.0,Buf@LA 04:25PM ET,7545352,Goff,Jared Goff,Jared Goff (7545352),BUF,QB,0.0,0.0,0.0,0.0,0.0,0.0,0.0,0.0,5000,LA,0.0,0.0
0.0,Kellen,1.0,SD@Oak 04:25PM ET,7545353,Clemens,Kellen Clemens,Kellen Clemens (7545353),OAK,QB,0.0,0.0,0.0,0.0,0.0,0.0,0.0,0.0,5000,SD,0.0,0.0
0.0,Matt,1.0,SD@Oak 04:25PM ET,7545355,McGloin,Matt McGloin,Matt McGloin (7545355),SD,QB,0.0,0.0,0.0,0.0,0.0,0.0,0.0,0.0,5000,OAK,0.0,0.0
0.0,Connor,1.0,SD@Oak 04:25PM ET,7545357,Cook,Connor Cook,Connor Cook (7545357),SD,QB,0.0,0.0,0.0,0.0,0.0,0.0,0.0,0.0,5000,OAK,0.0,0.0
0.0,Josh,1.0,NYG@GB 08:30PM ET,7545360,Johnson,Josh Johnson,Josh Johnson (7545360),GB,QB,0.0,0.0,0.0,0.0,0.0,0.0,0.0,0.0,5000,NYG,0.0,0.0
0.0,Ryan,1.0,NYG@GB 08:30PM ET,7545361,Nassib,Ryan Nassib,Ryan Nassib (7545361),GB,QB,0.0,0.0,0.0,0.0,0.0,0.0,0.0,0.0,5000,NYG,0.0,0.0
0.0,Brett,1.0,NYG@GB 08:30PM ET,7545362,Hundley,Brett Hundley,Brett Hundley (7545362),NYG,QB,0.0,0.0,0.0,0.0,0.0,0.0,0.0,0.0,5000,GB,0.0,0.0
0.0,Joe,1.0,NYG@GB 08:30PM ET,7545363,Callahan,Joe Callahan,Joe Callahan (7545363),NYG,QB,0.0,0.0,0.0,0.0,0.0,0.0,0.0,0.0,5000,GB,0.0,0.0
26.2,Theo,1.0,Phi@Det 01:00PM ET,7545376,Riddick,Theo Riddick,Theo Riddick (7545376),PHI,RB,12.69,14.4,14.4,12.79,12.8998714103,12.632096686,3.0,0.16875,4900,DET,3.0,0.0
7.5,Golden,0.0,Phi@Det 01:00PM ET,7545477,Tate,Golden Tate,Golden Tate (7545477),PHI,WR,9.39,12.8,12.8,10.22,11.0224044867,10.7142453908,2.0,0.175,4900,DET,6.0,0.0
5.0,Isaiah,1.0,NE@Cle 01:00PM ET,7545369,Crowell,Isaiah Crowell,Isaiah Crowell (7545369),NE,RB,13.14,9.8,9.8,11.25,9.83745534769,9.82235207221,6.0,0.063829787234,4800,CLE,4.0,0.0
4.6,Phillip,1.0,Chi@Ind 01:00PM ET,7545493,Dorsett,Phillip Dorsett,Phillip Dorsett (7545493),CHI,WR,9.29,14.7,14.7,12.27,12.3074947205,11.8981579146,6.0,0.0994152046784,4800,IND,5.0,0.0
10.9,Terrance,0.0,Was@Bal 01:00PM ET,7545402,West,Terrance West,Terrance West (7545402),WAS,RB,12.51,12.2,12.2,12.24,11.342361998,11.1807637865,8.0,0.0432098765432,4800,BAL,4.0,0.0
6.3,Mohamed,0.0,Atl@Den 04:05PM ET,7545549,Sanu,Mohamed Sanu,Mohamed Sanu (7545549),DEN,WR,9.08,9.9,9.9,8.43,8.95223307029,8.78133504409,2.0,0.151079136691,4800,ATL,8.0,1.0
0.0,Arian,0.0,Ten@Mia 01:00PM ET,7545390,Foster,Arian Foster,Arian Foster (7545390),TEN,RB,0.0,0.0,0.0,0.0,0.0,0.0,8.0,0.0375939849624,4700,MIA,0.0,0.0
17.6,Delanie,1.0,Ten@Mia 01:00PM ET,7545624,Walker,Delanie Walker,Delanie Walker (7545624),MIA,TE,13.93,11.6,11.6,11.81,11.262821418,11.1846977936,4.0,0.135714285714,4700,TEN,3.0,0.0
25.7,Tyrell,1.0,SD@Oak 04:25PM ET,7545584,Williams,Tyrell Williams,Tyrell Williams (7545584),OAK,WR,12.31,11.2,11.2,11.4,10.6066305796,10.488908741,2.0,0.183673469388,4700,SD,7.0,0.0
0.0,Corey,0.0,NE@Cle 01:00PM ET,7545473,Coleman,Corey Coleman,Corey Coleman (7545473),NE,WR,0.0,0.0,0.0,0.0,0.0,0.0,5.0,0.0851063829787,4600,CLE,0.0,1.0
17.5,Ryan,0.0,Phi@Det 01:00PM ET,7545374,Mathews,Ryan Mathews,Ryan Mathews (7545374),DET,RB,11.49,10.9,10.9,9.35,10.2073120074,10.0745497948,8.0,0.0104166666667,4600,PHI,4.0,0.0
12.5,Jamison,1.0,Was@Bal 01:00PM ET,7545517,Crowder,Jamison Crowder,Jamison Crowder (7545517),BAL,WR,10.8,9.9,9.9,9.93,9.35643113918,9.24936160198,3.0,0.175324675325,4600,WAS,8.0,0.0
9.1,Quincy,1.0,NYJ@Pit 01:00PM ET,7545537,Enunwa,Quincy Enunwa,Quincy Enunwa (7545537),PIT,WR,14.36,12.7,12.7,12.92,12.1214757424,12.0028811211,2.0,0.21568627451,4600,NYJ,6.0,0.0
6.6,Matt,1.0,Was@Bal 01:00PM ET,7545406,Jones,Matt Jones,Matt Jones (7545406),BAL,RB,11.85,9.5,9.5,10.8,9.32768730315,9.28010214797,6.0,0.0454545454545,4500,WAS,5.0,0.0
0.0,Rashad,0.0,NYG@GB 08:30PM ET,7545457,Jennings,Rashad Jennings,Rashad Jennings (7545457),GB,RB,0.0,11.4,11.4,0.0,7.85154072911,7.26674022108,8.0,0.0253164556962,4500,NYG,4.0,0.0
0.0,Victor,0.0,NYG@GB 08:30PM ET,7545589,Cruz,Victor Cruz,Victor Cruz (7545589),GB,WR,9.78,8.3,8.3,10.26,8.01476165573,7.95191760445,3.0,0.158227848101,4500,NYG,9.0,0.0
3.7,Tajae,0.0,Ten@Mia 01:00PM ET,7545507,Sharpe,Tajae Sharpe,Tajae Sharpe (7545507),MIA,WR,10.75,10.4,10.4,10.67,9.68904701677,9.55447285515,1.0,0.25,4400,TEN,7.0,0.0
15.6,Giovani,0.0,Cin@Dal 04:25PM ET,7545433,Bernard,Giovani Bernard,Giovani Bernard (7545433),DAL,RB,11.1,11.6,11.6,11.59,10.5977745953,10.4146308408,2.0,0.182432432432,4400,CIN,4.0,0.0
7.3,Jason,1.0,Cin@Dal 04:25PM ET,7545660,Witten,Jason Witten,Jason Witten (7545660),CIN,TE,10.25,11.2,11.2,9.33,10.1225328925,9.92836530539,2.0,0.220588235294,4400,DAL,3.0,0.0
10.8,Darren,0.0,Phi@Det 01:00PM ET,7545373,Sproles,Darren Sproles,Darren Sproles (7545373),DET,RB,9.76,10.0,10.0,8.64,9.18090547112,9.03011213481,3.0,0.135416666667,4300,PHI,4.0,0.0
0.0,Jeremy,0.0,Chi@Ind 01:00PM ET,7545385,Langford,Jeremy Langford,Jeremy Langford (7545385),IND,RB,0.0,0.0,0.0,0.0,0.0,0.0,6.0,0.0704225352113,4300,CHI,0.0,0.0
15.3,Cole,1.0,Cin@Dal 04:25PM ET,7545560,Beasley,Cole Beasley,Cole Beasley (7545560),CIN,WR,12.1,10.5,10.5,11.96,10.0751686654,9.98556261667,1.0,0.227941176471,4300,DAL,7.0,0.0
11.3,Eddie,1.0,Chi@Ind 01:00PM ET,7545485,Royal,Eddie Royal,Eddie Royal (7545485),IND,WR,11.82,12.5,12.5,10.72,11.3868322655,11.1842389522,3.0,0.154929577465,4200,CHI,6.0,1.0
1.2,Jeremy,0.0,Cin@Dal 04:25PM ET,7545436,Hill,Jeremy Hill,Jeremy Hill (7545436),DAL,RB,11.56,11.4,11.4,11.68,10.5681277503,10.4123140636,6.0,0.0405405405405,4200,CIN,4.0,0.0
0.0,Tyler,0.0,Cin@Dal 04:25PM ET,7545664,Eifert,Tyler Eifert,Tyler Eifert (7545664),DAL,TE,0.0,0.0,0.0,0.0,0.0,0.0,10.0,0.0,4200,CIN,0.0,0.0
0.0,Latavius,1.0,SD@Oak 04:25PM ET,7545450,Murray,Latavius Murray,Latavius Murray (7545450),SD,RB,0.0,0.0,0.0,0.0,0.0,0.0,5.0,0.0745341614907,4200,OAK,0.0,0.0
4.2,Duke,1.0,NE@Cle 01:00PM ET,7545372,Johnson,Duke Johnson,Duke Johnson Jr. (7545372),NE,RB,10.69,10.3,10.3,9.69,9.60607391985,9.47440301204,2.0,0.191489361702,4100,CLE,4.0,0.0
18.6,Chris,0.0,NE@Cle 01:00PM ET,7545469,Hogan,Chris Hogan,Chris Hogan (7545469),CLE,WR,9.51,7.5,7.5,8.59,7.40032664455,7.36850163702,4.0,0.128,4100,NE,0.0,0.0
12.9,Dennis,1.0,Was@Bal 01:00PM ET,7545632,Pitta,Dennis Pitta,Dennis Pitta (7545632),WAS,TE,12.5,11.3,11.3,11.58,10.7201535306,10.6043526844,2.0,0.179012345679,4100,BAL,3.0,0.0
29.3,Tevin,1.0,Atl@Den 04:05PM ET,7545428,Coleman,Tevin Coleman,Tevin Coleman (7545428),DEN,RB,9.23,10.1,10.1,7.72,9.12522923046,8.94963798422,4.0,0.107913669065,4100,ATL,4.0,0.0
1.3,Dontrelle,0.0,SD@Oak 04:25PM ET,7545580,Inman,Dontrelle Inman,Dontrelle Inman (7545580),OAK,WR,10.7,9.3,9.3,10.14,8.91969226572,8.83969074396,3.0,0.163265306122,4100,SD,9.0,1.0
8.8,Anquan,1.0,Phi@Det 01:00PM ET,7545475,Boldin,Anquan Boldin,Anquan Boldin (7545475),PHI,WR,11.9,10.8,8.83660993251,9.92,10.2347883828,10.1223709297,4.0,0.15625,4000,DET,7.0,0.0
5.6,Jerick,0.0,Hou@Min 01:00PM ET,7545414,McKinnon,Jerick McKinnon,Jerick McKinnon (7545414),HOU,RB,13.18,12.6,11.041570381,13.06,11.7753039029,11.6180497984,5.0,0.0757575757576,4000,MIN,3.0,0.0
11.1,Bilal,0.0,NYJ@Pit 01:00PM ET,7545418,Powell,Bilal Powell,Bilal Powell (7545418),PIT,RB,9.16,8.7,8.7,6.77,8.14455500899,8.03818369793,3.0,0.137254901961,4000,NYJ,5.0,0.0
12.0,Antonio,0.0,SD@Oak 04:25PM ET,7545675,Gates,Antonio Gates,Antonio Gates (7545675),OAK,TE,9.42,12.5,11.3266131471,3.81,10.8228349601,10.5311786389,6.0,0.0612244897959,4000,SD,2.0,0.0
12.9,James,0.0,NE@Cle 01:00PM ET,7545368,White,James White,James White (7545368),CLE,RB,7.74,11.7,10.6987077097,9.05,9.87705153199,9.56408973739,3.0,0.152,3900,NE,4.0,0.0
3.1,Danny,0.0,NE@Cle 01:00PM ET,7545465,Amendola,Danny Amendola,Danny Amendola (7545465),CLE,WR,8.18,6.5,4.10658817775,5.73,6.39904649488,6.36916402733,5.0,0.104,3900,NE,0.0,1.0
16.6,Pierre,0.0,Was@Bal 01:00PM ET,7545512,Garcon,Pierre Garcon,Pierre Garcon (7545512),BAL,WR,10.1,10.8,8.3968525939,9.31,9.81179040371,9.63257569471,4.0,0.162337662338,3900,WAS,7.0,0.0
3.9,Markus,0.0,NYJ@Pit 01:00PM ET,7545536,Wheaton,Markus Wheaton,Markus Wheaton (7545536),NYJ,WR,6.56,7.8,10.6278153322,8.29,6.91369944949,6.75701167437,6.0,0.0416666666667,3900,PIT,0.0,0.0
4.6,Robert,0.0,Buf@LA 04:25PM ET,7545574,Woods,Robert Woods,Robert Woods (7545574),LA,WR,12.28,10.5,10.5,10.28,10.1174684633,10.0345421402,1.0,0.222222222222,3900,BUF,7.0,0.0
19.5,Davante,0.0,NYG@GB 08:30PM ET,7545596,Adams,Davante Adams,Davante Adams (7545596),NYG,WR,10.6,8.9,5.24523670189,8.43,8.62069972083,8.55750655648,3.0,0.174757281553,3900,GB,9.0,0.0
0.0,Dwayne,0.0,Phi@Det 01:00PM ET,7545379,Washington,Dwayne Washington,Dwayne Washington (7545379),PHI,RB,0.0,0.0,0.0,0.0,0.0,0.0,9.0,0.0125,3800,DET,0.0,0.0
0.0,Kevin,0.0,Chi@Ind 01:00PM ET,7545496,White,Kevin White,Kevin White (7545496),IND,WR,0.0,0.0,0.0,0.0,0.0,0.0,1.0,0.260563380282,3800,CHI,0.0,0.0
12.0,Terrance,0.0,Cin@Dal 04:25PM ET,7545559,Williams,Terrance Williams,Terrance Williams (7545559),CIN,WR,8.62,7.8,6.72229540896,7.27,7.39779713665,7.31755510998,4.0,0.117647058824,3800,DAL,0.0,0.0
30.7,Martellus,1.0,NE@Cle 01:00PM ET,7545603,Bennett,Martellus Bennett,Martellus Bennett (7545603),CLE,TE,8.47,10.6,7.57913480751,9.8,9.2909959052,9.06155222803,2.0,0.192,3700,NE,3.0,0.0
12.5,Kenny,1.0,Buf@LA 04:25PM ET,7545568,Britt,Kenny Britt,Kenny Britt (7545568),BUF,WR,10.51,8.1,8.79768679435,9.03,8.04856450755,8.02307011255,2.0,0.227642276423,3700,LA,0.0,0.0
15.5,Tavon,0.0,Buf@LA 04:25PM ET,7545571,Austin,Tavon Austin,Tavon Austin (7545571),BUF,WR,10.24,12.5,10.3835718302,9.98,11.0155340395,10.7543075793,1.0,0.276422764228,3700,LA,6.0,1.0
1.1,Orleans,0.0,NYG@GB 08:30PM ET,7545461,Darkwa,Orleans Darkwa,Orleans Darkwa (7545461),GB,RB,7.01,6.3,9.00682838633,5.35,5.98635147991,5.92331045403,8.0,0.0253164556962,3700,NYG,0.0,0.0
14.3,Zach,1.0,Chi@Ind 01:00PM ET,7545616,Miller,Zach Miller,Zach Miller (7545616),IND,TE,11.45,8.3,8.3,10.77,8.40720978076,8.40633873915,4.0,0.147887323944,3600,CHI,5.0,0.0
0.0,Kenny,0.0,Ten@Mia 01:00PM ET,7545501,Stills,Kenny Stills,Kenny Stills (7545501),TEN,WR,9.0,8.8,8.53170023423,10.13,8.17582835292,8.05838967898,3.0,0.157894736842,3600,MIA,9.0,0.0
1.5,Kenneth,0.0,Was@Bal 01:00PM ET,7545405,Dixon,Kenneth Dixon,Kenneth Dixon (7545405),WAS,RB,7.3,8.0,8.0,7.49,7.22534494725,7.08585860819,11.0,0.0,3600,BAL,5.0,0.0
3.5,Kyle,1.0,Hou@Min 01:00PM ET,7545641,Rudolph,Kyle Rudolph,Kyle Rudolph (7545641),HOU,TE,13.17,9.5,10.2975236066,12.0,9.63788582113,9.63928532031,1.0,0.265151515152,3600,MIN,4.0,0.0
34.9,Sammie,1.0,NYJ@Pit 01:00PM ET,7545538,Coates,Sammie Coates,Sammie Coates (7545538),NYJ,WR,9.43,8.9,5.35339944288,9.39,8.34575103443,8.23913965373,3.0,0.131944444444,3600,PIT,9.0,0.0
3.3,Alfred,0.0,Cin@Dal 04:25PM ET,7545430,Morris,Alfred Morris,Alfred Morris (7545430),CIN,RB,3.87,3.8,6.19296989449,4.4,3.52662589804,3.47530649561,9.0,0.0147058823529,3600,DAL,0.0,0.0
5.2,Nelson,0.0,Phi@Det 01:00PM ET,7545484,Agholor,Nelson Agholor,Nelson Agholor (7545484),DET,WR,8.77,8.2,8.2,7.6,7.7085396254,7.61334472065,2.0,0.166666666667,3500,PHI,0.0,0.0
6.7,Zach,0.0,Phi@Det 01:00PM ET,7545610,Ertz,Zach Ertz,Zach Ertz (7545610),DET,TE,13.34,11.5,11.5,10.15,11.0552989161,10.9604104646,6.0,0.0833333333333,3500,PHI,3.0,0.0
10.2,Jay,0.0,Ten@Mia 01:00PM ET,7545395,Ajayi,Jay Ajayi,Jay Ajayi (7545395),TEN,RB,8.37,9.5,4.90867976073,5.8,8.50989121028,8.33316469364,7.0,0.0451127819549,3500,MIA,5.0,0.0
0.0,Justin,0.0,Was@Bal 01:00PM ET,7545399,Forsett,Justin Forsett,Justin Forsett (7545399),WAS,RB,0.0,0.0,0.0,0.0,0.0,0.0,12.0,0.0,3500,BAL,0.0,0.0
19.1,Matt,0.0,Hou@Min 01:00PM ET,7545407,Asiata,Matt Asiata,Matt Asiata (7545407),HOU,RB,6.51,7.9,6.96748009963,7.73,6.97082266992,6.80714958645,8.0,0.030303030303,3500,MIN,5.0,0.0
4.0,Brice,0.0,Cin@Dal 04:25PM ET,7545558,Butler,Brice Butler,Brice Butler (7545558),CIN,WR,6.71,12.8,11.5464562135,4.73,10.3926074956,9.98499470758,5.0,0.0955882352941,3500,DAL,6.0,0.0
0.0,Wendell,0.0,Phi@Det 01:00PM ET,7545380,Smallwood,Wendell Smallwood,Wendell Smallwood (7545380),DET,RB,4.17,4.2,4.2,5.66,3.87261821838,3.81191237586,8.0,0.0104166666667,3400,PHI,0.0,0.0
0.0,Eric,1.0,Phi@Det 01:00PM ET,7545613,Ebron,Eric Ebron,Eric Ebron (7545613),PHI,TE,0.0,0.0,0.0,0.0,0.0,0.0,4.0,0.15625,3400,DET,0.0,0.0
5.4,Derrick,0.0,Ten@Mia 01:00PM ET,7545398,Henry,Derrick Henry,Derrick Henry (7545398),MIA,RB,4.53,7.0,10.0213764662,5.97,5.88566641433,5.6946848105,10.0,0.0214285714286,3400,TEN,0.0,0.0
0.1,Dexter,0.0,SD@Oak 04:25PM ET,7545448,McCluster,Dexter McCluster,Dexter McCluster (7545448),OAK,RB,3.9,3.7,3.7,6.06,3.46480270007,3.41972641425,9.0,0.0408163265306,3400,SD,0.0,0.0
10.2,DeAndre,0.0,SD@Oak 04:25PM ET,7545452,Washington,DeAndre Washington,DeAndre Washington (7545452),SD,RB,11.02,13.4,14.3101548612,9.41,11.8186916423,11.5402421986,7.0,0.0372670807453,3400,OAK,3.0,0.0
4.2,Seth,0.0,SD@Oak 04:25PM ET,7545586,Roberts,Seth Roberts,Seth Roberts (7545586),SD,WR,7.46,7.0,4.93621534824,7.46,6.57421312471,6.49196260969,4.0,0.11801242236,3400,OAK,0.0,0.0
8.2,James,0.0,NYG@GB 08:30PM ET,7545458,Starks,James Starks,James Starks (7545458),NYG,RB,6.1,6.4,9.11225350293,6.24,5.84137566589,5.73943508716,7.0,0.0388349514563,3400,GB,0.0,0.0
13.2,Rishard,0.0,Ten@Mia 01:00PM ET,7545502,Matthews,Rishard Matthews,Rishard Matthews (7545502),MIA,WR,7.97,6.3,7.10357664241,8.3,6.21195040208,6.18453457936,5.0,0.128571428571,3300,TEN,0.0,0.0
8.5,Chris,1.0,Was@Bal 01:00PM ET,7545401,Thompson,Chris Thompson,Chris Thompson (7545401),BAL,RB,8.21,7.2,5.38749935955,7.35,6.88820861123,6.82353062815,5.0,0.0779220779221,3300,WAS,5.0,0.0
0.0,Eli,0.0,NYJ@Pit 01:00PM ET,7545540,Rogers,Eli Rogers,Eli Rogers (7545540),NYJ,WR,0.0,0.0,10.1628188046,0.0,0.0,0.0,5.0,0.0972222222222,3300,PIT,0.0,0.0
15.7,Jalen,0.0,SD@Oak 04:25PM ET,7545456,Richard,Jalen Richard,Jalen Richard (7545456),SD,RB,8.19,10.3,13.9007867911,7.35,9.01857672669,8.79413185232,6.0,0.0496894409938,3300,OAK,4.0,0.0
16.4,Hunter,1.0,SD@Oak 04:25PM ET,7545681,Henry,Hunter Henry,Hunter Henry (7545681),OAK,TE,9.58,3.5,8.47891666578,10.14,4.66184999434,4.83781581859,5.0,0.0952380952381,3300,SD,0.0,0.0
13.4,Bobby,0.0,NYG@GB 08:30PM ET,7545459,Rainey,Bobby Rainey,Bobby Rainey (7545459),GB,RB,9.85,7.1,7.60749752384,3.17,7.20473360565,7.20604517365,6.0,0.0759493670886,3300,NYG,5.0,0.0
3.2,Paul,0.0,NYG@GB 08:30PM ET,7545463,Perkins,Paul Perkins,Paul Perkins (7545463),GB,RB,0.0,1.6,1.6,0.0,1.10197062865,1.01989336436,10.0,0.0189873417722,3300,NYG,0.0,0.0
12.6,Gary,1.0,NE@Cle 01:00PM ET,7545601,Barnidge,Gary Barnidge,Gary Barnidge (7545601),NE,TE,10.85,9.4,9.75351178028,10.8,9.0238152616,8.94425034881,3.0,0.156028368794,3200,CLE,4.0,0.0
7.3,Dorial,0.0,Phi@Det 01:00PM ET,7545482,Green-Beckham,Dorial Green-Beckham,Dorial Green-Beckham (7545482),DET,WR,7.94,5.7,5.7,7.32,5.79166145002,5.79391131381,5.0,0.114583333333,3200,PHI,0.0,0.0
0.0,Joique,0.0,Chi@Ind 01:00PM ET,7545384,Bell,Joique Bell,Joique Bell (7545384),IND,RB,3.74,1.8,1.8,0.0,2.11861275819,2.16506568985,0.0,0.0,3200,CHI,0.0,0.0
4.0,Kenyan,0.0,Ten@Mia 01:00PM ET,7545397,Drake,Kenyan Drake,Kenyan Drake (7545397),TEN,RB,5.38,3.3,4.22935454819,5.39,3.53710838125,3.56747359971,9.0,0.0300751879699,3200,MIA,0.0,0.0
9.3,Andre,0.0,Ten@Mia 01:00PM ET,7545497,Johnson,Andre Johnson,Andre Johnson (7545497),MIA,WR,8.8,7.0,6.75810567129,4.69,6.88911162024,6.8565879513,2.0,0.157142857143,3200,TEN,0.0,0.0
26.8,Brandon,0.0,Cin@Dal 04:25PM ET,7545555,LaFell,Brandon LaFell,Brandon LaFell (7545555),DAL,WR,9.21,8.3,6.96833355779,8.22,7.88081229569,7.79681578004,3.0,0.155405405405,3200,CIN,9.0,0.0
0.0,Benny,0.0,Buf@LA 04:25PM ET,7545443,Cunningham,Benny Cunningham,Benny Cunningham (7545443),BUF,RB,4.29,4.5,2.70197484165,0.0,4.10743757652,4.03579539735,7.0,0.0325203252033,3200,LA,0.0,0.0
8.1,Brian,0.0,Buf@LA 04:25PM ET,7545569,Quick,Brian Quick,Brian Quick (7545569),BUF,WR,8.13,7.2,17.506759318,5.63,6.86940870105,6.80176195104,4.0,0.113821138211,3200,LA,0.0,1.0
2.7,Ka'Deem,0.0,Chi@Ind 01:00PM ET,7545386,Carey,Ka'Deem Carey,Ka'Deem Carey (7545386),IND,RB,2.71,4.0,4.0,4.16,3.391773529,3.28714734804,9.0,0.00704225352113,3100,CHI,0.0,0.0
17.0,Dwayne,1.0,Chi@Ind 01:00PM ET,7545619,Allen,Dwayne Allen,Dwayne Allen (7545619),CHI,TE,7.11,8.1,9.01418206748,9.84,7.24956832486,7.09790133533,3.0,0.122807017544,3100,IND,6.0,0.0
3.9,Alfred,0.0,Hou@Min 01:00PM ET,7545412,Blue,Alfred Blue,Alfred Blue (7545412),MIN,RB,2.25,3.7,3.53570882618,0.0,3.07705455259,2.97074744883,11.0,0.00704225352113,3100,HOU,0.0,0.0
8.9,Jaelen,0.0,Hou@Min 01:00PM ET,7545527,Strong,Jaelen Strong,Jaelen Strong (7545527),MIN,WR,4.48,3.8,3.59716784394,4.26,3.66997521317,3.64129265858,5.0,0.0774647887324,3100,HOU,0.0,0.0
28.7,Adam,0.0,Hou@Min 01:00PM ET,7545528,Thielen,Adam Thielen,Adam Thielen (7545528),HOU,WR,8.55,11.5,8.96108788541,6.99,9.92965429399,9.65701092259,3.0,0.128787878788,3100,MIN,7.0,0.0
2.0,Robby,0.0,NYJ@Pit 01:00PM ET,7545541,Anderson,Robby Anderson,Robby Anderson (7545541),PIT,WR,4.89,9.0,9.0,6.1,7.34772929595,7.06751056295,7.0,0.0522875816993,3100,NYJ,9.0,0.0
0.0,Jalin,0.0,NYJ@Pit 01:00PM ET,7545542,Marshall,Jalin Marshall,Jalin Marshall (7545542),PIT,WR,0.0,2.2,2.2,0.0,1.51520961439,1.402353376,6.0,0.0653594771242,3100,NYJ,0.0,0.0
6.3,Tyler,0.0,Cin@Dal 04:25PM ET,7545565,Boyd,Tyler Boyd,Tyler Boyd (7545565),DAL,WR,6.52,7.1,9.23297036386,6.17,6.42218734437,6.29992398891,5.0,0.121621621622,3100,CIN,0.0,0.0
0.0,James,0.0,NE@Cle 01:00PM ET,7545364,Develin,James Develin,James Develin (7545364),CLE,RB,0.0,0.0,0.0,0.0,0.0,0.0,0.0,0.0,3000,NE,0.0,0.0
0.0,Brandon,0.0,NE@Cle 01:00PM ET,7545366,Bolden,Brandon Bolden,Brandon Bolden (7545366),CLE,RB,0.0,0.0,0.0,0.0,0.0,0.0,7.0,0.024,3000,NE,0.0,0.0
0.0,Malcolm,0.0,NE@Cle 01:00PM ET,7545367,Johnson,Malcolm Johnson,Malcolm Johnson (7545367),NE,RB,0.0,0.0,0.0,0.0,0.0,0.0,8.0,0.0283687943262,3000,CLE,0.0,0.0
0.0,George,0.0,NE@Cle 01:00PM ET,7545370,Atkinson III,George Atkinson III,George Atkinson III (7545370),NE,RB,0.0,0.0,0.0,0.0,0.0,0.0,0.0,0.0,3000,CLE,0.0,0.0
1.7,D.J.,0.0,NE@Cle 01:00PM ET,7545371,Foster,D.J. Foster,D.J. Foster (7545371),CLE,RB,0.0,1.9,1.9,0.0,1.30859012152,1.21112337018,10.0,0.016,3000,NE,0.0,0.0
0.0,Matthew,0.0,NE@Cle 01:00PM ET,7545464,Slater,Matthew Slater,Matthew Slater (7545464),CLE,WR,0.0,0.0,0.0,0.0,0.0,0.0,11.0,0.008,3000,NE,0.0,0.0
15.6,Andrew,0.0,NE@Cle 01:00PM ET,7545466,Hawkins,Andrew Hawkins,Andrew Hawkins (7545466),NE,WR,6.31,9.2,9.91128708574,7.79,7.81917403024,7.58139125221,4.0,0.0921985815603,3000,CLE,9.0,0.0
2.7,Malcolm,0.0,NE@Cle 01:00PM ET,7545470,Mitchell,Malcolm Mitchell,Malcolm Mitchell (7545470),CLE,WR,4.14,2.3,3.07613882286,4.08,2.55697813055,2.59262575177,6.0,0.072,3000,NE,0.0,0.0
0.0,Jordan,0.0,NE@Cle 01:00PM ET,7545471,Payton,Jordan Payton,Jordan Payton (7545471),NE,WR,0.0,0.0,0.0,0.0,0.0,0.0,11.0,0.0,3000,CLE,0.0,0.0
3.3,Ricardo,0.0,NE@Cle 01:00PM ET,7545472,Louis,Ricardo Louis,Ricardo Louis (7545472),NE,WR,6.87,6.8,7.16735261079,5.48,6.29781745854,6.20393194545,6.0,0.063829787234,3000,CLE,0.0,0.0
0.0,Rashard,0.0,NE@Cle 01:00PM ET,7545474,Higgins,Rashard Higgins,Rashard Higgins (7545474),NE,WR,0.0,4.0,4.0,0.0,2.75492657162,2.5497334109,9.0,0.0141843971631,3000,CLE,0.0,0.0
0.0,Kenjon,0.0,Phi@Det 01:00PM ET,7545375,Barner,Kenjon Barner,Kenjon Barner (7545375),DET,RB,3.15,1.2,1.2,0.0,1.56672443486,1.62206168452,10.0,0.0,3000,PHI,0.0,0.0
0.0,Michael,0.0,Phi@Det 01:00PM ET,7545377,Burton,Michael Burton,Michael Burton (7545377),PHI,RB,0.0,0.0,0.0,0.0,0.0,0.0,0.0,0.0,3000,DET,0.0,0.0
5.2,Zach,0.0,Phi@Det 01:00PM ET,7545378,Zenner,Zach Zenner,Zach Zenner (7545378),PHI,RB,5.59,5.5,7.69705957894,0.0,5.10166775987,5.02696975313,10.0,0.00625,3000,DET,0.0,0.0
0.0,Andre,0.0,Phi@Det 01:00PM ET,7545476,Roberts,Andre Roberts,Andre Roberts (7545476),PHI,WR,2.75,1.1,1.1,0.0,1.40385171967,1.44947496369,7.0,0.01875,3000,DET,0.0,0.0
0.0,Aaron,0.0,Phi@Det 01:00PM ET,7545479,Dobson,Aaron Dobson,Aaron Dobson (7545479),PHI,WR,0.0,0.0,0.0,0.0,0.0,0.0,0.0,0.0,3000,DET,0.0,0.0
10.5,Josh,0.0,Phi@Det 01:00PM ET,7545481,Huff,Josh Huff,Josh Huff (7545481),DET,WR,5.12,2.4,2.4,2.73,2.85615019455,2.92303538165,0.0,0.0,3000,PHI,0.0,0.0
0.0,Bryce,0.0,Phi@Det 01:00PM ET,7545483,Treggs,Bryce Treggs,Bryce Treggs (7545483),DET,WR,0.0,0.0,0.0,0.0,0.0,0.0,10.0,0.0,3000,PHI,0.0,0.0
0.0,Robert,0.0,Chi@Ind 01:00PM ET,7545382,Turbin,Robert Turbin,Robert Turbin (7545382),CHI,RB,3.43,2.7,2.38294430121,3.75,2.66562158485,2.6544020835,9.0,0.0350877192982,3000,IND,0.0,0.0
0.0,Jordan,0.0,Chi@Ind 01:00PM ET,7545383,Todman,Jordan Todman,Jordan Todman (7545383),CHI,RB,0.0,0.0,0.0,0.0,0.0,0.0,12.0,0.0,3000,IND,0.0,0.0
3.3,Josh,0.0,Chi@Ind 01:00PM ET,7545387,Ferguson,Josh Ferguson,Josh Ferguson (7545387),CHI,RB,7.14,4.8,2.27257102606,5.64,4.98380386959,5.00253452525,2.0,0.12865497076,3000,IND,0.0,0.0
0.0,Raheem,0.0,Chi@Ind 01:00PM ET,7545388,Mostert,Raheem Mostert,Raheem Mostert (7545388),IND,RB,0.0,0.0,0.0,0.0,0.0,0.0,0.0,0.0,3000,CHI,0.0,0.0
0.0,Deonte,0.0,Chi@Ind 01:00PM ET,7545486,Thompson,Deonte Thompson,Deonte Thompson (7545486),IND,WR,2.27,1.9,1.9,0.0,1.8420375729,1.82880958321,10.0,0.0,3000,CHI,0.0,0.0
0.0,Devin,0.0,Chi@Ind 01:00PM ET,7545489,Street,Devin Street,Devin Street (7545489),CHI,WR,0.0,0.0,0.0,0.0,0.0,0.0,12.0,0.0,3000,IND,0.0,0.0
0.0,Joshua,0.0,Chi@Ind 01:00PM ET,7545490,Bellamy,Joshua Bellamy,Joshua Bellamy (7545490),IND,WR,0.0,0.0,0.0,0.0,0.0,0.0,0.0,0.0,3000,CHI,0.0,0.0
30.6,Cameron,0.0,Chi@Ind 01:00PM ET,7545491,Meredith,Cameron Meredith,Cameron Meredith (7545491),IND,WR,11.03,5.8,5.8,4.21,6.58668114505,6.6984698025,7.0,0.056338028169,3000,CHI,0.0,0.0
5.6,Quan,0.0,Chi@Ind 01:00PM ET,7545492,Bray,Quan Bray,Quan Bray (7545492),CHI,WR,0.0,2.9,2.9,2.99,1.99732176442,1.84855672291,10.0,0.0116959064327,3000,IND,0.0,0.0
5.4,Chester,0.0,Chi@Ind 01:00PM ET,7545495,Rogers,Chester Rogers,Chester Rogers (7545495),CHI,WR,5.22,6.7,6.7,0.0,5.84119614677,5.69120964476,8.0,0.046783625731,3000,IND,0.0,0.0
0.0,Isaiah,0.0,Ten@Mia 01:00PM ET,7545392,Pead,Isaiah Pead,Isaiah Pead (7545392),TEN,RB,7.0,5.2,5.2,0.0,5.22639668394,5.21941268139,11.0,0.00751879699248,3000,MIA,0.0,0.0
0.0,Jalston,0.0,Ten@Mia 01:00PM ET,7545393,Fowler,Jalston Fowler,Jalston Fowler (7545393),MIA,RB,0.0,0.0,0.0,0.0,0.0,0.0,12.0,0.00714285714286,3000,TEN,0.0,0.0
0.0,Antonio,0.0,Ten@Mia 01:00PM ET,7545394,Andrews,Antonio Andrews,Antonio Andrews (7545394),MIA,RB,0.0,0.0,0.0,0.0,0.0,0.0,0.0,0.0,3000,TEN,0.0,0.0
9.0,Damien,0.0,Ten@Mia 01:00PM ET,7545396,Williams,Damien Williams,Damien Williams (7545396),TEN,RB,2.01,0.0,0.0,0.0,0.472347743297,0.546938012416,5.0,0.0526315789474,3000,MIA,0.0,0.0
0.0,Harry,0.0,Ten@Mia 01:00PM ET,7545498,Douglas,Harry Douglas,Harry Douglas (7545498),MIA,WR,0.0,0.0,0.0,0.0,0.0,0.0,6.0,0.0571428571429,3000,TEN,0.0,0.0
0.0,Marc,0.0,Ten@Mia 01:00PM ET,7545499,Mariani,Marc Mariani,Marc Mariani (7545499),MIA,WR,0.0,0.0,0.0,0.0,0.0,0.0,0.0,0.0,3000,TEN,0.0,0.0
1.9,Kendall,0.0,Ten@Mia 01:00PM ET,7545500,Wright,Kendall Wright,Kendall Wright (7545500),MIA,WR,8.85,6.4,5.0081164017,5.82,6.48762257836,6.48773336286,7.0,0.0285714285714,3000,TEN,0.0,0.0
6.0,Jakeem,0.0,Ten@Mia 01:00PM ET,7545505,Grant,Jakeem Grant,Jakeem Grant (7545505),TEN,WR,0.0,0.0,0.0,0.0,0.0,0.0,13.0,0.0,3000,MIA,0.0,0.0
0.0,Leonte,0.0,Ten@Mia 01:00PM ET,7545506,Carroo,Leonte Carroo,Leonte Carroo (7545506),TEN,WR,0.0,2.8,2.8,0.0,1.92844860013,1.78481338763,10.0,0.015037593985,3000,MIA,0.0,0.0
5.0,Kyle,0.0,Was@Bal 01:00PM ET,7545400,Juszczyk,Kyle Juszczyk,Kyle Juszczyk (7545400),WAS,RB,0.0,3.8,3.8,0.0,2.61718024304,2.42224674036,5.0,0.0864197530864,3000,BAL,0.0,0.0
2.8,Javorius,0.0,Was@Bal 01:00PM ET,7545403,Allen,Javorius Allen,Javorius Allen (7545403),WAS,RB,4.26,3.6,3.76449701571,3.04,3.48052913159,3.45394212598,10.0,0.0308641975309,3000,BAL,0.0,0.0
1.8,Rob,0.0,Was@Bal 01:00PM ET,7545404,Kelley,Rob Kelley,Rob Kelley (7545404),BAL,RB,0.0,1.5,1.5,0.0,1.03309746436,0.956150029089,13.0,0.0,3000,WAS,0.0,0.0
0.0,Devin,0.0,Was@Bal 01:00PM ET,7545509,Hester,Devin Hester,Devin Hester (7545509),WAS,WR,0.0,0.0,0.0,0.0,0.0,0.0,0.0,0.0,3000,BAL,0.0,0.0
0.0,Kamar,0.0,Was@Bal 01:00PM ET,7545513,Aiken,Kamar Aiken,Kamar Aiken (7545513),WAS,WR,2.94,4.4,4.46550359642,0.0,3.72131592793,3.60470563583,6.0,0.0617283950617,3000,BAL,0.0,0.0
0.0,Ryan,0.0,Was@Bal 01:00PM ET,7545514,Grant,Ryan Grant,Ryan Grant (7545514),BAL,WR,0.0,1.1,1.1,0.0,0.757604807195,0.701176687999,9.0,0.0194805194805,3000,WAS,0.0,0.0
0.0,Josh,0.0,Was@Bal 01:00PM ET,7545515,Doctson,Josh Doctson,Josh Doctson (7545515),BAL,WR,0.0,0.0,0.0,0.0,0.0,0.0,8.0,0.038961038961,3000,WAS,0.0,0.0
1.8,Rashad,0.0,Was@Bal 01:00PM ET,7545516,Ross,Rashad Ross,Rashad Ross (7545516),BAL,WR,0.0,1.3,1.3,0.0,0.895351135776,0.828663358544,10.0,0.00649350649351,3000,WAS,0.0,0.0
0.0,Chris,0.0,Was@Bal 01:00PM ET,7545518,Moore,Chris Moore,Chris Moore (7545518),WAS,WR,0.0,1.1,1.1,3.06,0.757604807195,0.701176687999,6.0,0.0617283950617,3000,BAL,0.0,0.0
3.1,Breshad,0.0,Was@Bal 01:00PM ET,7545519,Perriman,Breshad Perriman,Breshad Perriman (7545519),WAS,WR,5.54,7.1,6.29201050255,7.23,6.19188844465,6.0332576943,4.0,0.0987654320988,3000,BAL,0.0,0.0
0.0,Zach,0.0,Hou@Min 01:00PM ET,7545408,Line,Zach Line,Zach Line (7545408),HOU,RB,0.0,0.0,0.0,0.0,0.0,0.0,11.0,0.0,3000,MIN,0.0,0.0
0.0,Jonathan,0.0,Hou@Min 01:00PM ET,7545409,Grimes,Jonathan Grimes,Jonathan Grimes (7545409),MIN,RB,0.0,0.0,0.0,0.0,0.0,0.0,7.0,0.0492957746479,3000,HOU,0.0,0.0
0.0,Ronnie,0.0,Hou@Min 01:00PM ET,7545411,Hillman,Ronnie Hillman,Ronnie Hillman (7545411),HOU,RB,0.0,0.0,0.0,0.0,0.0,0.0,11.0,0.0,3000,MIN,0.0,0.0
0.0,Jay,0.0,Hou@Min 01:00PM ET,7545413,Prosch,Jay Prosch,Jay Prosch (7545413),MIN,RB,0.0,0.0,0.0,0.0,0.0,0.0,11.0,0.00704225352113,3000,HOU,0.0,0.0
0.0,Tyler,0.0,Hou@Min 01:00PM ET,7545415,Ervin,Tyler Ervin,Tyler Ervin (7545415),MIN,RB,0.0,1.1,1.1,0.0,0.757604807195,0.701176687999,10.0,0.0140845070423,3000,HOU,0.0,0.0
1.2,Charles,0.0,Hou@Min 01:00PM ET,7545520,Johnson,Charles Johnson,Charles Johnson (7545520),HOU,WR,9.86,8.0,8.63143672241,5.47,7.82694207304,7.78245627575,4.0,0.106060606061,3000,MIN,0.0,0.0
7.2,Jarius,0.0,Hou@Min 01:00PM ET,7545521,Wright,Jarius Wright,Jarius Wright (7545521),HOU,WR,4.08,0.0,0.0,0.0,0.95879541923,1.11020253266,11.0,0.0,3000,MIN,0.0,0.0
0.0,Keith,0.0,Hou@Min 01:00PM ET,7545522,Mumphery,Keith Mumphery,Keith Mumphery (7545522),MIN,WR,0.0,0.0,0.0,0.0,0.0,0.0,13.0,0.0,3000,HOU,0.0,0.0
2.2,Braxton,0.0,Hou@Min 01:00PM ET,7545524,Miller,Braxton Miller,Braxton Miller (7545524),MIN,WR,1.7,5.4,5.23839051032,4.11,4.11864896303,3.90472449333,9.0,0.0352112676056,3000,HOU,0.0,0.0
14.6,Cordarrelle,0.0,Hou@Min 01:00PM ET,7545525,Patterson,Cordarrelle Patterson,Cordarrelle Patterson (7545525),HOU,WR,8.75,7.2,11.2579398393,5.14,7.01510800496,6.97046919865,6.0,0.0681818181818,3000,MIN,0.0,0.0
0.0,Laquon,0.0,Hou@Min 01:00PM ET,7545529,Treadwell,Laquon Treadwell,Laquon Treadwell (7545529),HOU,WR,0.0,1.6,1.6,0.0,1.10197062865,1.01989336436,11.0,0.0,3000,MIN,0.0,0.0
0.0,Fitzgerald,0.0,NYJ@Pit 01:00PM ET,7545419,Toussaint,Fitzgerald Toussaint,Fitzgerald Toussaint (7545419),NYJ,RB,0.0,0.0,0.0,0.0,0.0,0.0,11.0,0.00694444444444,3000,PIT,0.0,0.0
0.0,Roosevelt,0.0,NYJ@Pit 01:00PM ET,7545421,Nix,Roosevelt Nix,Roosevelt Nix (7545421),NYJ,RB,0.0,0.0,0.0,0.0,0.0,0.0,0.0,0.0,3000,PIT,0.0,0.0
0.0,Troymaine,0.0,NYJ@Pit 01:00PM ET,7545422,Pope,Troymaine Pope,Troymaine Pope (7545422),PIT,RB,0.0,0.0,0.0,0.0,0.0,0.0,0.0,0.0,3000,NYJ,0.0,0.0
0.0,Darrius,0.0,NYJ@Pit 01:00PM ET,7545532,Heyward-Bey,Darrius Heyward-Bey,Darrius Heyward-Bey (7545532),NYJ,WR,4.85,2.1,0.0,0.0,2.58608100482,2.65833609058,9.0,0.0208333333333,3000,PIT,0.0,0.0
0.0,Jeremy,0.0,NYJ@Pit 01:00PM ET,7545534,Ross,Jeremy Ross,Jeremy Ross (7545534),PIT,WR,0.0,0.0,0.0,0.0,0.0,0.0,0.0,0.0,3000,NYJ,0.0,0.0
1.6,Charone,0.0,NYJ@Pit 01:00PM ET,7545539,Peake,Charone Peake,Charone Peake (7545539),PIT,WR,0.0,3.3,3.3,4.98,2.27281442158,2.103530064,8.0,0.0196078431373,3000,NYJ,0.0,0.0
2.3,Patrick,0.0,Atl@Den 04:05PM ET,7545423,DiMarco,Patrick DiMarco,Patrick DiMarco (7545423),DEN,RB,0.0,0.0,0.0,0.0,0.0,0.0,10.0,0.0215827338129,3000,ATL,0.0,0.0
0.0,Kapri,0.0,Atl@Den 04:05PM ET,7545424,Bibbs,Kapri Bibbs,Kapri Bibbs (7545424),ATL,RB,0.0,1.7,1.7,0.0,1.17084379294,1.08363669963,10.0,0.015503875969,3000,DEN,0.0,0.0
0.2,Andy,0.0,Atl@Den 04:05PM ET,7545427,Janovich,Andy Janovich,Andy Janovich (7545427),ATL,RB,0.0,0.0,0.0,0.0,0.0,0.0,10.0,0.015503875969,3000,DEN,0.0,0.0
9.9,Devontae,0.0,Atl@Den 04:05PM ET,7545429,Booker,Devontae Booker,Devontae Booker (7545429),ATL,RB,3.26,5.0,5.2298494068,5.83,4.2097545544,4.07424035591,8.0,0.0232558139535,3000,DEN,0.0,0.0
0.0,Eric,0.0,Atl@Den 04:05PM ET,7545543,Weems,Eric Weems,Eric Weems (7545543),DEN,WR,0.0,0.0,0.0,0.0,0.0,0.0,0.0,0.0,3000,ATL,0.0,0.0
4.4,Jordan,0.0,Atl@Den 04:05PM ET,7545544,Norwood,Jordan Norwood,Jordan Norwood (7545544),ATL,WR,3.13,1.7,1.67708285719,3.86,1.90639027877,1.9353361916,4.0,0.077519379845,3000,DEN,0.0,0.0
0.0,Aldrick,0.0,Atl@Den 04:05PM ET,7545547,Robinson,Aldrick Robinson,Aldrick Robinson (7545547),DEN,WR,3.6,2.3,5.18259280088,0.0,2.43007873682,2.44568718127,6.0,0.0647482014388,3000,ATL,0.0,0.0
3.3,Bennie,0.0,Atl@Den 04:05PM ET,7545550,Fowler,Bennie Fowler,Bennie Fowler (7545550),ATL,WR,1.82,1.8,1.87326495441,0.0,1.66741491384,1.64261743918,7.0,0.031007751938,3000,DEN,0.0,0.0
0.0,Jordan,0.0,Atl@Den 04:05PM ET,7545551,Taylor,Jordan Taylor,Jordan Taylor (7545551),ATL,WR,0.0,0.0,0.0,0.0,0.0,0.0,8.0,0.0232558139535,3000,DEN,0.0,0.0
0.0,Justin,0.0,Atl@Den 04:05PM ET,7545552,Hardy,Justin Hardy,Justin Hardy (7545552),DEN,WR,5.16,4.6,7.46144726461,4.33,4.38075976403,4.3362730962,8.0,0.0503597122302,3000,ATL,0.0,0.0
0.0,Cody,0.0,Atl@Den 04:05PM ET,7545553,Latimer,Cody Latimer,Cody Latimer (7545553),ATL,WR,0.0,1.8,1.8282460988,0.0,1.23971695723,1.14738003491,6.0,0.0387596899225,3000,DEN,0.0,0.0
0.0,Taylor,0.0,Atl@Den 04:05PM ET,7545554,Gabriel,Taylor Gabriel,Taylor Gabriel (7545554),DEN,WR,5.65,0.0,1.18833375481,3.09,1.32774365653,1.53741282097,6.0,0.0647482014388,3000,ATL,0.0,0.0
1.1,Jacob,1.0,Atl@Den 04:05PM ET,7545653,Tamme,Jacob Tamme,Jacob Tamme (7545653),DEN,TE,8.72,9.9,7.84189638891,7.79,8.86763347448,8.68337599709,2.0,0.151079136691,3000,ATL,4.0,0.0
0.0,Lance,0.0,Cin@Dal 04:25PM ET,7545431,Dunbar,Lance Dunbar,Lance Dunbar (7545431),CIN,RB,0.0,0.0,0.0,0.0,0.0,0.0,7.0,0.0441176470588,3000,DAL,0.0,0.0
0.0,Rex,0.0,Cin@Dal 04:25PM ET,7545432,Burkhead,Rex Burkhead,Rex Burkhead (7545432),DAL,RB,0.0,0.0,0.0,0.0,0.0,0.0,10.0,0.0,3000,CIN,0.0,0.0
1.4,Rod,0.0,Cin@Dal 04:25PM ET,7545434,Smith,Rod Smith,Rod Smith (7545434),CIN,RB,0.0,0.0,0.0,0.0,0.0,0.0,0.0,0.0,3000,DAL,0.0,0.0
0.0,Keith,0.0,Cin@Dal 04:25PM ET,7545435,Smith,Keith Smith,Keith Smith (7545435),CIN,RB,0.0,0.0,0.0,0.0,0.0,0.0,9.0,0.0147058823529,3000,DAL,0.0,0.0
0.0,Darius,0.0,Cin@Dal 04:25PM ET,7545437,Jackson,Darius Jackson,Darius Jackson (7545437),CIN,RB,0.0,0.0,0.0,0.0,0.0,0.0,0.0,0.0,3000,DAL,0.0,0.0
0.0,James,0.0,Cin@Dal 04:25PM ET,7545561,Wright,James Wright,James Wright (7545561),DAL,WR,1.84,0.0,0.0,0.0,0.432397934162,0.500679573555,8.0,0.0202702702703,3000,CIN,0.0,0.0
0.0,Alex,0.0,Cin@Dal 04:25PM ET,7545562,Erickson,Alex Erickson,Alex Erickson (7545562),DAL,WR,0.0,0.0,0.0,0.0,0.0,0.0,9.0,0.00675675675676,3000,CIN,0.0,0.0
0.0,Cody,0.0,Cin@Dal 04:25PM ET,7545563,Core,Cody Core,Cody Core (7545563),DAL,WR,0.0,0.0,0.0,0.0,0.0,0.0,0.0,0.0,3000,CIN,0.0,0.0
0.9,Lucky,0.0,Cin@Dal 04:25PM ET,7545564,Whitehead,Lucky Whitehead,Lucky Whitehead (7545564),CIN,WR,0.0,3.8,3.8,0.0,2.61718024304,2.42224674036,11.0,0.0,3000,DAL,0.0,0.0
0.3,Reggie,0.0,Buf@LA 04:25PM ET,7545439,Bush,Reggie Bush,Reggie Bush (7545439),LA,RB,0.0,0.0,0.0,0.0,0.0,0.0,10.0,0.00854700854701,3000,BUF,0.0,0.0
0.6,Jerome,0.0,Buf@LA 04:25PM ET,7545440,Felton,Jerome Felton,Jerome Felton (7545440),LA,RB,0.0,0.0,0.0,0.0,0.0,0.0,10.0,0.00854700854701,3000,BUF,0.0,0.0
0.0,Chase,0.0,Buf@LA 04:25PM ET,7545441,Reynolds,Chase Reynolds,Chase Reynolds (7545441),BUF,RB,0.0,0.0,0.0,0.0,0.0,0.0,0.0,0.0,3000,LA,0.0,0.0
6.6,Mike,0.0,Buf@LA 04:25PM ET,7545444,Gillislee,Mike Gillislee,Mike Gillislee (7545444),LA,RB,4.3,3.0,3.0,3.86,3.07669010094,3.0823664529,8.0,0.042735042735,3000,BUF,0.0,0.0
3.8,Malcolm,0.0,Buf@LA 04:25PM ET,7545445,Brown,Malcolm Brown,Malcolm Brown (7545445),BUF,RB,0.0,1.5,1.5,0.0,1.03309746436,0.956150029089,9.0,0.00813008130081,3000,LA,0.0,0.0
0.0,Jonathan,0.0,Buf@LA 04:25PM ET,7545446,Williams,Jonathan Williams,Jonathan Williams (7545446),LA,RB,0.0,1.3,1.3,0.0,0.895351135776,0.828663358544,12.0,0.0,3000,BUF,0.0,0.0
0.0,Brandon,0.0,Buf@LA 04:25PM ET,7545566,Tate,Brandon Tate,Brandon Tate (7545566),LA,WR,0.0,3.4,3.4,0.0,2.34168758587,2.16727339927,12.0,0.0,3000,BUF,0.0,0.0
0.0,Greg,0.0,Buf@LA 04:25PM ET,7545567,Salas,Greg Salas,Greg Salas (7545567),LA,WR,0.0,0.0,0.0,7.53,0.0,0.0,7.0,0.0512820512821,3000,BUF,0.0,1.0
9.3,Marquise,0.0,Buf@LA 04:25PM ET,7545570,Goodwin,Marquise Goodwin,Marquise Goodwin (7545570),LA,WR,7.86,9.5,9.5,5.62,8.39004178287,8.19438937706,4.0,0.119658119658,3000,BUF,9.0,1.0
7.4,Justin,0.0,Buf@LA 04:25PM ET,7545572,Hunter,Justin Hunter,Justin Hunter (7545572),LA,WR,0.0,0.0,0.0,2.96,0.0,0.0,12.0,0.0,3000,BUF,0.0,0.0
0.0,Walt,0.0,Buf@LA 04:25PM ET,7545573,Powell,Walt Powell,Walt Powell (7545573),LA,WR,0.0,5.7,5.7,4.57,3.92577036455,3.63337011054,5.0,0.0940170940171,3000,BUF,0.0,0.0
0.2,Bradley,0.0,Buf@LA 04:25PM ET,7545575,Marquez,Bradley Marquez,Bradley Marquez (7545575),BUF,WR,0.0,0.0,0.0,0.0,0.0,0.0,8.0,0.0162601626016,3000,LA,0.0,0.0
0.0,Nelson,0.0,Buf@LA 04:25PM ET,7545576,Spruce,Nelson Spruce,Nelson Spruce (7545576),BUF,WR,0.0,0.0,0.0,0.0,0.0,0.0,0.0,0.0,3000,LA,0.0,0.0
0.0,Pharoh,0.0,Buf@LA 04:25PM ET,7545577,Cooper,Pharoh Cooper,Pharoh Cooper (7545577),BUF,WR,0.0,4.3,4.3,4.84,2.96154606449,2.74096341672,11.0,0.0,3000,LA,0.0,0.0
0.0,Mike,0.0,Buf@LA 04:25PM ET,7545578,Thomas,Mike Thomas,Mike Thomas (7545578),BUF,WR,0.0,0.0,0.0,0.0,0.0,0.0,9.0,0.00813008130081,3000,LA,0.0,0.0
0.0,Taiwan,0.0,SD@Oak 04:25PM ET,7545449,Jones,Taiwan Jones,Taiwan Jones (7545449),SD,RB,0.0,0.0,0.0,0.0,0.0,0.0,11.0,0.0124223602484,3000,OAK,0.0,0.0
9.4,Jamize,0.0,SD@Oak 04:25PM ET,7545451,Olawale,Jamize Olawale,Jamize Olawale (7545451),SD,RB,0.0,2.1,2.1,0.0,1.4463364501,1.33861004072,10.0,0.0186335403727,3000,OAK,0.0,0.0
0.2,Derek,0.0,SD@Oak 04:25PM ET,7545454,Watt,Derek Watt,Derek Watt (7545454),OAK,RB,0.0,0.0,0.0,0.0,0.0,0.0,10.0,0.00680272108844,3000,SD,0.0,0.0
0.0,Kenneth,0.0,SD@Oak 04:25PM ET,7545455,Farrow,Kenneth Farrow,Kenneth Farrow (7545455),OAK,RB,0.0,2.6,2.6,0.0,1.79070227155,1.65732671709,10.0,0.00680272108844,3000,SD,0.0,0.0
0.0,Griff,0.0,SD@Oak 04:25PM ET,7545581,Whalen,Griff Whalen,Griff Whalen (7545581),OAK,WR,0.0,3.4,3.4,0.0,2.34168758587,2.16727339927,13.0,0.0,3000,SD,0.0,0.0
3.3,Andre,0.0,SD@Oak 04:25PM ET,7545583,Holmes,Andre Holmes,Andre Holmes (7545583),SD,WR,3.21,4.0,0.888159533357,3.6,3.50927296763,3.42320157999,9.0,0.0310559006211,3000,OAK,0.0,0.0
0.0,Johnny,0.0,SD@Oak 04:25PM ET,7545587,Holton,Johnny Holton,Johnny Holton (7545587),SD,WR,0.0,1.5,1.5,0.0,1.03309746436,0.956150029089,12.0,0.00621118012422,3000,OAK,0.0,0.0
1.7,Aaron,0.0,NYG@GB 08:30PM ET,7545462,Ripkowski,Aaron Ripkowski,Aaron Ripkowski (7545462),NYG,RB,0.0,0.0,0.0,0.0,0.0,0.0,9.0,0.00970873786408,3000,GB,0.0,0.0
0.0,Dwayne,0.0,NYG@GB 08:30PM ET,7545590,Harris,Dwayne Harris,Dwayne Harris (7545590),GB,WR,3.18,1.5,1.5,0.0,1.78039389405,1.82145494425,11.0,0.0,3000,NYG,0.0,0.0
0.0,Tavarres,0.0,NYG@GB 08:30PM ET,7545591,King,Tavarres King,Tavarres King (7545591),GB,WR,0.0,0.0,0.0,0.0,0.0,0.0,11.0,0.0,3000,NYG,0.0,0.0
0.0,Jared,0.0,NYG@GB 08:30PM ET,7545593,Abbrederis,Jared Abbrederis,Jared Abbrederis (7545593),NYG,WR,0.0,1.7,1.7,0.0,1.17084379294,1.08363669963,9.0,0.00970873786408,3000,GB,0.0,0.0
0.1,Ty,0.0,NYG@GB 08:30PM ET,7545595,Montgomery,Ty Montgomery,Ty Montgomery (7545595),NYG,WR,2.38,0.0,0.0,0.0,0.559297327884,0.647618144054,9.0,0.00970873786408,3000,GB,0.0,0.0
0.0,Trevor,0.0,NYG@GB 08:30PM ET,7545597,Davis,Trevor Davis,Trevor Davis (7545597),NYG,WR,0.0,0.0,0.0,0.0,0.0,0.0,8.0,0.0291262135922,3000,GB,0.0,0.0
0.0,Jeff,0.0,NYG@GB 08:30PM ET,7545599,Janis,Jeff Janis,Jeff Janis (7545599),NYG,WR,0.0,0.0,0.0,0.0,0.0,0.0,13.0,0.0,3000,GB,0.0,0.0
0.0,Roger,0.0,NYG@GB 08:30PM ET,7545600,Lewis,Roger Lewis,Roger Lewis (7545600),GB,WR,0.0,0.0,0.0,0.0,0.0,0.0,11.0,0.0,3000,NYG,0.0,0.0
0.0,Jordan,0.0,Ten@Mia 01:00PM ET,7545625,Cameron,Jordan Cameron,Jordan Cameron (7545625),TEN,TE,0.0,0.0,0.0,0.0,0.0,0.0,4.0,0.0827067669173,2900,MIA,0.0,0.0
16.3,Jesse,1.0,NYJ@Pit 01:00PM ET,7545651,James,Jesse James,Jesse James (7545651),NYJ,TE,8.79,8.7,8.7,8.0,8.0576054244,7.93750356629,3.0,0.131944444444,2900,PIT,5.0,0.0
1.6,Richard,0.0,NYG@GB 08:30PM ET,7545686,Rodgers,Richard Rodgers,Richard Rodgers (7545686),NYG,TE,9.69,11.1,11.1,7.84,9.92206035691,9.71224123034,5.0,0.0776699029126,2900,GB,3.0,0.0
0.0,Virgil,0.0,Atl@Den 04:05PM ET,7545654,Green,Virgil Green,Virgil Green (7545654),ATL,TE,7.22,8.5,8.5,0.0,7.55091085852,7.38280660744,5.0,0.062015503876,2800,DEN,5.0,0.0
0.0,Brent,0.0,Phi@Det 01:00PM ET,7545609,Celek,Brent Celek,Brent Celek (7545609),DET,TE,3.96,2.7,2.7,0.0,2.7901709898,2.79861956936,6.0,0.0833333333333,2700,PHI,0.0,0.0
1.5,Trey,0.0,Phi@Det 01:00PM ET,7545612,Burton,Trey Burton,Trey Burton (7545612),DET,TE,5.34,2.8,2.8,3.78,3.18334260471,3.2378725848,4.0,0.125,2700,PHI,0.0,0.0
4.4,Lance,1.0,Buf@LA 04:25PM ET,7545669,Kendricks,Lance Kendricks,Lance Kendricks (7545669),BUF,TE,5.4,6.4,6.4,5.74,5.6768764518,5.54895916244,3.0,0.186991869919,2700,LA,0.0,0.0
12.3,Charles,1.0,Buf@LA 04:25PM ET,7545670,Clay,Charles Clay,Charles Clay (7545670),LA,TE,8.75,7.4,7.4,8.28,7.15285433354,7.0979558692,2.0,0.17094017094,2700,BUF,6.0,0.0
0.0,Clive,0.0,SD@Oak 04:25PM ET,7545679,Walford,Clive Walford,Clive Walford (7545679),SD,TE,7.6,8.5,8.5,0.0,7.64021043188,7.48620782372,3.0,0.124223602484,2700,OAK,5.0,0.0
2.8,Jack,0.0,Chi@Ind 01:00PM ET,7545620,Doyle,Jack Doyle,Jack Doyle (7545620),CHI,TE,7.8,8.9,8.9,8.25,7.96270286449,7.79560285759,5.0,0.105263157895,2600,IND,5.0,0.0
0.0,Larry,1.0,NYG@GB 08:30PM ET,7545683,Donnell,Larry Donnell,Larry Donnell (7545683),GB,TE,0.0,0.0,0.0,0.0,0.0,0.0,7.0,0.0696202531646,2600,NYG,0.0,0.0
5.7,Will,0.0,NYG@GB 08:30PM ET,7545685,Tye,Will Tye,Will Tye (7545685),GB,TE,10.69,7.9,7.9,5.08,7.95311797688,7.9445629655,4.0,0.101265822785,2600,NYG,6.0,0.0
0.0,Clay,0.0,NE@Cle 01:00PM ET,7545602,Harbor,Clay Harbor,Clay Harbor (7545602),CLE,TE,0.0,0.0,0.0,0.0,0.0,0.0,12.0,0.0,2500,NE,0.0,0.0
0.0,Greg,0.0,NE@Cle 01:00PM ET,7545605,Scruggs,Greg Scruggs,Greg Scruggs (7545605),CLE,TE,0.0,0.0,0.0,0.0,0.0,0.0,0.0,0.0,2500,NE,0.0,0.0
0.0,A.J.,0.0,NE@Cle 01:00PM ET,7545606,Derby,A.J. Derby,A.J. Derby (7545606),CLE,TE,0.0,0.0,0.0,0.0,0.0,0.0,13.0,0.0,2500,NE,0.0,0.0
0.0,Randall,0.0,NE@Cle 01:00PM ET,7545607,Telfer,Randall Telfer,Randall Telfer (7545607),NE,TE,0.0,0.0,0.0,0.0,0.0,0.0,10.0,0.00709219858156,2500,CLE,0.0,0.0
0.0,Seth,0.0,NE@Cle 01:00PM ET,7545608,DeValve,Seth DeValve,Seth DeValve (7545608),NE,TE,0.0,0.0,0.0,0.0,0.0,0.0,11.0,0.0,2500,CLE,0.0,0.0
0.0,Orson,0.0,Phi@Det 01:00PM ET,7545611,Charles,Orson Charles,Orson Charles (7545611),PHI,TE,0.0,0.0,0.0,0.0,0.0,0.0,0.0,0.0,2500,DET,0.0,0.0
0.0,Cole,0.0,Phi@Det 01:00PM ET,7545614,Wick,Cole Wick,Cole Wick (7545614),PHI,TE,3.7,6.2,6.2,0.0,5.13963203188,4.95888810329,7.0,0.01875,2500,DET,0.0,0.0
0.0,Khari,0.0,Phi@Det 01:00PM ET,7545615,Lee,Khari Lee,Khari Lee (7545615),PHI,TE,0.0,2.7,2.7,0.0,1.85957543584,1.72107005236,10.0,0.00625,2500,DET,0.0,0.0
0.0,Logan,0.0,Chi@Ind 01:00PM ET,7545617,Paulsen,Logan Paulsen,Logan Paulsen (7545617),IND,TE,0.0,1.1,1.1,0.0,0.757604807195,0.701176687999,8.0,0.0281690140845,2500,CHI,0.0,0.0
0.0,Patrick,0.0,Chi@Ind 01:00PM ET,7545618,Scales,Patrick Scales,Patrick Scales (7545618),IND,TE,0.0,0.0,0.0,0.0,0.0,0.0,0.0,0.0,2500,CHI,0.0,0.0
0.0,Erik,0.0,Chi@Ind 01:00PM ET,7545621,Swoope,Erik Swoope,Erik Swoope (7545621),CHI,TE,0.0,0.0,0.0,0.0,0.0,0.0,11.0,0.00584795321637,2500,IND,0.0,0.0
0.0,Ben,0.0,Chi@Ind 01:00PM ET,7545622,Braunecker,Ben Braunecker,Ben Braunecker (7545622),IND,TE,0.0,0.0,0.0,0.0,0.0,0.0,10.0,0.0,2500,CHI,0.0,0.0
2.0,Anthony,0.0,Ten@Mia 01:00PM ET,7545623,Fasano,Anthony Fasano,Anthony Fasano (7545623),MIA,TE,2.3,0.0,0.0,0.0,0.540497417703,0.625849466943,7.0,0.0285714285714,2500,TEN,0.0,0.0
0.0,Beau,0.0,Ten@Mia 01:00PM ET,7545626,Brinkley,Beau Brinkley,Beau Brinkley (7545626),MIA,TE,0.0,0.0,0.0,0.0,0.0,0.0,0.0,0.0,2500,TEN,0.0,0.0
0.0,MarQueis,0.0,Ten@Mia 01:00PM ET,7545627,Gray,MarQueis Gray,MarQueis Gray (7545627),TEN,TE,0.0,2.5,2.5,0.0,1.72182910726,1.59358338181,11.0,0.00751879699248,2500,MIA,0.0,0.0
1.6,Dion,0.0,Ten@Mia 01:00PM ET,7545628,Sims,Dion Sims,Dion Sims (7545628),TEN,TE,5.92,8.9,8.9,3.38,7.52090497524,7.28403894548,5.0,0.0526315789474,2500,MIA,5.0,0.0
0.0,Jace,0.0,Ten@Mia 01:00PM ET,7545629,Amaro,Jace Amaro,Jace Amaro (7545629),MIA,TE,0.0,0.0,0.0,3.09,0.0,0.0,7.0,0.0285714285714,2500,TEN,0.0,0.0
0.0,Phillip,0.0,Ten@Mia 01:00PM ET,7545630,Supernaw,Phillip Supernaw,Phillip Supernaw (7545630),MIA,TE,0.0,0.0,0.0,0.0,0.0,0.0,11.0,0.0142857142857,2500,TEN,0.0,0.0
4.5,Vernon,0.0,Was@Bal 01:00PM ET,7545631,Davis,Vernon Davis,Vernon Davis (7545631),BAL,TE,2.62,2.2,2.2,3.44,2.13090667282,2.11527755138,6.0,0.0454545454545,2500,WAS,0.0,0.0
0.0,Niles,0.0,Was@Bal 01:00PM ET,7545633,Paul,Niles Paul,Niles Paul (7545633),BAL,TE,0.0,0.0,0.0,0.0,0.0,0.0,10.0,0.00649350649351,2500,WAS,0.0,0.0
12.8,Crockett,0.0,Was@Bal 01:00PM ET,7545635,Gillmore,Crockett Gillmore,Crockett Gillmore (7545635),WAS,TE,2.7,4.3,4.3,0.0,3.5960430331,3.47565626922,9.0,0.037037037037,2500,BAL,0.0,0.0
0.0,Darren,0.0,Was@Bal 01:00PM ET,7545636,Waller,Darren Waller,Darren Waller (7545636),WAS,TE,0.0,0.0,0.0,0.0,0.0,0.0,11.0,0.0,2500,BAL,0.0,0.0
0.0,Maxx,0.0,Was@Bal 01:00PM ET,7545637,Williams,Maxx Williams,Maxx Williams (7545637),WAS,TE,0.0,0.0,0.0,0.0,0.0,0.0,0.0,0.0,2500,BAL,0.0,0.0
0.0,Rhett,0.0,Hou@Min 01:00PM ET,7545638,Ellison,Rhett Ellison,Rhett Ellison (7545638),HOU,TE,0.0,1.5,1.5,0.0,1.03309746436,0.956150029089,9.0,0.0151515151515,2500,MIN,0.0,0.0
0.0,Kevin,0.0,Hou@Min 01:00PM ET,7545639,McDermott,Kevin McDermott,Kevin McDermott (7545639),HOU,TE,0.0,0.0,0.0,0.0,0.0,0.0,0.0,0.0,2500,MIN,0.0,0.0
2.8,Ryan,0.0,Hou@Min 01:00PM ET,7545640,Griffin,Ryan Griffin,Ryan Griffin (7545640),MIN,TE,7.98,5.8,5.8,5.39,5.8699345694,5.86853898764,3.0,0.133802816901,2500,HOU,0.0,0.0
0.0,MyCole,0.0,Hou@Min 01:00PM ET,7545642,Pruitt,MyCole Pruitt,MyCole Pruitt (7545642),HOU,TE,0.0,0.0,0.0,0.0,0.0,0.0,10.0,0.00757575757576,2500,MIN,0.0,0.0
10.1,C.J.,0.0,Hou@Min 01:00PM ET,7545643,Fiedorowicz,C.J. Fiedorowicz,C.J. Fiedorowicz (7545643),MIN,TE,4.92,1.3,1.3,2.85,2.05154561191,2.16743700087,6.0,0.0633802816901,2500,HOU,0.0,0.0
0.0,Stephen,0.0,Hou@Min 01:00PM ET,7545644,Anderson,Stephen Anderson,Stephen Anderson (7545644),MIN,TE,0.0,0.0,0.0,4.4,0.0,0.0,7.0,0.0492957746479,2500,HOU,0.0,0.0
0.0,David,0.0,Hou@Min 01:00PM ET,7545645,Morgan,David Morgan,David Morgan (7545645),HOU,TE,0.0,0.0,0.0,0.0,0.0,0.0,0.0,0.0,2500,MIN,0.0,0.0
0.0,Kellen,0.0,NYJ@Pit 01:00PM ET,7545646,Davis,Kellen Davis,Kellen Davis (7545646),PIT,TE,1.3,1.8,1.8,0.0,1.54521549767,1.50112103796,9.0,0.00653594771242,2500,NYJ,0.0,0.0
0.0,David,0.0,NYJ@Pit 01:00PM ET,7545647,Johnson,David Johnson,David Johnson (7545647),NYJ,TE,0.0,1.2,1.2,0.0,0.826477971485,0.764920023271,4.0,0.131736526946,2500,PIT,0.0,0.0
1.9,Brandon,0.0,NYJ@Pit 01:00PM ET,7545648,Bostick,Brandon Bostick,Brandon Bostick (7545648),PIT,TE,0.0,2.0,2.0,0.0,1.37746328581,1.27486670545,9.0,0.00653594771242,2500,NYJ,0.0,0.0
3.3,Xavier,0.0,NYJ@Pit 01:00PM ET,7545649,Grimble,Xavier Grimble,Xavier Grimble (7545649),NYJ,TE,0.0,1.3,1.3,0.0,0.895351135776,0.828663358544,6.0,0.0416666666667,2500,PIT,0.0,0.0
3.7,Austin,0.0,NYJ@Pit 01:00PM ET,7545650,Seferian-Jenkins,Austin Seferian-Jenkins,Austin Seferian-Jenkins (7545650),PIT,TE,4.92,2.5,2.5,4.76,2.87802358339,2.93235702415,12.0,0.0,2500,NYJ,0.0,0.0
0.0,Braedon,0.0,NYJ@Pit 01:00PM ET,7545652,Bowman,Braedon Bowman,Braedon Bowman (7545652),PIT,TE,0.0,0.0,0.0,0.0,0.0,0.0,9.0,0.00653594771242,2500,NYJ,0.0,0.0
0.0,John,0.0,Atl@Den 04:05PM ET,7545655,Phillips,John Phillips,John Phillips (7545655),ATL,TE,4.67,1.6,1.6,0.0,2.19941538546,2.29063989072,12.0,0.0,2500,DEN,0.0,0.0
0.0,Levine,0.0,Atl@Den 04:05PM ET,7545656,Toilolo,Levine Toilolo,Levine Toilolo (7545656),DEN,TE,0.0,1.0,1.0,0.0,0.688731642904,0.637433352726,10.0,0.0215827338129,2500,ATL,0.0,0.0
0.0,Jeff,0.0,Atl@Den 04:05PM ET,7545657,Heuerman,Jeff Heuerman,Jeff Heuerman (7545657),ATL,TE,3.29,0.0,0.0,0.0,0.773146306193,0.895236846193,10.0,0.015503875969,2500,DEN,0.0,0.0
0.0,Joshua,0.0,Atl@Den 04:05PM ET,7545658,Perkins,Joshua Perkins,Joshua Perkins (7545658),DEN,TE,0.0,0.0,0.0,0.0,0.0,0.0,0.0,0.0,2500,ATL,0.0,0.0
2.4,Austin,1.0,Atl@Den 04:05PM ET,7545659,Hooper,Austin Hooper,Austin Hooper (7545659),DEN,TE,0.0,2.5,2.5,0.0,1.72182910726,1.59358338181,9.0,0.0359712230216,2500,ATL,0.0,0.0
0.0,Clark,0.0,Cin@Dal 04:25PM ET,7545661,Harris,Clark Harris,Clark Harris (7545661),DAL,TE,0.0,0.0,0.0,0.0,0.0,0.0,0.0,0.0,2500,CIN,0.0,0.0
0.0,Ryan,0.0,Cin@Dal 04:25PM ET,7545662,Hewitt,Ryan Hewitt,Ryan Hewitt (7545662),DAL,TE,0.0,0.0,0.0,0.0,0.0,0.0,0.0,0.0,2500,CIN,0.0,0.0
0.0,Gavin,0.0,Cin@Dal 04:25PM ET,7545663,Escobar,Gavin Escobar,Gavin Escobar (7545663),CIN,TE,0.0,0.0,0.0,0.0,0.0,0.0,11.0,0.0,2500,DAL,0.0,0.0
5.9,Tyler,0.0,Cin@Dal 04:25PM ET,7545665,Kroft,Tyler Kroft,Tyler Kroft (7545665),DAL,TE,2.52,2.5,2.5,0.0,2.31402627796,2.27929671081,7.0,0.027027027027,2500,CIN,0.0,0.0
9.3,C.J.,1.0,Cin@Dal 04:25PM ET,7545666,Uzomah,C.J. Uzomah,C.J. Uzomah (7545666),DAL,TE,8.61,7.9,7.9,3.81,7.46432031217,7.37857736061,4.0,0.141891891892,2500,CIN,6.0,0.0
0.0,Geoff,0.0,Cin@Dal 04:25PM ET,7545667,Swaim,Geoff Swaim,Geoff Swaim (7545667),CIN,TE,0.0,1.3,1.3,0.0,0.895351135776,0.828663358544,8.0,0.0367647058824,2500,DAL,0.0,0.0
0.0,Jim,0.0,Buf@LA 04:25PM ET,7545668,Dray,Jim Dray,Jim Dray (7545668),LA,TE,0.0,0.0,0.0,0.0,0.0,0.0,0.0,0.0,2500,BUF,0.0,0.0
0.0,Cory,0.0,Buf@LA 04:25PM ET,7545671,Harkey,Cory Harkey,Cory Harkey (7545671),BUF,TE,0.0,0.0,0.0,0.0,0.0,0.0,0.0,0.0,2500,LA,0.0,0.0
0.0,Tyler,0.0,Buf@LA 04:25PM ET,7545672,Higbee,Tyler Higbee,Tyler Higbee (7545672),BUF,TE,1.65,2.5,2.5,0.0,2.10957725474,2.04256234723,6.0,0.0406504065041,2500,LA,0.0,0.0
0.0,Nick,0.0,Buf@LA 04:25PM ET,7545673,O'Leary,Nick O'Leary,Nick O'Leary (7545673),LA,TE,0.0,0.0,0.0,0.0,0.0,0.0,9.0,0.034188034188,2500,BUF,0.0,0.0
0.0,Temarrick,0.0,Buf@LA 04:25PM ET,7545674,Hemingway,Temarrick Hemingway,Temarrick Hemingway (7545674),BUF,TE,0.0,0.0,0.0,0.0,0.0,0.0,0.0,0.0,2500,LA,0.0,0.0
0.0,Lee,0.0,SD@Oak 04:25PM ET,7545676,Smith,Lee Smith,Lee Smith (7545676),SD,TE,0.0,0.0,0.0,0.0,0.0,0.0,7.0,0.0372670807453,2500,OAK,0.0,0.0
0.0,Sean,0.0,SD@Oak 04:25PM ET,7545677,McGrath,Sean McGrath,Sean McGrath (7545677),OAK,TE,0.0,0.0,0.0,0.0,0.0,0.0,10.0,0.00680272108844,2500,SD,0.0,0.0
0.0,Mychal,0.0,SD@Oak 04:25PM ET,7545678,Rivera,Mychal Rivera,Mychal Rivera (7545678),SD,TE,0.0,2.9,2.9,0.0,1.99732176442,1.84855672291,12.0,0.00621118012422,2500,OAK,0.0,0.0
0.0,Asante,0.0,SD@Oak 04:25PM ET,7545680,Cleveland,Asante Cleveland,Asante Cleveland (7545680),OAK,TE,0.0,0.0,0.0,0.0,0.0,0.0,0.0,0.0,2500,SD,0.0,0.0
0.0,Jared,0.0,NYG@GB 08:30PM ET,7545682,Cook,Jared Cook,Jared Cook (7545682),NYG,TE,0.0,0.0,0.0,0.0,0.0,0.0,4.0,0.116504854369,2500,GB,0.0,0.0
0.0,Justin,0.0,NYG@GB 08:30PM ET,7545684,Perillo,Justin Perillo,Justin Perillo (7545684),NYG,TE,0.0,3.7,3.7,3.0,2.54830707875,2.35850340509,9.0,0.00970873786408,2500,GB,0.0,0.0
4.7,Jerell,0.0,NYG@GB 08:30PM ET,7545687,Adams,Jerell Adams,Jerell Adams (7545687),GB,TE,0.0,2.2,2.2,0.0,1.51520961439,1.402353376,11.0,0.0,2500,NYG,0.0,0.0
4.0,Broncos,,Atl@Den 04:05PM ET,7546027,,Broncos ,Broncos  (7546027),ATL,DST,11.22,10.0,,9.01,,,,,3800,DEN,,
10.0,Patriots,,NE@Cle 01:00PM ET,7546013,,Patriots ,Patriots  (7546013),CLE,DST,10.43,8.9,,9.65,,,,,3700,NE,,
7.0,Steelers,,NYJ@Pit 01:00PM ET,7546025,,Steelers ,Steelers  (7546025),NYJ,DST,9.88,9.9,,8.38,,,,,3500,PIT,,
16.0,Vikings,,Hou@Min 01:00PM ET,7546023,,Vikings ,Vikings  (7546023),HOU,DST,13.18,9.1,,10.15,,,,,3400,MIN,,
4.0,Rams,,Buf@LA 04:25PM ET,7546031,,Rams ,Rams  (7546031),BUF,DST,9.58,6.6,,7.12,,,,,3200,LA,,
7.0,Packers,,NYG@GB 08:30PM ET,7546034,,Packers ,Packers  (7546034),NYG,DST,8.91,8.4,,8.45,,,,,3200,GB,,
17.0,Bills,,Buf@LA 04:25PM ET,7546030,,Bills ,Bills  (7546030),LA,DST,9.2,7.0,,7.54,,,,,3100,BUF,,
6.0,Ravens,,Was@Bal 01:00PM ET,7546021,,Ravens ,Ravens  (7546021),WAS,DST,9.86,6.4,,7.5,,,,,3000,BAL,,
1.0,Texans,,Hou@Min 01:00PM ET,7546022,,Texans ,Texans  (7546022),MIN,DST,8.61,6.8,,7.09,,,,,3000,HOU,,
5.0,Eagles,,Phi@Det 01:00PM ET,7546015,,Eagles ,Eagles  (7546015),DET,DST,9.22,7.4,,8.92,,,,,2900,PHI,,
7.0,Dolphins,,Ten@Mia 01:00PM ET,7546019,,Dolphins ,Dolphins  (7546019),TEN,DST,8.86,6.3,,8.03,,,,,2900,MIA,,
2.0,Jets,,NYJ@Pit 01:00PM ET,7546024,,Jets ,Jets  (7546024),PIT,DST,5.82,7.0,,6.0,,,,,2800,NYJ,,
2.0,Bengals,,Cin@Dal 04:25PM ET,7546028,,Bengals ,Bengals  (7546028),DAL,DST,6.42,7.2,,6.05,,,,,2800,CIN,,
13.0,Redskins,,Was@Bal 01:00PM ET,7546020,,Redskins ,Redskins  (7546020),BAL,DST,5.25,8.6,,6.97,,,,,2700,WAS,,
7.0,Cowboys,,Cin@Dal 04:25PM ET,7546029,,Cowboys ,Cowboys  (7546029),CIN,DST,6.3,4.6,,5.62,,,,,2700,DAL,,
2.0,Colts,,Chi@Ind 01:00PM ET,7546017,,Colts ,Colts  (7546017),CHI,DST,8.28,6.9,,8.03,,,,,2600,IND,,
4.0,Giants,,NYG@GB 08:30PM ET,7546035,,Giants ,Giants  (7546035),GB,DST,5.99,6.5,,5.56,,,,,2600,NYG,,
7.0,Lions,,Phi@Det 01:00PM ET,7546014,,Lions ,Lions  (7546014),PHI,DST,7.49,6.8,,6.53,,,,,2500,DET,,
11.0,Titans,,Ten@Mia 01:00PM ET,7546018,,Titans ,Titans  (7546018),MIA,DST,6.96,6.0,,6.94,,,,,2400,TEN,,
9.0,Raiders,,SD@Oak 04:25PM ET,7546032,,Raiders ,Raiders  (7546032),SD,DST,6.22,6.9,,7.54,,,,,2400,OAK,,
9.0,Falcons,,Atl@Den 04:05PM ET,7546026,,Falcons ,Falcons  (7546026),DEN,DST,6.52,6.0,,6.65,,,,,2300,ATL,,
0.0,Browns,,NE@Cle 01:00PM ET,7546012,,Browns ,Browns  (7546012),NE,DST,4.79,5.1,,5.43,,,,,2200,CLE,,
4.0,Bears,,Chi@Ind 01:00PM ET,7546016,,Bears ,Bears  (7546016),IND,DST,4.85,5.2,,6.92,,,,,2200,CHI,,
4.0,Chargers,,SD@Oak 04:25PM ET,7546033,,Chargers ,Chargers  (7546033),OAK,DST,6.74,5.8,,5.55,,,,,2100,SD,,
