"Position","Name...ID","Name","ID","Salary","GameInfo","Team","FirstName","LastName","Opponent","Projection","Projection_dfn","RankTargets","RollingTargetPctg","ValueWR"
"WR","Antonio Brown (0000000)","Antonio Brown",0,9800,"NYJ@Pit 00:00PM ET","Pit","Antonio","Brown","NYJ",26.78,24.3,1,0.319444444444444,0
"WR","Julio Jones (0000000)","Julio Jones",0,9600,"Atl@Den 00:00PM ET","Atl","Julio","Jones","Den",18.49,23.9,1,0.251798561151079,0
"WR","A.J. Green (0000000)","A.J. Green",0,8900,"Cin@Dal 00:00PM ET","Cin","A.J.","Green","Dal",21,20.5,1,0.304054054054054,0
"WR","Odell Beckham (0000000)","Odell Beckham",0,8500,"NYG@GB 00:00PM ET","NYG","Odell","Beckham","GB",19.41,18.8,1,0.265822784810127,0
"QB","Cam Newton (0000000)","Cam Newton",0,7900,"TB@Car 00:00PM ET","Car","Cam","Newton","TB",0,0,0,0,0
"RB","David Johnson (0000000)","David Johnson",0,7900,"Ari@SF 00:00PM ET","Ari","David","Johnson","SF",21.69,23.4,4,0.131736526946108,0
"WR","Jordy Nelson (0000000)","Jordy Nelson",0,7900,"NYG@GB 00:00PM ET","GB","Jordy","Nelson","NYG",21.92,19,1,0.271844660194175,0
"WR","Alshon Jeffery (0000000)","Alshon Jeffery",0,7800,"Chi@Ind 00:00PM ET","Chi","Alshon","Jeffery","Ind",15.1,16.4,2,0.183098591549296,0
"WR","Dez Bryant (0000000)","Dez Bryant",0,7700,"Cin@Dal 00:00PM ET","Dal","Dez","Bryant","Cin",0,0,3,0.176470588235294,0
"QB","Aaron Rodgers (0000000)","Aaron Rodgers",0,7700,"NYG@GB 00:00PM ET","GB","Aaron","Rodgers","NYG",22.81,23.8,0,0,0
"WR","DeAndre Hopkins (0000000)","DeAndre Hopkins",0,7700,"Hou@Min 00:00PM ET","Hou","DeAndre","Hopkins","Min",14.91,18.2,2,0.21830985915493,0
"WR","Marvin Jones (0000000)","Marvin Jones",0,7600,"Phi@Det 00:00PM ET","Det","Marvin","Jones","Phi",18.59,17.8,1,0.25,0
"WR","Mike Evans (0000000)","Mike Evans",0,7500,"TB@Car 00:00PM ET","TB","Mike","Evans","Car",20.04,19.2,1,0.284090909090909,0
"QB","Tom Brady (0000000)","Tom Brady",0,7500,"NE@Cle 00:00PM ET","NE","Tom","Brady","Cle",21.63,24.2,0,0,0
"RB","Le'Veon Bell (0000000)","Le'Veon Bell",0,7500,"NYJ@Pit 00:00PM ET","Pit","Le'Veon","Bell","NYJ",21.79,21.2,6,0.0416666666666667,0
"WR","T.Y. Hilton (0000000)","T.Y. Hilton",0,7400,"Chi@Ind 00:00PM ET","Ind","T.Y.","Hilton","Chi",20.46,19.3,1,0.274853801169591,0
"QB","Andrew Luck (0000000)","Andrew Luck",0,7300,"Chi@Ind 00:00PM ET","Ind","Andrew","Luck","Chi",21.08,23.1,0,0,0
"WR","Kelvin Benjamin (0000000)","Kelvin Benjamin",0,7300,"TB@Car 00:00PM ET","Car","Kelvin","Benjamin","TB",17.36,14.4,2,0.180124223602484,0
"RB","DeMarco Murray (0000000)","DeMarco Murray",0,7200,"Ten@Mia 00:00PM ET","Ten","DeMarco","Murray","Mia",19.9,20,3,0.142857142857143,0
"WR","Amari Cooper (0000000)","Amari Cooper",0,7200,"SD@Oak 00:00PM ET","Oak","Amari","Cooper","SD",16.97,16.5,1,0.254658385093168,0
"QB","Ben Roethlisberger (0000000)","Ben Roethlisberger",0,7200,"NYJ@Pit 00:00PM ET","Pit","Ben","Roethlisberger","NYJ",20.22,21.1,0,0,0
"WR","Larry Fitzgerald (0000000)","Larry Fitzgerald",0,7200,"Ari@SF 00:00PM ET","Ari","Larry","Fitzgerald","SF",16.91,16.6,1,0.239520958083832,0
"WR","Brandon Marshall (0000000)","Brandon Marshall",0,7100,"NYJ@Pit 00:00PM ET","NYJ","Brandon","Marshall","Pit",17.85,20.8,1,0.248366013071895,0
"QB","Matt Ryan (0000000)","Matt Ryan",0,7100,"Atl@Den 00:00PM ET","Atl","Matt","Ryan","Den",17,18.5,0,0,0
"RB","Melvin Gordon (0000000)","Melvin Gordon",0,7000,"SD@Oak 00:00PM ET","SD","Melvin","Gordon","Oak",17.47,13.4,4,0.115646258503401,0
"WR","Jarvis Landry (0000000)","Jarvis Landry",0,7000,"Ten@Mia 00:00PM ET","Mia","Jarvis","Landry","Ten",20.47,17.3,1,0.345864661654135,0
"WR","Michael Crabtree (0000000)","Michael Crabtree",0,6900,"SD@Oak 00:00PM ET","Oak","Michael","Crabtree","SD",16.08,16.2,2,0.229813664596273,0
"RB","C.J. Anderson (0000000)","C.J. Anderson",0,6900,"Atl@Den 00:00PM ET","Den","C.J.","Anderson","Atl",17.57,16.7,3,0.116279069767442,0
"WR","Demaryius Thomas (0000000)","Demaryius Thomas",0,6900,"Atl@Den 00:00PM ET","Den","Demaryius","Thomas","Atl",15.58,17.8,2,0.263565891472868,0
"QB","Philip Rivers (0000000)","Philip Rivers",0,6900,"SD@Oak 00:00PM ET","SD","Philip","Rivers","Oak",18.27,17.2,0,0,0
"QB","Derek Carr (0000000)","Derek Carr",0,6800,"SD@Oak 00:00PM ET","Oak","Derek","Carr","SD",20.28,22.6,0,0,0
"WR","Jordan Matthews (0000000)","Jordan Matthews",0,6800,"Phi@Det 00:00PM ET","Phi","Jordan","Matthews","Det",15.45,17.4,1,0.270833333333333,0
"WR","Emmanuel Sanders (0000000)","Emmanuel Sanders",0,6800,"Atl@Den 00:00PM ET","Den","Emmanuel","Sanders","Atl",17.52,17.6,1,0.317829457364341,0
"RB","Ezekiel Elliott (0000000)","Ezekiel Elliott",0,6800,"Cin@Dal 00:00PM ET","Dal","Ezekiel","Elliott","Cin",17.68,18.9,6,0.0514705882352941,0
"QB","Carson Palmer (0000000)","Carson Palmer",0,6700,"Ari@SF 00:00PM ET","Ari","Carson","Palmer","SF",0,0,0,0,0
"WR","Julian Edelman (0000000)","Julian Edelman",0,6700,"NE@Cle 00:00PM ET","NE","Julian","Edelman","Cle",18.47,16.3,1,0.248,0
"TE","Jordan Reed (0000000)","Jordan Reed",0,6600,"Was@Bal 00:00PM ET","Was","Jordan","Reed","Bal",16.63,14.7,1,0.227272727272727,0
"RB","LeSean McCoy (0000000)","LeSean McCoy",0,6600,"Buf@LA 00:00PM ET","Buf","LeSean","McCoy","LA",16.57,15.2,3,0.162393162393162,0
"QB","Matthew Stafford (0000000)","Matthew Stafford",0,6600,"Phi@Det 00:00PM ET","Det","Matthew","Stafford","Phi",19.04,17.9,0,0,0
"RB","Todd Gurley (0000000)","Todd Gurley",0,6500,"Buf@LA 00:00PM ET","LA","Todd","Gurley","Buf",13.77,19.5,5,0.0894308943089431,0
"WR","Travis Benjamin (0000000)","Travis Benjamin",0,6500,"SD@Oak 00:00PM ET","SD","Travis","Benjamin","Oak",13.06,13.7,1,0.204081632653061,0
"TE","Rob Gronkowski (0000000)","Rob Gronkowski",0,6500,"NE@Cle 00:00PM ET","NE","Rob","Gronkowski","Cle",14.52,15,7,0.024,0
"QB","Carson Wentz (0000000)","Carson Wentz",0,6400,"Phi@Det 00:00PM ET","Phi","Carson","Wentz","Det",17.89,19,0,0,0
"TE","Greg Olsen (0000000)","Greg Olsen",0,6300,"TB@Car 00:00PM ET","Car","Greg","Olsen","TB",17.85,13.5,1,0.260869565217391,0
"RB","Lamar Miller (0000000)","Lamar Miller",0,6300,"Hou@Min 00:00PM ET","Hou","Lamar","Miller","Min",15.01,19.8,4,0.105633802816901,0
"WR","Stefon Diggs (0000000)","Stefon Diggs",0,6300,"Hou@Min 00:00PM ET","Min","Stefon","Diggs","Hou",0,0,1,0.265151515151515,0
"WR","Randall Cobb (0000000)","Randall Cobb",0,6200,"NYG@GB 00:00PM ET","GB","Randall","Cobb","NYG",13.06,13.2,2,0.203883495145631,0
"QB","Joe Flacco (0000000)","Joe Flacco",0,6200,"Was@Bal 00:00PM ET","Bal","Joe","Flacco","Was",18.09,17.1,0,0,0
"RB","Matt Forte (0000000)","Matt Forte",0,6200,"NYJ@Pit 00:00PM ET","NYJ","Matt","Forte","Pit",14.89,14.8,5,0.104575163398693,0
"RB","DeAngelo Williams (0000000)","DeAngelo Williams",0,6100,"NYJ@Pit 00:00PM ET","Pit","DeAngelo","Williams","NYJ",6.45,5.3,2,0.152777777777778,0
"QB","Kirk Cousins (0000000)","Kirk Cousins",0,6100,"Was@Bal 00:00PM ET","Was","Kirk","Cousins","Bal",17.69,17.9,0,0,0
"QB","Tony Romo (0000000)","Tony Romo",0,6000,"Cin@Dal 00:00PM ET","Dal","Tony","Romo","Cin",0,0,0,0,0
"WR","Eric Decker (0000000)","Eric Decker",0,6000,"NYJ@Pit 00:00PM ET","NYJ","Eric","Decker","Pit",0,0,3,0.137254901960784,0
"QB","Eli Manning (0000000)","Eli Manning",0,6000,"NYG@GB 00:00PM ET","NYG","Eli","Manning","GB",16.93,16.9,0,0,0
"RB","Eddie Lacy (0000000)","Eddie Lacy",0,5900,"NYG@GB 00:00PM ET","GB","Eddie","Lacy","NYG",11.55,14.7,6,0.0485436893203883,0
"WR","DeSean Jackson (0000000)","DeSean Jackson",0,5900,"Was@Bal 00:00PM ET","Was","DeSean","Jackson","Bal",11.87,14.4,2,0.188311688311688,0
"QB","Andy Dalton (0000000)","Andy Dalton",0,5900,"Cin@Dal 00:00PM ET","Cin","Andy","Dalton","Dal",18.07,19,0,0,0
"WR","Terrelle Pryor (0000000)","Terrelle Pryor",0,5800,"NE@Cle 00:00PM ET","Cle","Terrelle","Pryor","NE",16.15,15.2,1,0.297872340425532,0
"QB","Jameis Winston (0000000)","Jameis Winston",0,5800,"TB@Car 00:00PM ET","TB","Jameis","Winston","Car",17.46,17.7,0,0,0
"WR","Will Fuller (0000000)","Will Fuller",0,5800,"Hou@Min 00:00PM ET","Hou","Will","Fuller","Min",14.82,14,1,0.23943661971831,0
"WR","Donte Moncrief (0000000)","Donte Moncrief",0,5700,"Chi@Ind 00:00PM ET","Ind","Donte","Moncrief","Chi",0,0,7,0.0584795321637427,0
"RB","Frank Gore (0000000)","Frank Gore",0,5700,"Chi@Ind 00:00PM ET","Ind","Frank","Gore","Chi",14.82,13.6,4,0.111111111111111,0
"QB","Ryan Tannehill (0000000)","Ryan Tannehill",0,5700,"Ten@Mia 00:00PM ET","Mia","Ryan","Tannehill","Ten",17.45,19,0,0,0
"QB","Dak Prescott (0000000)","Dak Prescott",0,5600,"Cin@Dal 00:00PM ET","Dal","Dak","Prescott","Cin",18.05,15.6,0,0,0
"RB","LeGarrette Blount (0000000)","LeGarrette Blount",0,5600,"NE@Cle 00:00PM ET","NE","LeGarrette","Blount","Cle",14.42,17,7,0.024,0
"QB","Brian Hoyer (0000000)","Brian Hoyer",0,5500,"Chi@Ind 00:00PM ET","Chi","Brian","Hoyer","Ind",15.76,16,0,0,0
"RB","Charles Sims (0000000)","Charles Sims",0,5500,"TB@Car 00:00PM ET","TB","Charles","Sims","Car",0,0,5,0.102272727272727,0
"WR","Sterling Shepard (0000000)","Sterling Shepard",0,5500,"NYG@GB 00:00PM ET","NYG","Sterling","Shepard","GB",14.17,11.4,2,0.170886075949367,0
"QB","Derek Anderson (0000000)","Derek Anderson",0,5500,"TB@Car 00:00PM ET","Car","Derek","Anderson","TB",14.85,17.2,0,0,0
"QB","Marcus Mariota (0000000)","Marcus Mariota",0,5400,"Ten@Mia 00:00PM ET","Ten","Marcus","Mariota","Mia",17.14,17.7,0,0,0
"QB","Brock Osweiler (0000000)","Brock Osweiler",0,5300,"Hou@Min 00:00PM ET","Hou","Brock","Osweiler","Min",13.99,16.7,0,0,0
"RB","Doug Martin (0000000)","Doug Martin",0,5300,"TB@Car 00:00PM ET","TB","Doug","Martin","Car",0,0,6,0.0284090909090909,0
"QB","Jay Cutler (0000000)","Jay Cutler",0,5300,"Chi@Ind 00:00PM ET","Chi","Jay","Cutler","Ind",0,0,0,0,0
"WR","Steve Smith (0000000)","Steve Smith",0,5300,"Was@Bal 00:00PM ET","Bal","Steve","Smith","Was",14.2,15.2,1,0.222222222222222,0
"QB","Trevor Siemian (0000000)","Trevor Siemian",0,5200,"Atl@Den 00:00PM ET","Den","Trevor","Siemian","Atl",0,0,0,0,0
"RB","Jordan Howard (0000000)","Jordan Howard",0,5200,"Chi@Ind 00:00PM ET","Chi","Jordan","Howard","Ind",14.45,16.9,5,0.0915492957746479,0
"QB","Tyrod Taylor (0000000)","Tyrod Taylor",0,5200,"Buf@LA 00:00PM ET","Buf","Tyrod","Taylor","LA",17.17,17.2,0,0,0
"QB","Jimmy Garoppolo (0000000)","Jimmy Garoppolo",0,5200,"NE@Cle 00:00PM ET","NE","Jimmy","Garoppolo","Cle",0,0,11,0.008,0
"QB","Paxton Lynch (0000000)","Paxton Lynch",0,5200,"Atl@Den 00:00PM ET","Den","Paxton","Lynch","Atl",14.67,15.9,0,0,0
"WR","Mike Wallace (0000000)","Mike Wallace",0,5100,"Was@Bal 00:00PM ET","Bal","Mike","Wallace","Was",10.13,10.6,2,0.179012345679012,0
"QB","Sam Bradford (0000000)","Sam Bradford",0,5100,"Hou@Min 00:00PM ET","Min","Sam","Bradford","Hou",15.62,12.3,11,0,0
"QB","Ryan Fitzpatrick (0000000)","Ryan Fitzpatrick",0,5100,"NYJ@Pit 00:00PM ET","NYJ","Ryan","Fitzpatrick","Pit",16.62,21,0,0,0
"QB","Colin Kaepernick (0000000)","Colin Kaepernick",0,5000,"Ari@SF 00:00PM ET","SF","Colin","Kaepernick","Ari",0,1.3,0,0,0
"QB","Christian Ponder (0000000)","Christian Ponder",0,5000,"Ari@SF 00:00PM ET","SF","Christian","Ponder","Ari",0,0,0,0,0
"QB","Blaine Gabbert (0000000)","Blaine Gabbert",0,5000,"Ari@SF 00:00PM ET","SF","Blaine","Gabbert","Ari",14.59,14.5,11,0.00840336134453781,0
"QB","Josh McCown (0000000)","Josh McCown",0,5000,"NE@Cle 00:00PM ET","Cle","Josh","McCown","NE",0,0,0,0,0
"QB","Charlie Whitehurst (0000000)","Charlie Whitehurst",0,5000,"NE@Cle 00:00PM ET","Cle","Charlie","Whitehurst","NE",0,0,0,0,0
"QB","Cody Kessler (0000000)","Cody Kessler",0,5000,"NE@Cle 00:00PM ET","Cle","Cody","Kessler","NE",11.63,14.5,0,0,0
"QB","Jacoby Brissett (0000000)","Jacoby Brissett",0,5000,"NE@Cle 00:00PM ET","NE","Jacoby","Brissett","Cle",0,0,0,0,0
"QB","Dan Orlovsky (0000000)","Dan Orlovsky",0,5000,"Phi@Det 00:00PM ET","Det","Dan","Orlovsky","Phi",0,0,0,0,0
"QB","Chase Daniel (0000000)","Chase Daniel",0,5000,"Phi@Det 00:00PM ET","Phi","Chase","Daniel","Det",0,0,0,0,0
"QB","Scott Tolzien (0000000)","Scott Tolzien",0,5000,"Chi@Ind 00:00PM ET","Ind","Scott","Tolzien","Chi",0,0,0,0,0
"QB","Matt Barkley (0000000)","Matt Barkley",0,5000,"Chi@Ind 00:00PM ET","Chi","Matt","Barkley","Ind",0,0,0,0,0
"QB","Matt Cassel (0000000)","Matt Cassel",0,5000,"Ten@Mia 00:00PM ET","Ten","Matt","Cassel","Mia",0,0,0,0,0
"QB","Matt Moore (0000000)","Matt Moore",0,5000,"Ten@Mia 00:00PM ET","Mia","Matt","Moore","Ten",0,0,0,0,0
"WR","DeVante Parker (0000000)","DeVante Parker",0,5000,"Ten@Mia 00:00PM ET","Mia","DeVante","Parker","Ten",12.35,12.9,2,0.165413533834586,1
"QB","Colt McCoy (0000000)","Colt McCoy",0,5000,"Was@Bal 00:00PM ET","Was","Colt","McCoy","Bal",0,0,0,0,0
"QB","Ryan Mallett (0000000)","Ryan Mallett",0,5000,"Was@Bal 00:00PM ET","Bal","Ryan","Mallett","Was",0,0,0,0,0
"QB","Nate Sudfeld (0000000)","Nate Sudfeld",0,5000,"Was@Bal 00:00PM ET","Was","Nate","Sudfeld","Bal",0,0,0,0,0
"QB","Shaun Hill (0000000)","Shaun Hill",0,5000,"Hou@Min 00:00PM ET","Min","Shaun","Hill","Hou",0,0,0,0,0
"QB","Brandon Weeden (0000000)","Brandon Weeden",0,5000,"Hou@Min 00:00PM ET","Hou","Brandon","Weeden","Min",0,0,0,0,0
"QB","Tom Savage (0000000)","Tom Savage",0,5000,"Hou@Min 00:00PM ET","Hou","Tom","Savage","Min",0,0,0,0,0
"QB","Landry Jones (0000000)","Landry Jones",0,5000,"NYJ@Pit 00:00PM ET","Pit","Landry","Jones","NYJ",0,0,0,0,0
"QB","Zach Mettenberger (0000000)","Zach Mettenberger",0,5000,"NYJ@Pit 00:00PM ET","Pit","Zach","Mettenberger","NYJ",0,0,0,0,0
"QB","Bryce Petty (0000000)","Bryce Petty",0,5000,"NYJ@Pit 00:00PM ET","NYJ","Bryce","Petty","Pit",0,0,0,0,0
"QB","Geno Smith (0000000)","Geno Smith",0,5000,"NYJ@Pit 00:00PM ET","NYJ","Geno","Smith","Pit",0,0,0,0,0
"QB","Christian Hackenberg (0000000)","Christian Hackenberg",0,5000,"NYJ@Pit 00:00PM ET","NYJ","Christian","Hackenberg","Pit",0,0,0,0,0
"QB","Matt Schaub (0000000)","Matt Schaub",0,5000,"Atl@Den 00:00PM ET","Atl","Matt","Schaub","Den",0,0,0,0,0
"QB","Austin Davis (0000000)","Austin Davis",0,5000,"Atl@Den 00:00PM ET","Den","Austin","Davis","Atl",0,0,0,0,0
"RB","Devonta Freeman (0000000)","Devonta Freeman",0,5000,"Atl@Den 00:00PM ET","Atl","Devonta","Freeman","Den",11.88,12.6,5,0.079136690647482,0
"QB","Mark Sanchez (0000000)","Mark Sanchez",0,5000,"Cin@Dal 00:00PM ET","Dal","Mark","Sanchez","Cin",0,1.5,0,0,0
"QB","AJ McCarron (0000000)","AJ McCarron",0,5000,"Cin@Dal 00:00PM ET","Cin","AJ","McCarron","Dal",0,0,0,0,0
"QB","Jeff Driskel (0000000)","Jeff Driskel",0,5000,"Cin@Dal 00:00PM ET","Cin","Jeff","Driskel","Dal",0,0,0,0,0
"QB","Case Keenum (0000000)","Case Keenum",0,5000,"Buf@LA 00:00PM ET","LA","Case","Keenum","Buf",12.13,12.8,0,0,0
"QB","EJ Manuel (0000000)","EJ Manuel",0,5000,"Buf@LA 00:00PM ET","Buf","EJ","Manuel","LA",0,0,0,0,0
"QB","Sean Mannion (0000000)","Sean Mannion",0,5000,"Buf@LA 00:00PM ET","LA","Sean","Mannion","Buf",0,0,0,0,0
"QB","Cardale Jones (0000000)","Cardale Jones",0,5000,"Buf@LA 00:00PM ET","Buf","Cardale","Jones","LA",0,0,0,0,0
"QB","Jared Goff (0000000)","Jared Goff",0,5000,"Buf@LA 00:00PM ET","LA","Jared","Goff","Buf",0,0,0,0,0
"QB","Drew Stanton (0000000)","Drew Stanton",0,5000,"Ari@SF 00:00PM ET","Ari","Drew","Stanton","SF",14.39,17.5,0,0,0
"QB","Matt McGloin (0000000)","Matt McGloin",0,5000,"SD@Oak 00:00PM ET","Oak","Matt","McGloin","SD",0,0,0,0,0
"QB","Connor Cook (0000000)","Connor Cook",0,5000,"SD@Oak 00:00PM ET","Oak","Connor","Cook","SD",0,0,0,0,0
"QB","Josh Johnson (0000000)","Josh Johnson",0,5000,"NYG@GB 00:00PM ET","NYG","Josh","Johnson","GB",0,0,0,0,0
"QB","Ryan Nassib (0000000)","Ryan Nassib",0,5000,"NYG@GB 00:00PM ET","NYG","Ryan","Nassib","GB",0,0,0,0,0
"QB","Brett Hundley (0000000)","Brett Hundley",0,5000,"NYG@GB 00:00PM ET","GB","Brett","Hundley","NYG",0,0,0,0,0
"QB","Joe Callahan (0000000)","Joe Callahan",0,5000,"NYG@GB 00:00PM ET","GB","Joe","Callahan","NYG",0,0,0,0,0
"QB","Joe Webb (0000000)","Joe Webb",0,5000,"TB@Car 00:00PM ET","Car","Joe","Webb","TB",0,0,10,0.0062111801242236,0
"QB","Mike Glennon (0000000)","Mike Glennon",0,5000,"TB@Car 00:00PM ET","TB","Mike","Glennon","Car",0,0,0,0,0
"QB","Ryan Griffin (0000000)","Ryan Griffin",0,5000,"TB@Car 00:00PM ET","TB","Ryan","Griffin","Car",0,0,0,0,0
"QB","Kellen Clemens (0000000)","Kellen Clemens",0,5000,"SD@Oak 00:00PM ET","SD","Kellen","Clemens","Oak",0,0,0,0,0
"WR","Michael Floyd (0000000)","Michael Floyd",0,4900,"Ari@SF 00:00PM ET","Ari","Michael","Floyd","SF",11.38,9.5,3,0.173652694610778,0
"WR","Golden Tate (0000000)","Golden Tate",0,4900,"Phi@Det 00:00PM ET","Det","Golden","Tate","Phi",9.39,12.8,2,0.175,0
"RB","Theo Riddick (0000000)","Theo Riddick",0,4900,"Phi@Det 00:00PM ET","Det","Theo","Riddick","Phi",12.69,14.4,3,0.16875,0
"RB","Isaiah Crowell (0000000)","Isaiah Crowell",0,4800,"NE@Cle 00:00PM ET","Cle","Isaiah","Crowell","NE",13.14,9.8,6,0.0638297872340425,0
"WR","Phillip Dorsett (0000000)","Phillip Dorsett",0,4800,"Chi@Ind 00:00PM ET","Ind","Phillip","Dorsett","Chi",9.29,22.05,6,0.0994152046783626,0
"WR","Mohamed Sanu (0000000)","Mohamed Sanu",0,4800,"Atl@Den 00:00PM ET","Atl","Mohamed","Sanu","Den",9.08,9.9,2,0.151079136690647,1
"RB","Carlos Hyde (0000000)","Carlos Hyde",0,4800,"Ari@SF 00:00PM ET","SF","Carlos","Hyde","Ari",13.88,11.5,5,0.0672268907563025,0
"RB","Terrance West (0000000)","Terrance West",0,4800,"Was@Bal 00:00PM ET","Bal","Terrance","West","Was",12.51,12.2,8,0.0432098765432099,0
"WR","Tyrell Williams (0000000)","Tyrell Williams",0,4700,"SD@Oak 00:00PM ET","SD","Tyrell","Williams","Oak",12.31,16.8,2,0.183673469387755,0
"RB","Arian Foster (0000000)","Arian Foster",0,4700,"Ten@Mia 00:00PM ET","Mia","Arian","Foster","Ten",0,0,8,0.037593984962406,0
"TE","Delanie Walker (0000000)","Delanie Walker",0,4700,"Ten@Mia 00:00PM ET","Ten","Delanie","Walker","Mia",13.93,11.6,4,0.135714285714286,0
"WR","Quincy Enunwa (0000000)","Quincy Enunwa",0,4600,"NYJ@Pit 00:00PM ET","NYJ","Quincy","Enunwa","Pit",14.36,19.05,2,0.215686274509804,0
"WR","Corey Coleman (0000000)","Corey Coleman",0,4600,"NE@Cle 00:00PM ET","Cle","Corey","Coleman","NE",0,0,5,0.0851063829787234,1
"WR","Jamison Crowder (0000000)","Jamison Crowder",0,4600,"Was@Bal 00:00PM ET","Was","Jamison","Crowder","Bal",10.8,14.85,3,0.175324675324675,0
"RB","Ryan Mathews (0000000)","Ryan Mathews",0,4600,"Phi@Det 00:00PM ET","Phi","Ryan","Mathews","Det",11.49,10.9,8,0.0104166666666667,0
"RB","Jonathan Stewart (0000000)","Jonathan Stewart",0,4500,"TB@Car 00:00PM ET","Car","Jonathan","Stewart","TB",0,0,9,0.0248447204968944,0
"WR","Victor Cruz (0000000)","Victor Cruz",0,4500,"NYG@GB 00:00PM ET","NYG","Victor","Cruz","GB",9.78,12.45,3,0.158227848101266,0
"RB","Matt Jones (0000000)","Matt Jones",0,4500,"Was@Bal 00:00PM ET","Was","Matt","Jones","Bal",11.85,9.5,6,0.0454545454545455,0
"RB","Rashad Jennings (0000000)","Rashad Jennings",0,4500,"NYG@GB 00:00PM ET","NYG","Rashad","Jennings","GB",0,11.4,8,0.0253164556962025,0
"TE","Jason Witten (0000000)","Jason Witten",0,4400,"Cin@Dal 00:00PM ET","Dal","Jason","Witten","Cin",10.25,11.2,2,0.220588235294118,0
"WR","John Brown (0000000)","John Brown",0,4400,"Ari@SF 00:00PM ET","Ari","John","Brown","SF",11.86,20.85,2,0.197604790419162,1
"WR","Tajae Sharpe (0000000)","Tajae Sharpe",0,4400,"Ten@Mia 00:00PM ET","Ten","Tajae","Sharpe","Mia",10.75,15.6,1,0.25,0
"RB","Giovani Bernard (0000000)","Giovani Bernard",0,4400,"Cin@Dal 00:00PM ET","Cin","Giovani","Bernard","Dal",11.1,11.6,2,0.182432432432432,0
"WR","Cole Beasley (0000000)","Cole Beasley",0,4300,"Cin@Dal 00:00PM ET","Dal","Cole","Beasley","Cin",12.1,15.75,1,0.227941176470588,0
"RB","Jeremy Langford (0000000)","Jeremy Langford",0,4300,"Chi@Ind 00:00PM ET","Chi","Jeremy","Langford","Ind",0,0,6,0.0704225352112676,0
"RB","Darren Sproles (0000000)","Darren Sproles",0,4300,"Phi@Det 00:00PM ET","Phi","Darren","Sproles","Det",9.76,10,3,0.135416666666667,0
"TE","Tyler Eifert (0000000)","Tyler Eifert",0,4200,"Cin@Dal 00:00PM ET","Cin","Tyler","Eifert","Dal",0,0,10,0,0
"RB","Latavius Murray (0000000)","Latavius Murray",0,4200,"SD@Oak 00:00PM ET","Oak","Latavius","Murray","SD",0,0,5,0.0745341614906832,0
"WR","Eddie Royal (0000000)","Eddie Royal",0,4200,"Chi@Ind 00:00PM ET","Chi","Eddie","Royal","Ind",11.82,18.75,3,0.154929577464789,1
"RB","Jeremy Hill (0000000)","Jeremy Hill",0,4200,"Cin@Dal 00:00PM ET","Cin","Jeremy","Hill","Dal",11.56,11.4,6,0.0405405405405405,0
"WR","Chris Hogan (0000000)","Chris Hogan",0,4100,"NE@Cle 00:00PM ET","NE","Chris","Hogan","Cle",9.51,11.25,4,0.128,0
"TE","Dennis Pitta (0000000)","Dennis Pitta",0,4100,"Was@Bal 00:00PM ET","Bal","Dennis","Pitta","Was",12.5,11.3,2,0.179012345679012,0
"WR","Dontrelle Inman (0000000)","Dontrelle Inman",0,4100,"SD@Oak 00:00PM ET","SD","Dontrelle","Inman","Oak",10.7,13.95,3,0.163265306122449,1
"RB","Fozzy Whittaker (0000000)","Fozzy Whittaker",0,4100,"TB@Car 00:00PM ET","Car","Fozzy","Whittaker","TB",9.43,7.8,3,0.130434782608696,0
"RB","Duke Johnson (0000000)","Duke Johnson",0,4100,"NE@Cle 00:00PM ET","Cle","Duke","Johnson","NE",10.69,10.3,2,0.191489361702128,0
"RB","Tevin Coleman (0000000)","Tevin Coleman",0,4100,"Atl@Den 00:00PM ET","Atl","Tevin","Coleman","Den",9.23,10.1,4,0.107913669064748,0
"RB","Bilal Powell (0000000)","Bilal Powell",0,4000,"NYJ@Pit 00:00PM ET","NYJ","Bilal","Powell","Pit",9.16,8.7,3,0.137254901960784,0
"RB","Jerick McKinnon (0000000)","Jerick McKinnon",0,4000,"Hou@Min 00:00PM ET","Min","Jerick","McKinnon","Hou",13.18,12.6,5,0.0757575757575758,0
"TE","Antonio Gates (0000000)","Antonio Gates",0,4000,"SD@Oak 00:00PM ET","SD","Antonio","Gates","Oak",9.42,12.5,6,0.0612244897959184,0
"WR","Anquan Boldin (0000000)","Anquan Boldin",0,4000,"Phi@Det 00:00PM ET","Det","Anquan","Boldin","Phi",11.9,10.8,4,0.15625,0
"WR","Danny Amendola (0000000)","Danny Amendola",0,3900,"NE@Cle 00:00PM ET","NE","Danny","Amendola","Cle",8.18,6.5,5,0.104,1
"WR","Pierre Garcon (0000000)","Pierre Garcon",0,3900,"Was@Bal 00:00PM ET","Was","Pierre","Garcon","Bal",10.1,10.8,4,0.162337662337662,0
"WR","Markus Wheaton (0000000)","Markus Wheaton",0,3900,"NYJ@Pit 00:00PM ET","Pit","Markus","Wheaton","NYJ",6.56,7.8,6,0.0416666666666667,0
"WR","Robert Woods (0000000)","Robert Woods",0,3900,"Buf@LA 00:00PM ET","Buf","Robert","Woods","LA",12.28,10.5,1,0.222222222222222,0
"WR","Torrey Smith (0000000)","Torrey Smith",0,3900,"Ari@SF 00:00PM ET","SF","Torrey","Smith","Ari",7.84,10.8,2,0.176470588235294,0
"RB","James White (0000000)","James White",0,3900,"NE@Cle 00:00PM ET","NE","James","White","Cle",7.74,11.7,3,0.152,0
"WR","Davante Adams (0000000)","Davante Adams",0,3900,"NYG@GB 00:00PM ET","GB","Davante","Adams","NYG",10.6,8.9,3,0.174757281553398,0
"RB","Dwayne Washington (0000000)","Dwayne Washington",0,3800,"Phi@Det 00:00PM ET","Det","Dwayne","Washington","Phi",0,0,9,0.0125,0
"WR","Kevin White (0000000)","Kevin White",0,3800,"Chi@Ind 00:00PM ET","Chi","Kevin","White","Ind",0,0,1,0.26056338028169,0
"WR","Terrance Williams (0000000)","Terrance Williams",0,3800,"Cin@Dal 00:00PM ET","Dal","Terrance","Williams","Cin",8.62,7.8,4,0.117647058823529,0
"RB","Chris Johnson (0000000)","Chris Johnson",0,3800,"Ari@SF 00:00PM ET","Ari","Chris","Johnson","SF",0,0,11,0.00598802395209581,0
"TE","Martellus Bennett (0000000)","Martellus Bennett",0,3700,"NE@Cle 00:00PM ET","NE","Martellus","Bennett","Cle",8.47,10.6,2,0.192,0
"WR","Jeremy Kerley (0000000)","Jeremy Kerley",0,3700,"Ari@SF 00:00PM ET","SF","Jeremy","Kerley","Ari",11.27,9.4,1,0.277310924369748,1
"WR","Kenny Britt (0000000)","Kenny Britt",0,3700,"Buf@LA 00:00PM ET","LA","Kenny","Britt","Buf",10.51,8.1,2,0.227642276422764,0
"WR","Tavon Austin (0000000)","Tavon Austin",0,3700,"Buf@LA 00:00PM ET","LA","Tavon","Austin","Buf",10.24,12.5,1,0.276422764227642,1
"RB","Orleans Darkwa (0000000)","Orleans Darkwa",0,3700,"NYG@GB 00:00PM ET","NYG","Orleans","Darkwa","GB",7.01,6.3,8,0.0253164556962025,0
"TE","Zach Miller (0000000)","Zach Miller",0,3600,"Chi@Ind 00:00PM ET","Chi","Zach","Miller","Ind",11.45,8.3,4,0.147887323943662,0
"RB","Kenneth Dixon (0000000)","Kenneth Dixon",0,3600,"Was@Bal 00:00PM ET","Bal","Kenneth","Dixon","Was",7.3,8,11,0,0
"TE","Kyle Rudolph (0000000)","Kyle Rudolph",0,3600,"Hou@Min 00:00PM ET","Min","Kyle","Rudolph","Hou",13.17,9.5,1,0.265151515151515,0
"WR","Sammie Coates (0000000)","Sammie Coates",0,3600,"NYJ@Pit 00:00PM ET","Pit","Sammie","Coates","NYJ",9.43,8.9,3,0.131944444444444,0
"RB","Alfred Morris (0000000)","Alfred Morris",0,3600,"Cin@Dal 00:00PM ET","Dal","Alfred","Morris","Cin",3.87,3.8,9,0.0147058823529412,0
"WR","Ted Ginn (0000000)","Ted Ginn",0,3600,"TB@Car 00:00PM ET","Car","Ted","Ginn","TB",7.2,9.3,5,0.0993788819875776,0
"WR","Devin Funchess (0000000)","Devin Funchess",0,3600,"TB@Car 00:00PM ET","Car","Devin","Funchess","TB",5.16,3.3,5,0.0993788819875776,0
"WR","Kenny Stills (0000000)","Kenny Stills",0,3600,"Ten@Mia 00:00PM ET","Mia","Kenny","Stills","Ten",9,8.8,3,0.157894736842105,0
"WR","Nelson Agholor (0000000)","Nelson Agholor",0,3500,"Phi@Det 00:00PM ET","Phi","Nelson","Agholor","Det",8.77,8.2,2,0.166666666666667,0
"TE","Zach Ertz (0000000)","Zach Ertz",0,3500,"Phi@Det 00:00PM ET","Phi","Zach","Ertz","Det",13.34,11.5,6,0.0833333333333333,0
"RB","Justin Forsett (0000000)","Justin Forsett",0,3500,"Was@Bal 00:00PM ET","Bal","Justin","Forsett","Was",0,0,12,0,0
"RB","Matt Asiata (0000000)","Matt Asiata",0,3500,"Hou@Min 00:00PM ET","Min","Matt","Asiata","Hou",6.51,7.9,8,0.0303030303030303,0
"WR","Brice Butler (0000000)","Brice Butler",0,3500,"Cin@Dal 00:00PM ET","Dal","Brice","Butler","Cin",6.71,12.8,5,0.0955882352941176,0
"WR","Jaron Brown (0000000)","Jaron Brown",0,3500,"Ari@SF 00:00PM ET","Ari","Jaron","Brown","SF",4.25,5.6,5,0.0778443113772455,0
"RB","Jay Ajayi (0000000)","Jay Ajayi",0,3500,"Ten@Mia 00:00PM ET","Mia","Jay","Ajayi","Ten",8.37,9.5,7,0.0451127819548872,0
"TE","Eric Ebron (0000000)","Eric Ebron",0,3400,"Phi@Det 00:00PM ET","Det","Eric","Ebron","Phi",0,0,4,0.15625,0
"RB","Dexter McCluster (0000000)","Dexter McCluster",0,3400,"SD@Oak 00:00PM ET","SD","Dexter","McCluster","Oak",3.9,3.7,0,0,0
"RB","DeAndre Washington (0000000)","DeAndre Washington",0,3400,"SD@Oak 00:00PM ET","Oak","DeAndre","Washington","SD",11.02,13.4,7,0.0372670807453416,0
"WR","Seth Roberts (0000000)","Seth Roberts",0,3400,"SD@Oak 00:00PM ET","Oak","Seth","Roberts","SD",7.46,7,4,0.118012422360248,0
"RB","James Starks (0000000)","James Starks",0,3400,"NYG@GB 00:00PM ET","GB","James","Starks","NYG",6.1,6.4,7,0.0388349514563107,0
"RB","Wendell Smallwood (0000000)","Wendell Smallwood",0,3400,"Phi@Det 00:00PM ET","Phi","Wendell","Smallwood","Det",4.17,4.2,8,0.0104166666666667,0
"RB","Derrick Henry (0000000)","Derrick Henry",0,3400,"Ten@Mia 00:00PM ET","Ten","Derrick","Henry","Mia",4.53,7,10,0.0214285714285714,0
"WR","Rishard Matthews (0000000)","Rishard Matthews",0,3300,"Ten@Mia 00:00PM ET","Ten","Rishard","Matthews","Mia",7.97,6.3,5,0.128571428571429,0
"RB","Chris Thompson (0000000)","Chris Thompson",0,3300,"Was@Bal 00:00PM ET","Was","Chris","Thompson","Bal",8.21,7.2,5,0.0779220779220779,0
"WR","Eli Rogers (0000000)","Eli Rogers",0,3300,"NYJ@Pit 00:00PM ET","Pit","Eli","Rogers","NYJ",0,0,5,0.0972222222222222,0
"RB","Shaun Draughn (0000000)","Shaun Draughn",0,3300,"Ari@SF 00:00PM ET","SF","Shaun","Draughn","Ari",5.19,6.3,7,0.0504201680672269,0
"TE","Hunter Henry (0000000)","Hunter Henry",0,3300,"SD@Oak 00:00PM ET","SD","Hunter","Henry","Oak",9.58,3.5,5,0.0952380952380952,0
"RB","Bobby Rainey (0000000)","Bobby Rainey",0,3300,"NYG@GB 00:00PM ET","NYG","Bobby","Rainey","GB",9.85,7.1,6,0.0759493670886076,0
"RB","Paul Perkins (0000000)","Paul Perkins",0,3300,"NYG@GB 00:00PM ET","NYG","Paul","Perkins","GB",0,1.6,10,0.0189873417721519,0
"RB","Cameron Artis-Payne (0000000)","Cameron Artis-Payne",0,3300,"TB@Car 00:00PM ET","Car","Cameron","Artis-Payne","TB",8.06,10.5,10,0.0062111801242236,0
"RB","Jalen Richard (0000000)","Jalen Richard",0,3300,"SD@Oak 00:00PM ET","Oak","Jalen","Richard","SD",8.19,10.3,6,0.0496894409937888,0
"RB","Andre Ellington (0000000)","Andre Ellington",0,3200,"Ari@SF 00:00PM ET","Ari","Andre","Ellington","SF",4.68,7.1,8,0.0239520958083832,0
"WR","Dorial Green-Beckham (0000000)","Dorial Green-Beckham",0,3200,"Phi@Det 00:00PM ET","Phi","Dorial","Green-Beckham","Det",7.94,5.7,5,0.114583333333333,0
"RB","Joique Bell (0000000)","Joique Bell",0,3200,"Chi@Ind 00:00PM ET","Chi","Joique","Bell","Ind",3.74,1.8,0,0,0
"RB","Kenyan Drake (0000000)","Kenyan Drake",0,3200,"Ten@Mia 00:00PM ET","Mia","Kenyan","Drake","Ten",5.38,3.3,9,0.0300751879699248,0
"WR","Andre Johnson (0000000)","Andre Johnson",0,3200,"Ten@Mia 00:00PM ET","Ten","Andre","Johnson","Mia",8.8,7,2,0.157142857142857,0
"WR","Brandon LaFell (0000000)","Brandon LaFell",0,3200,"Cin@Dal 00:00PM ET","Cin","Brandon","LaFell","Dal",9.21,8.3,3,0.155405405405405,0
"TE","Gary Barnidge (0000000)","Gary Barnidge",0,3200,"NE@Cle 00:00PM ET","Cle","Gary","Barnidge","NE",10.85,9.4,3,0.156028368794326,0
"WR","Brian Quick (0000000)","Brian Quick",0,3200,"Buf@LA 00:00PM ET","LA","Brian","Quick","Buf",8.13,7.2,4,0.113821138211382,1
"WR","Vincent Jackson (0000000)","Vincent Jackson",0,3200,"TB@Car 00:00PM ET","TB","Vincent","Jackson","Car",7.44,12.5,3,0.159090909090909,0
"WR","Corey Brown (0000000)","Corey Brown",0,3200,"TB@Car 00:00PM ET","Car","Corey","Brown","TB",0,6.7,4,0.124223602484472,0
"RB","Benny Cunningham (0000000)","Benny Cunningham",0,3200,"Buf@LA 00:00PM ET","LA","Benny","Cunningham","Buf",4.29,4.5,7,0.032520325203252,0
"RB","Ka'Deem Carey (0000000)","Ka'Deem Carey",0,3100,"Chi@Ind 00:00PM ET","Chi","Ka'Deem","Carey","Ind",2.71,4,9,0.00704225352112676,0
"TE","Dwayne Allen (0000000)","Dwayne Allen",0,3100,"Chi@Ind 00:00PM ET","Ind","Dwayne","Allen","Chi",7.11,8.1,3,0.12280701754386,0
"RB","Alfred Blue (0000000)","Alfred Blue",0,3100,"Hou@Min 00:00PM ET","Hou","Alfred","Blue","Min",2.25,3.7,11,0.00704225352112676,0
"WR","Jaelen Strong (0000000)","Jaelen Strong",0,3100,"Hou@Min 00:00PM ET","Hou","Jaelen","Strong","Min",4.48,3.8,5,0.0774647887323944,0
"WR","Adam Thielen (0000000)","Adam Thielen",0,3100,"Hou@Min 00:00PM ET","Min","Adam","Thielen","Hou",8.55,11.5,3,0.128787878787879,0
"WR","Robby Anderson (0000000)","Robby Anderson",0,3100,"NYJ@Pit 00:00PM ET","NYJ","Robby","Anderson","Pit",4.89,9,7,0.0522875816993464,0
"WR","Jalin Marshall (0000000)","Jalin Marshall",0,3100,"NYJ@Pit 00:00PM ET","NYJ","Jalin","Marshall","Pit",0,2.2,6,0.065359477124183,0
"WR","Tyler Boyd (0000000)","Tyler Boyd",0,3100,"Cin@Dal 00:00PM ET","Cin","Tyler","Boyd","Dal",6.52,7.1,5,0.121621621621622,0
"WR","Griff Whalen (0000000)","Griff Whalen",0,3000,"SD@Oak 00:00PM ET","SD","Griff","Whalen","Oak",0,3.4,13,0,0
"RB","DuJuan Harris (0000000)","DuJuan Harris",0,3000,"Ari@SF 00:00PM ET","SF","DuJuan","Harris","Ari",0,0,13,0,0
"RB","Mike Davis (0000000)","Mike Davis",0,3000,"Ari@SF 00:00PM ET","SF","Mike","Davis","Ari",0,1.1,11,0.00840336134453781,0
"WR","Keshawn Martin (0000000)","Keshawn Martin",0,3000,"Ari@SF 00:00PM ET","SF","Keshawn","Martin","Ari",0,0,0,0,0
"WR","Rod Streater (0000000)","Rod Streater",0,3000,"Ari@SF 00:00PM ET","SF","Rod","Streater","Ari",1.91,3.6,8,0.0336134453781513,0
"WR","J.J. Nelson (0000000)","J.J. Nelson",0,3000,"Ari@SF 00:00PM ET","Ari","J.J.","Nelson","SF",0,2,9,0.0179640718562874,0
"WR","Quinton Patton (0000000)","Quinton Patton",0,3000,"Ari@SF 00:00PM ET","SF","Quinton","Patton","Ari",5.82,6.1,3,0.142857142857143,0
"WR","Aaron Burbridge (0000000)","Aaron Burbridge",0,3000,"Ari@SF 00:00PM ET","SF","Aaron","Burbridge","Ari",0,2.4,9,0.0252100840336134,0
"RB","James Develin (0000000)","James Develin",0,3000,"NE@Cle 00:00PM ET","NE","James","Develin","Cle",0,0,0,0,0
"RB","Brandon Bolden (0000000)","Brandon Bolden",0,3000,"NE@Cle 00:00PM ET","NE","Brandon","Bolden","Cle",0,0,7,0.024,0
"RB","Malcolm Johnson (0000000)","Malcolm Johnson",0,3000,"NE@Cle 00:00PM ET","Cle","Malcolm","Johnson","NE",0,0,0,0,0
"RB","George Atkinson (0000000)","George Atkinson",0,3000,"NE@Cle 00:00PM ET","Cle","George","Atkinson","NE",0,0,0,0,0
"RB","D.J. Foster (0000000)","D.J. Foster",0,3000,"NE@Cle 00:00PM ET","NE","D.J.","Foster","Cle",0,1.9,10,0.016,0
"WR","Matt Slater (0000000)","Matt Slater",0,3000,"NE@Cle 00:00PM ET","NE","Matt","Slater","Cle",0,0,0,0,0
"WR","Andrew Hawkins (0000000)","Andrew Hawkins",0,3000,"NE@Cle 00:00PM ET","Cle","Andrew","Hawkins","NE",6.31,9.2,4,0.0921985815602837,0
"WR","Malcolm Mitchell (0000000)","Malcolm Mitchell",0,3000,"NE@Cle 00:00PM ET","NE","Malcolm","Mitchell","Cle",4.14,2.3,6,0.072,0
"WR","Jordan Payton (0000000)","Jordan Payton",0,3000,"NE@Cle 00:00PM ET","Cle","Jordan","Payton","NE",0,0,11,0,0
"WR","Ricardo Louis (0000000)","Ricardo Louis",0,3000,"NE@Cle 00:00PM ET","Cle","Ricardo","Louis","NE",6.87,6.8,6,0.0638297872340425,0
"WR","Rashard Higgins (0000000)","Rashard Higgins",0,3000,"NE@Cle 00:00PM ET","Cle","Rashard","Higgins","NE",0,4,9,0.0141843971631206,0
"RB","Kenjon Barner (0000000)","Kenjon Barner",0,3000,"Phi@Det 00:00PM ET","Phi","Kenjon","Barner","Det",3.15,1.2,10,0,0
"RB","Mike Burton (0000000)","Mike Burton",0,3000,"Phi@Det 00:00PM ET","Det","Mike","Burton","Phi",0,0,0,0,0
"RB","Zach Zenner (0000000)","Zach Zenner",0,3000,"Phi@Det 00:00PM ET","Det","Zach","Zenner","Phi",5.59,5.5,0,0,0
"WR","Andre Roberts (0000000)","Andre Roberts",0,3000,"Phi@Det 00:00PM ET","Det","Andre","Roberts","Phi",2.75,1.1,7,0.01875,0
"WR","Aaron Dobson (0000000)","Aaron Dobson",0,3000,"Phi@Det 00:00PM ET","Det","Aaron","Dobson","Phi",0,0,0,0,0
"WR","Josh Huff (0000000)","Josh Huff",0,3000,"Phi@Det 00:00PM ET","Phi","Josh","Huff","Det",5.12,2.4,0,0,0
"WR","Bryce Treggs (0000000)","Bryce Treggs",0,3000,"Phi@Det 00:00PM ET","Phi","Bryce","Treggs","Det",0,0,10,0,0
"RB","Robert Turbin (0000000)","Robert Turbin",0,3000,"Chi@Ind 00:00PM ET","Ind","Robert","Turbin","Chi",3.43,2.7,9,0.0350877192982456,0
"RB","Jordan Todman (0000000)","Jordan Todman",0,3000,"Chi@Ind 00:00PM ET","Ind","Jordan","Todman","Chi",0,0,0,0,0
"RB","Josh Ferguson (0000000)","Josh Ferguson",0,3000,"Chi@Ind 00:00PM ET","Ind","Josh","Ferguson","Chi",7.14,4.8,2,0.128654970760234,0
"RB","Raheem Mostert (0000000)","Raheem Mostert",0,3000,"Chi@Ind 00:00PM ET","Chi","Raheem","Mostert","Ind",0,0,0,0,0
"WR","Deonte Thompson (0000000)","Deonte Thompson",0,3000,"Chi@Ind 00:00PM ET","Chi","Deonte","Thompson","Ind",2.27,1.9,10,0,0
"WR","Devin Street (0000000)","Devin Street",0,3000,"Chi@Ind 00:00PM ET","Ind","Devin","Street","Chi",0,0,12,0,0
"WR","Josh Bellamy (0000000)","Josh Bellamy",0,3000,"Chi@Ind 00:00PM ET","Chi","Josh","Bellamy","Ind",0,3.4,10,0,0
"WR","Cameron Meredith (0000000)","Cameron Meredith",0,3000,"Chi@Ind 00:00PM ET","Chi","Cameron","Meredith","Ind",11.03,5.8,7,0.0563380281690141,0
"WR","Quan Bray (0000000)","Quan Bray",0,3000,"Chi@Ind 00:00PM ET","Ind","Quan","Bray","Chi",0,2.9,10,0.0116959064327485,0
"WR","Chester Rogers (0000000)","Chester Rogers",0,3000,"Chi@Ind 00:00PM ET","Ind","Chester","Rogers","Chi",5.22,6.7,8,0.0467836257309941,0
"RB","Isaiah Pead (0000000)","Isaiah Pead",0,3000,"Ten@Mia 00:00PM ET","Mia","Isaiah","Pead","Ten",7,5.2,11,0.0075187969924812,0
"RB","Jalston Fowler (0000000)","Jalston Fowler",0,3000,"Ten@Mia 00:00PM ET","Ten","Jalston","Fowler","Mia",0,0,0,0,0
"RB","Antonio Andrews (0000000)","Antonio Andrews",0,3000,"Ten@Mia 00:00PM ET","Ten","Antonio","Andrews","Mia",0,0,0,0,0
"RB","Damien Williams (0000000)","Damien Williams",0,3000,"Ten@Mia 00:00PM ET","Mia","Damien","Williams","Ten",2.01,0,5,0.0526315789473684,0
"WR","Harry Douglas (0000000)","Harry Douglas",0,3000,"Ten@Mia 00:00PM ET","Ten","Harry","Douglas","Mia",0,0,6,0.0571428571428571,0
"WR","Marc Mariani (0000000)","Marc Mariani",0,3000,"Ten@Mia 00:00PM ET","Ten","Marc","Mariani","Mia",0,0,0,0,0
"WR","Kendall Wright (0000000)","Kendall Wright",0,3000,"Ten@Mia 00:00PM ET","Ten","Kendall","Wright","Mia",8.85,6.4,7,0.0285714285714286,0
"WR","Jakeem Grant (0000000)","Jakeem Grant",0,3000,"Ten@Mia 00:00PM ET","Mia","Jakeem","Grant","Ten",0,0,13,0,0
"WR","Leonte Carroo (0000000)","Leonte Carroo",0,3000,"Ten@Mia 00:00PM ET","Mia","Leonte","Carroo","Ten",0,2.8,10,0.0150375939849624,0
"RB","Kyle Juszczyk (0000000)","Kyle Juszczyk",0,3000,"Was@Bal 00:00PM ET","Bal","Kyle","Juszczyk","Was",0,3.8,0,0,0
"RB","Javorius Allen (0000000)","Javorius Allen",0,3000,"Was@Bal 00:00PM ET","Bal","Javorius","Allen","Was",4.26,3.6,10,0.0308641975308642,0
"RB","Rob Kelley (0000000)","Rob Kelley",0,3000,"Was@Bal 00:00PM ET","Was","Rob","Kelley","Bal",0,1.5,13,0,0
"WR","Devin Hester (0000000)","Devin Hester",0,3000,"Was@Bal 00:00PM ET","Bal","Devin","Hester","Was",0,0,0,0,0
"WR","Kamar Aiken (0000000)","Kamar Aiken",0,3000,"Was@Bal 00:00PM ET","Bal","Kamar","Aiken","Was",2.94,4.4,6,0.0617283950617284,0
"WR","Ryan Grant (0000000)","Ryan Grant",0,3000,"Was@Bal 00:00PM ET","Was","Ryan","Grant","Bal",0,1.1,9,0.0194805194805195,0
"WR","Josh Doctson (0000000)","Josh Doctson",0,3000,"Was@Bal 00:00PM ET","Was","Josh","Doctson","Bal",0,0,8,0.038961038961039,0
"WR","Rashad Ross (0000000)","Rashad Ross",0,3000,"Was@Bal 00:00PM ET","Was","Rashad","Ross","Bal",0,1.3,10,0.00649350649350649,0
"WR","Chris Moore (0000000)","Chris Moore",0,3000,"Was@Bal 00:00PM ET","Bal","Chris","Moore","Was",0,1.1,6,0.0617283950617284,0
"WR","Breshad Perriman (0000000)","Breshad Perriman",0,3000,"Was@Bal 00:00PM ET","Bal","Breshad","Perriman","Was",5.54,7.1,4,0.0987654320987654,0
"RB","Zach Line (0000000)","Zach Line",0,3000,"Hou@Min 00:00PM ET","Min","Zach","Line","Hou",0,0,0,0,0
"RB","Jonathan Grimes (0000000)","Jonathan Grimes",0,3000,"Hou@Min 00:00PM ET","Hou","Jonathan","Grimes","Min",0,0,7,0.0492957746478873,0
"RB","Ronnie Hillman (0000000)","Ronnie Hillman",0,3000,"Hou@Min 00:00PM ET","Min","Ronnie","Hillman","Hou",0,0,11,0,0
"RB","Jay Prosch (0000000)","Jay Prosch",0,3000,"Hou@Min 00:00PM ET","Hou","Jay","Prosch","Min",0,0,0,0,0
"RB","Tyler Ervin (0000000)","Tyler Ervin",0,3000,"Hou@Min 00:00PM ET","Hou","Tyler","Ervin","Min",0,1.1,10,0.0140845070422535,0
"WR","Charles Johnson (0000000)","Charles Johnson",0,3000,"Hou@Min 00:00PM ET","Min","Charles","Johnson","Hou",9.86,8,4,0.106060606060606,0
"WR","Jarius Wright (0000000)","Jarius Wright",0,3000,"Hou@Min 00:00PM ET","Min","Jarius","Wright","Hou",4.08,0,11,0,0
"WR","Keith Mumphery (0000000)","Keith Mumphery",0,3000,"Hou@Min 00:00PM ET","Hou","Keith","Mumphery","Min",0,0,0,0,0
"WR","Braxton Miller (0000000)","Braxton Miller",0,3000,"Hou@Min 00:00PM ET","Hou","Braxton","Miller","Min",1.7,5.4,9,0.0352112676056338,0
"WR","Cordarrelle Patterson (0000000)","Cordarrelle Patterson",0,3000,"Hou@Min 00:00PM ET","Min","Cordarrelle","Patterson","Hou",8.75,7.2,6,0.0681818181818182,0
"WR","Laquon Treadwell (0000000)","Laquon Treadwell",0,3000,"Hou@Min 00:00PM ET","Min","Laquon","Treadwell","Hou",0,1.6,11,0,0
"RB","Fitzgerald Toussaint (0000000)","Fitzgerald Toussaint",0,3000,"NYJ@Pit 00:00PM ET","Pit","Fitzgerald","Toussaint","NYJ",0,0,11,0.00694444444444444,0
"RB","Roosevelt Nix (0000000)","Roosevelt Nix",0,3000,"NYJ@Pit 00:00PM ET","Pit","Roosevelt","Nix","NYJ",0,0,0,0,0
"RB","Troymaine Pope (0000000)","Troymaine Pope",0,3000,"NYJ@Pit 00:00PM ET","NYJ","Troymaine","Pope","Pit",0,0,0,0,0
"WR","Darrius Heyward-Bey (0000000)","Darrius Heyward-Bey",0,3000,"NYJ@Pit 00:00PM ET","Pit","Darrius","Heyward-Bey","NYJ",4.85,2.1,9,0.0208333333333333,0
"WR","Jeremy Ross (0000000)","Jeremy Ross",0,3000,"NYJ@Pit 00:00PM ET","NYJ","Jeremy","Ross","Pit",0,0,0,0,0
"WR","Charone Peake (0000000)","Charone Peake",0,3000,"NYJ@Pit 00:00PM ET","NYJ","Charone","Peake","Pit",0,3.3,8,0.0196078431372549,0
"RB","Patrick DiMarco (0000000)","Patrick DiMarco",0,3000,"Atl@Den 00:00PM ET","Atl","Patrick","DiMarco","Den",0,0,0,0,0
"RB","Kapri Bibbs (0000000)","Kapri Bibbs",0,3000,"Atl@Den 00:00PM ET","Den","Kapri","Bibbs","Atl",0,1.7,10,0.0155038759689922,0
"RB","Andy Janovich (0000000)","Andy Janovich",0,3000,"Atl@Den 00:00PM ET","Den","Andy","Janovich","Atl",0,0,0,0,0
"RB","Devontae Booker (0000000)","Devontae Booker",0,3000,"Atl@Den 00:00PM ET","Den","Devontae","Booker","Atl",3.26,5,8,0.0232558139534884,0
"WR","Eric Weems (0000000)","Eric Weems",0,3000,"Atl@Den 00:00PM ET","Atl","Eric","Weems","Den",0,0,0,0,0
"WR","Jordan Norwood (0000000)","Jordan Norwood",0,3000,"Atl@Den 00:00PM ET","Den","Jordan","Norwood","Atl",3.13,1.7,4,0.0775193798449612,0
"WR","Aldrick Robinson (0000000)","Aldrick Robinson",0,3000,"Atl@Den 00:00PM ET","Atl","Aldrick","Robinson","Den",3.6,2.3,6,0.0647482014388489,0
"WR","Bennie Fowler (0000000)","Bennie Fowler",0,3000,"Atl@Den 00:00PM ET","Den","Bennie","Fowler","Atl",1.82,1.8,7,0.0310077519379845,0
"WR","Jordan Taylor (0000000)","Jordan Taylor",0,3000,"Atl@Den 00:00PM ET","Den","Jordan","Taylor","Atl",0,0,8,0.0232558139534884,0
"WR","Justin Hardy (0000000)","Justin Hardy",0,3000,"Atl@Den 00:00PM ET","Atl","Justin","Hardy","Den",5.16,4.6,8,0.0503597122302158,0
"WR","Cody Latimer (0000000)","Cody Latimer",0,3000,"Atl@Den 00:00PM ET","Den","Cody","Latimer","Atl",0,1.8,6,0.0387596899224806,0
"WR","Taylor Gabriel (0000000)","Taylor Gabriel",0,3000,"Atl@Den 00:00PM ET","Atl","Taylor","Gabriel","Den",5.65,0,6,0.0647482014388489,0
"TE","Jacob Tamme (0000000)","Jacob Tamme",0,3000,"Atl@Den 00:00PM ET","Atl","Jacob","Tamme","Den",8.72,9.9,2,0.151079136690647,0
"RB","Lance Dunbar (0000000)","Lance Dunbar",0,3000,"Cin@Dal 00:00PM ET","Dal","Lance","Dunbar","Cin",0,0,7,0.0441176470588235,0
"RB","Rex Burkhead (0000000)","Rex Burkhead",0,3000,"Cin@Dal 00:00PM ET","Cin","Rex","Burkhead","Dal",0,0,10,0,0
"RB","Rod Smith (0000000)","Rod Smith",0,3000,"Cin@Dal 00:00PM ET","Dal","Rod","Smith","Cin",0,0,0,0,0
"RB","Keith Smith (0000000)","Keith Smith",0,3000,"Cin@Dal 00:00PM ET","Dal","Keith","Smith","Cin",0,0,0,0,0
"RB","Darius Jackson (0000000)","Darius Jackson",0,3000,"Cin@Dal 00:00PM ET","Dal","Darius","Jackson","Cin",0,0,0,0,0
"WR","James Wright (0000000)","James Wright",0,3000,"Cin@Dal 00:00PM ET","Cin","James","Wright","Dal",1.84,0,8,0.0202702702702703,0
"WR","Alex Erickson (0000000)","Alex Erickson",0,3000,"Cin@Dal 00:00PM ET","Cin","Alex","Erickson","Dal",0,0,9,0.00675675675675676,0
"WR","Cody Core (0000000)","Cody Core",0,3000,"Cin@Dal 00:00PM ET","Cin","Cody","Core","Dal",0,0,0,0,0
"WR","Lucky Whitehead (0000000)","Lucky Whitehead",0,3000,"Cin@Dal 00:00PM ET","Dal","Lucky","Whitehead","Cin",0,3.8,11,0,0
"RB","Reggie Bush (0000000)","Reggie Bush",0,3000,"Buf@LA 00:00PM ET","Buf","Reggie","Bush","LA",0,0,10,0.00854700854700855,0
"RB","Jerome Felton (0000000)","Jerome Felton",0,3000,"Buf@LA 00:00PM ET","Buf","Jerome","Felton","LA",0,0,10,0.00854700854700855,0
"RB","Chase Reynolds (0000000)","Chase Reynolds",0,3000,"Buf@LA 00:00PM ET","LA","Chase","Reynolds","Buf",0,0,0,0,0
"RB","Mike Gillislee (0000000)","Mike Gillislee",0,3000,"Buf@LA 00:00PM ET","Buf","Mike","Gillislee","LA",4.3,3,8,0.0427350427350427,0
"RB","Malcolm Brown (0000000)","Malcolm Brown",0,3000,"Buf@LA 00:00PM ET","LA","Malcolm","Brown","Buf",0,1.5,9,0.00813008130081301,0
"RB","Jonathan Williams (0000000)","Jonathan Williams",0,3000,"Buf@LA 00:00PM ET","Buf","Jonathan","Williams","LA",0,1.3,0,0,0
"WR","Brandon Tate (0000000)","Brandon Tate",0,3000,"Buf@LA 00:00PM ET","Buf","Brandon","Tate","LA",0,3.4,12,0,0
"WR","Greg Salas (0000000)","Greg Salas",0,3000,"Buf@LA 00:00PM ET","Buf","Greg","Salas","LA",0,0,7,0.0512820512820513,1
"WR","Marquise Goodwin (0000000)","Marquise Goodwin",0,3000,"Buf@LA 00:00PM ET","Buf","Marquise","Goodwin","LA",7.86,9.5,4,0.11965811965812,1
"WR","Justin Hunter (0000000)","Justin Hunter",0,3000,"Buf@LA 00:00PM ET","Buf","Justin","Hunter","LA",0,0,12,0,0
"WR","Walt Powell (0000000)","Walt Powell",0,3000,"Buf@LA 00:00PM ET","Buf","Walt","Powell","LA",0,5.7,5,0.094017094017094,0
"WR","Bradley Marquez (0000000)","Bradley Marquez",0,3000,"Buf@LA 00:00PM ET","LA","Bradley","Marquez","Buf",0,0,8,0.016260162601626,0
"WR","Nelson Spruce (0000000)","Nelson Spruce",0,3000,"Buf@LA 00:00PM ET","LA","Nelson","Spruce","Buf",0,0,0,0,0
"WR","Pharoh Cooper (0000000)","Pharoh Cooper",0,3000,"Buf@LA 00:00PM ET","LA","Pharoh","Cooper","Buf",0,4.3,11,0,0
"WR","Mike Thomas (0000000)","Mike Thomas",0,3000,"Buf@LA 00:00PM ET","LA","Mike","Thomas","Buf",0,0,9,0.00813008130081301,0
"RB","Taiwan Jones (0000000)","Taiwan Jones",0,3000,"SD@Oak 00:00PM ET","Oak","Taiwan","Jones","SD",0,0,11,0.0124223602484472,0
"RB","Jamize Olawale (0000000)","Jamize Olawale",0,3000,"SD@Oak 00:00PM ET","Oak","Jamize","Olawale","SD",0,2.1,0,0,0
"RB","Derek Watt (0000000)","Derek Watt",0,3000,"SD@Oak 00:00PM ET","SD","Derek","Watt","Oak",0,0,0,0,0
"RB","Kenneth Farrow (0000000)","Kenneth Farrow",0,3000,"SD@Oak 00:00PM ET","SD","Kenneth","Farrow","Oak",0,2.6,10,0.00680272108843537,0
"RB","Stepfan Taylor (0000000)","Stepfan Taylor",0,3000,"Ari@SF 00:00PM ET","Ari","Stepfan","Taylor","SF",0,2.2,0,0,0
"WR","Andre Holmes (0000000)","Andre Holmes",0,3000,"SD@Oak 00:00PM ET","Oak","Andre","Holmes","SD",3.21,4,9,0.031055900621118,0
"WR","Johnny Holton (0000000)","Johnny Holton",0,3000,"SD@Oak 00:00PM ET","Oak","Johnny","Holton","SD",0,1.5,12,0.0062111801242236,0
"RB","Aaron Ripkowski (0000000)","Aaron Ripkowski",0,3000,"NYG@GB 00:00PM ET","GB","Aaron","Ripkowski","NYG",0,0,0,0,0
"WR","Dwayne Harris (0000000)","Dwayne Harris",0,3000,"NYG@GB 00:00PM ET","NYG","Dwayne","Harris","GB",3.18,1.5,0,0,0
"WR","Tavarres King (0000000)","Tavarres King",0,3000,"NYG@GB 00:00PM ET","NYG","Tavarres","King","GB",0,0,11,0,0
"WR","Jared Abbrederis (0000000)","Jared Abbrederis",0,3000,"NYG@GB 00:00PM ET","GB","Jared","Abbrederis","NYG",0,1.7,9,0.00970873786407767,0
"WR","Ty Montgomery (0000000)","Ty Montgomery",0,3000,"NYG@GB 00:00PM ET","GB","Ty","Montgomery","NYG",2.38,0,9,0.00970873786407767,0
"WR","Trevor Davis (0000000)","Trevor Davis",0,3000,"NYG@GB 00:00PM ET","GB","Trevor","Davis","NYG",0,0,8,0.029126213592233,0
"WR","Jeff Janis (0000000)","Jeff Janis",0,3000,"NYG@GB 00:00PM ET","GB","Jeff","Janis","NYG",0,0,13,0,0
"WR","Roger Lewis (0000000)","Roger Lewis",0,3000,"NYG@GB 00:00PM ET","NYG","Roger","Lewis","GB",0,0,11,0,0
"RB","Mike Tolbert (0000000)","Mike Tolbert",0,3000,"TB@Car 00:00PM ET","Car","Mike","Tolbert","TB",0,6.3,0,0,0
"RB","Jacquizz Rodgers (0000000)","Jacquizz Rodgers",0,3000,"TB@Car 00:00PM ET","TB","Jacquizz","Rodgers","Car",10.96,10.1,8,0.0227272727272727,0
"RB","Peyton Barber (0000000)","Peyton Barber",0,3000,"TB@Car 00:00PM ET","TB","Peyton","Barber","Car",3.92,5.3,13,0,0
"WR","Russell Shepard (0000000)","Russell Shepard",0,3000,"TB@Car 00:00PM ET","TB","Russell","Shepard","Car",0,0,8,0.0227272727272727,0
"WR","Cecil Shorts (0000000)","Cecil Shorts",0,3000,"TB@Car 00:00PM ET","TB","Cecil","Shorts","Car",0,0,10,0.0113636363636364,0
"WR","Freddie Martino (0000000)","Freddie Martino",0,3000,"TB@Car 00:00PM ET","TB","Freddie","Martino","Car",0,0,12,0.00568181818181818,0
"WR","Adam Humphries (0000000)","Adam Humphries",0,3000,"TB@Car 00:00PM ET","TB","Adam","Humphries","Car",6.75,9.6,2,0.170454545454545,1
"WR","Damiere Byrd (0000000)","Damiere Byrd",0,3000,"TB@Car 00:00PM ET","Car","Damiere","Byrd","TB",0,0,0,0,0
"TE","Jordan Cameron (0000000)","Jordan Cameron",0,2900,"Ten@Mia 00:00PM ET","Mia","Jordan","Cameron","Ten",0,0,4,0.0827067669172932,0
"TE","Jesse James (0000000)","Jesse James",0,2900,"NYJ@Pit 00:00PM ET","Pit","Jesse","James","NYJ",8.79,8.7,3,0.131944444444444,0
"TE","Richard Rodgers (0000000)","Richard Rodgers",0,2900,"NYG@GB 00:00PM ET","GB","Richard","Rodgers","NYG",9.69,11.1,5,0.0776699029126214,0
"TE","Cameron Brate (0000000)","Cameron Brate",0,2900,"TB@Car 00:00PM ET","TB","Cameron","Brate","Car",11.72,8.9,4,0.153409090909091,0
"TE","Virgil Green (0000000)","Virgil Green",0,2800,"Atl@Den 00:00PM ET","Den","Virgil","Green","Atl",7.22,8.5,5,0.062015503875969,0
"TE","Brent Celek (0000000)","Brent Celek",0,2700,"Phi@Det 00:00PM ET","Phi","Brent","Celek","Det",3.96,2.7,6,0.0833333333333333,0
"TE","Trey Burton (0000000)","Trey Burton",0,2700,"Phi@Det 00:00PM ET","Phi","Trey","Burton","Det",5.34,2.8,4,0.125,0
"TE","Lance Kendricks (0000000)","Lance Kendricks",0,2700,"Buf@LA 00:00PM ET","LA","Lance","Kendricks","Buf",5.4,6.4,3,0.186991869918699,0
"TE","Charles Clay (0000000)","Charles Clay",0,2700,"Buf@LA 00:00PM ET","Buf","Charles","Clay","LA",8.75,7.4,2,0.170940170940171,0
"TE","Vance McDonald (0000000)","Vance McDonald",0,2700,"Ari@SF 00:00PM ET","SF","Vance","McDonald","Ari",0,6.6,6,0.0588235294117647,0
"TE","Clive Walford (0000000)","Clive Walford",0,2700,"SD@Oak 00:00PM ET","Oak","Clive","Walford","SD",7.6,8.5,3,0.124223602484472,0
"TE","Garrett Celek (0000000)","Garrett Celek",0,2600,"Ari@SF 00:00PM ET","SF","Garrett","Celek","Ari",7.75,3.7,4,0.126050420168067,0
"TE","Jack Doyle (0000000)","Jack Doyle",0,2600,"Chi@Ind 00:00PM ET","Ind","Jack","Doyle","Chi",7.8,8.9,5,0.105263157894737,0
"TE","Larry Donnell (0000000)","Larry Donnell",0,2600,"NYG@GB 00:00PM ET","NYG","Larry","Donnell","GB",0,0,7,0.069620253164557,0
"TE","Will Tye (0000000)","Will Tye",0,2600,"NYG@GB 00:00PM ET","NYG","Will","Tye","GB",10.69,7.9,4,0.10126582278481,0
"TE","Darren Fells (0000000)","Darren Fells",0,2500,"Ari@SF 00:00PM ET","Ari","Darren","Fells","SF",0,3.1,5,0.0778443113772455,0
"TE","Jermaine Gresham (0000000)","Jermaine Gresham",0,2500,"Ari@SF 00:00PM ET","Ari","Jermaine","Gresham","SF",5.04,1.7,7,0.0419161676646707,0
"TE","Ifeanyi Momah (0000000)","Ifeanyi Momah",0,2500,"Ari@SF 00:00PM ET","Ari","Ifeanyi","Momah","SF",0,0,12,0,0
"TE","Blake Bell (0000000)","Blake Bell",0,2500,"Ari@SF 00:00PM ET","SF","Blake","Bell","Ari",0,1.4,9,0.0252100840336134,0
"TE","Clay Harbor (0000000)","Clay Harbor",0,2500,"NE@Cle 00:00PM ET","NE","Clay","Harbor","Cle",0,0,12,0,0
"TE","Greg Scruggs (0000000)","Greg Scruggs",0,2500,"NE@Cle 00:00PM ET","NE","Greg","Scruggs","Cle",0,0,0,0,0
"TE","A.J. Derby (0000000)","A.J. Derby",0,2500,"NE@Cle 00:00PM ET","NE","A.J.","Derby","Cle",0,0,13,0,0
"TE","Randall Telfer (0000000)","Randall Telfer",0,2500,"NE@Cle 00:00PM ET","Cle","Randall","Telfer","NE",0,0,10,0.00709219858156028,0
"TE","Seth DeValve (0000000)","Seth DeValve",0,2500,"NE@Cle 00:00PM ET","Cle","Seth","DeValve","NE",0,0,11,0,0
"TE","Orson Charles (0000000)","Orson Charles",0,2500,"Phi@Det 00:00PM ET","Det","Orson","Charles","Phi",0,0,0,0,0
"TE","Cole Wick (0000000)","Cole Wick",0,2500,"Phi@Det 00:00PM ET","Det","Cole","Wick","Phi",3.7,6.2,7,0.01875,0
"TE","Khari Lee (0000000)","Khari Lee",0,2500,"Phi@Det 00:00PM ET","Det","Khari","Lee","Phi",0,2.7,10,0.00625,0
"TE","Logan Paulsen (0000000)","Logan Paulsen",0,2500,"Chi@Ind 00:00PM ET","Chi","Logan","Paulsen","Ind",0,1.1,8,0.028169014084507,0
"TE","Erik Swoope (0000000)","Erik Swoope",0,2500,"Chi@Ind 00:00PM ET","Ind","Erik","Swoope","Chi",0,0,11,0.00584795321637427,0
"TE","Ben Braunecker (0000000)","Ben Braunecker",0,2500,"Chi@Ind 00:00PM ET","Chi","Ben","Braunecker","Ind",0,0,10,0,0
"TE","Anthony Fasano (0000000)","Anthony Fasano",0,2500,"Ten@Mia 00:00PM ET","Ten","Anthony","Fasano","Mia",2.3,0,7,0.0285714285714286,0
"TE","MarQueis Gray (0000000)","MarQueis Gray",0,2500,"Ten@Mia 00:00PM ET","Mia","MarQueis","Gray","Ten",0,2.5,11,0.0075187969924812,0
"TE","Dion Sims (0000000)","Dion Sims",0,2500,"Ten@Mia 00:00PM ET","Mia","Dion","Sims","Ten",5.92,8.9,5,0.0526315789473684,0
"TE","Jace Amaro (0000000)","Jace Amaro",0,2500,"Ten@Mia 00:00PM ET","Ten","Jace","Amaro","Mia",0,0,7,0.0285714285714286,0
"TE","Phillip Supernaw (0000000)","Phillip Supernaw",0,2500,"Ten@Mia 00:00PM ET","Ten","Phillip","Supernaw","Mia",0,0,11,0.0142857142857143,0
"TE","Vernon Davis (0000000)","Vernon Davis",0,2500,"Was@Bal 00:00PM ET","Was","Vernon","Davis","Bal",2.62,2.2,6,0.0454545454545455,0
"TE","Niles Paul (0000000)","Niles Paul",0,2500,"Was@Bal 00:00PM ET","Was","Niles","Paul","Bal",0,0,10,0.00649350649350649,0
"TE","Crockett Gillmore (0000000)","Crockett Gillmore",0,2500,"Was@Bal 00:00PM ET","Bal","Crockett","Gillmore","Was",2.7,4.3,9,0.037037037037037,0
"TE","Darren Waller (0000000)","Darren Waller",0,2500,"Was@Bal 00:00PM ET","Bal","Darren","Waller","Was",0,0,11,0,0
"TE","Maxx Williams (0000000)","Maxx Williams",0,2500,"Was@Bal 00:00PM ET","Bal","Maxx","Williams","Was",0,0,0,0,0
"TE","Rhett Ellison (0000000)","Rhett Ellison",0,2500,"Hou@Min 00:00PM ET","Min","Rhett","Ellison","Hou",0,1.5,9,0.0151515151515152,0
"TE","Ryan Griffin (0000000)","Ryan Griffin",0,2500,"Hou@Min 00:00PM ET","Hou","Ryan","Griffin","Min",7.98,5.8,3,0.133802816901408,0
"TE","MyCole Pruitt (0000000)","MyCole Pruitt",0,2500,"Hou@Min 00:00PM ET","Min","MyCole","Pruitt","Hou",0,0,10,0.00757575757575758,0
"TE","C.J. Fiedorowicz (0000000)","C.J. Fiedorowicz",0,2500,"Hou@Min 00:00PM ET","Hou","C.J.","Fiedorowicz","Min",4.92,1.3,6,0.0633802816901408,0
"TE","Stephen Anderson (0000000)","Stephen Anderson",0,2500,"Hou@Min 00:00PM ET","Hou","Stephen","Anderson","Min",0,0,7,0.0492957746478873,0
"TE","David Morgan (0000000)","David Morgan",0,2500,"Hou@Min 00:00PM ET","Min","David","Morgan","Hou",0,0,0,0,0
"TE","Kellen Davis (0000000)","Kellen Davis",0,2500,"NYJ@Pit 00:00PM ET","NYJ","Kellen","Davis","Pit",1.3,1.8,9,0.0065359477124183,0
"TE","David Johnson (0000000)","David Johnson",0,2500,"NYJ@Pit 00:00PM ET","Pit","David","Johnson","NYJ",0,1.2,10,0.0138888888888889,0
"TE","Brandon Bostick (0000000)","Brandon Bostick",0,2500,"NYJ@Pit 00:00PM ET","NYJ","Brandon","Bostick","Pit",0,2,9,0.0065359477124183,0
"TE","Xavier Grimble (0000000)","Xavier Grimble",0,2500,"NYJ@Pit 00:00PM ET","Pit","Xavier","Grimble","NYJ",0,1.3,6,0.0416666666666667,0
"TE","Austin Seferian-Jenkins (0000000)","Austin Seferian-Jenkins",0,2500,"NYJ@Pit 00:00PM ET","NYJ","Austin","Seferian-Jenkins","Pit",4.92,2.5,12,0,0
"TE","Braedon Bowman (0000000)","Braedon Bowman",0,2500,"NYJ@Pit 00:00PM ET","NYJ","Braedon","Bowman","Pit",0,0,9,0.0065359477124183,0
"TE","John Phillips (0000000)","John Phillips",0,2500,"Atl@Den 00:00PM ET","Den","John","Phillips","Atl",4.67,1.6,0,0,0
"TE","Levine Toilolo (0000000)","Levine Toilolo",0,2500,"Atl@Den 00:00PM ET","Atl","Levine","Toilolo","Den",0,1,10,0.0215827338129496,0
"TE","Jeff Heuerman (0000000)","Jeff Heuerman",0,2500,"Atl@Den 00:00PM ET","Den","Jeff","Heuerman","Atl",3.29,0,10,0.0155038759689922,0
"TE","Joshua Perkins (0000000)","Joshua Perkins",0,2500,"Atl@Den 00:00PM ET","Atl","Joshua","Perkins","Den",0,0,0,0,0
"TE","Austin Hooper (0000000)","Austin Hooper",0,2500,"Atl@Den 00:00PM ET","Atl","Austin","Hooper","Den",0,2.5,9,0.0359712230215827,0
"TE","Ryan Hewitt (0000000)","Ryan Hewitt",0,2500,"Cin@Dal 00:00PM ET","Cin","Ryan","Hewitt","Dal",0,0,0,0,0
"TE","Gavin Escobar (0000000)","Gavin Escobar",0,2500,"Cin@Dal 00:00PM ET","Dal","Gavin","Escobar","Cin",0,0,11,0,0
"TE","Tyler Kroft (0000000)","Tyler Kroft",0,2500,"Cin@Dal 00:00PM ET","Cin","Tyler","Kroft","Dal",2.52,2.5,7,0.027027027027027,0
"TE","C.J. Uzomah (0000000)","C.J. Uzomah",0,2500,"Cin@Dal 00:00PM ET","Cin","C.J.","Uzomah","Dal",8.61,7.9,4,0.141891891891892,0
"TE","Geoff Swaim (0000000)","Geoff Swaim",0,2500,"Cin@Dal 00:00PM ET","Dal","Geoff","Swaim","Cin",0,1.3,8,0.0367647058823529,0
"TE","Jim Dray (0000000)","Jim Dray",0,2500,"Buf@LA 00:00PM ET","Buf","Jim","Dray","LA",0,0,0,0,0
"TE","Cory Harkey (0000000)","Cory Harkey",0,2500,"Buf@LA 00:00PM ET","LA","Cory","Harkey","Buf",0,0,0,0,0
"TE","Tyler Higbee (0000000)","Tyler Higbee",0,2500,"Buf@LA 00:00PM ET","LA","Tyler","Higbee","Buf",1.65,2.5,6,0.040650406504065,0
"TE","Nick O'Leary (0000000)","Nick O'Leary",0,2500,"Buf@LA 00:00PM ET","Buf","Nick","O'Leary","LA",0,0,9,0.0341880341880342,0
"TE","Temarrick Hemingway (0000000)","Temarrick Hemingway",0,2500,"Buf@LA 00:00PM ET","LA","Temarrick","Hemingway","Buf",0,0,0,0,0
"TE","Lee Smith (0000000)","Lee Smith",0,2500,"SD@Oak 00:00PM ET","Oak","Lee","Smith","SD",0,0,7,0.0372670807453416,0
"TE","Sean McGrath (0000000)","Sean McGrath",0,2500,"SD@Oak 00:00PM ET","SD","Sean","McGrath","Oak",0,0,10,0.00680272108843537,0
"TE","Mychal Rivera (0000000)","Mychal Rivera",0,2500,"SD@Oak 00:00PM ET","Oak","Mychal","Rivera","SD",0,2.9,12,0.0062111801242236,0
"TE","Asante Cleveland (0000000)","Asante Cleveland",0,2500,"SD@Oak 00:00PM ET","SD","Asante","Cleveland","Oak",0,0,0,0,0
"TE","Jared Cook (0000000)","Jared Cook",0,2500,"NYG@GB 00:00PM ET","GB","Jared","Cook","NYG",0,0,4,0.116504854368932,0
"TE","Justin Perillo (0000000)","Justin Perillo",0,2500,"NYG@GB 00:00PM ET","GB","Justin","Perillo","NYG",0,3.7,9,0.00970873786407767,0
"TE","Jerell Adams (0000000)","Jerell Adams",0,2500,"NYG@GB 00:00PM ET","NYG","Jerell","Adams","GB",0,2.2,11,0,0
"TE","Brandon Myers (0000000)","Brandon Myers",0,2500,"TB@Car 00:00PM ET","TB","Brandon","Myers","Car",2.22,0,6,0.0284090909090909,0
"TE","Ed Dickson (0000000)","Ed Dickson",0,2500,"TB@Car 00:00PM ET","Car","Ed","Dickson","TB",3.11,2.6,8,0.031055900621118,0
"TE","Luke Stocker (0000000)","Luke Stocker",0,2500,"TB@Car 00:00PM ET","TB","Luke","Stocker","Car",0,0,13,0,0
"TE","Scott Simonson (0000000)","Scott Simonson",0,2500,"TB@Car 00:00PM ET","Car","Scott","Simonson","TB",0,0,0,0,0
"TE","Alan Cross (0000000)","Alan Cross",0,2500,"TB@Car 00:00PM ET","TB","Alan","Cross","Car",0,0,0,0,0
