Player Name,Likes,Inj,Pos,Salary,Team,Opp,Vegas Pts,Vegas Spread,Defense Pass Yds/G,Defense Rush Yds/G,DvP,L3 Pass Att,S Pass Att,Proj Pass Att,Red Zone Pass Att,Yards Per Pass Att,L3 Rush Att,S Rush Att,Proj Rush Att,Red Zone Rush Att,Yards Per Rush Att,L3 Targets,S Targets,Proj Targets,Red Zone Targets,Yards Per Target,Projected Usage,L3 FP,L16 FP,S FP,Floor FP,Ceil FP,Proj FP,Proj Val,Actual FP,Actual Val
Le'Veon Bell,0,,RB,10400,PIT,CLE,22.5,PIT by 3.5,1%,36%,21%,0.0,0.1,0.0,0.0,0.0,27.0,21.8,0.0,2.5,4.9,5.7,7.8,0.0,0.7,6.6,0,34.9,28.0,28.0,17.2,38.9,0.0,0.0,0.0,0.0
David Johnson,25,,RB,9800,ARI,@LA,23.8,ARI by 7.5,-5%,-4%,-2%,0.0,0.0,0.0,0.0,0.0,20.0,19.2,20.3,3.5,4.3,6.7,7.7,7.2,0.9,7.3,43,26.5,27.9,27.9,19.6,36.1,25.4,2.6,0.0,0.0
Odell Beckham Jr.,2,,WR,9000,NYG,@WAS,19.5,WAS by 7.5,9%,7%,2%,0.0,0.0,0.0,0.0,0.0,0.3,0.1,0.0,0.0,9.0,12.3,10.8,4.9,1.3,8.2,8,22.6,20.0,20.0,10.4,29.6,9.8,1.1,0.0,0.0
LeSean McCoy,10,,RB,8900,BUF,@NYJ,23.8,BUF by 4,1%,-8%,2%,0.0,0.0,0.0,0.0,0.0,18.3,16.4,15.9,2.7,5.5,5.3,4.1,4.2,0.5,6.1,34,28.7,22.7,22.7,12.6,32.8,15.5,1.7,0.0,0.0
Antonio Brown,,,WR,8700,PIT,CLE,22.5,PIT by 3.5,1%,36%,-1%,0.0,0.0,0.0,0.0,0.0,0.0,0.2,0.3,0.0,3.0,9.0,10.3,0.0,1.0,8.3,0,15.7,21.3,21.3,11.7,30.9,0.0,0.0,0.0,0.0
Julio Jones,21,,WR,8400,ATL,NO,32.5,ATL by 7.5,11%,-9%,5%,0.0,0.0,0.0,0.0,0.0,0.0,0.0,0.0,0.0,0.0,7.7,9.2,8.8,0.5,10.9,14,12.9,19.9,19.9,6.1,33.6,22.5,2.7,0.0,0.0
Jordy Nelson,32,,WR,8100,GB,@DET,27.0,GB by 3.5,0%,-5%,2%,0.0,0.0,0.0,0.0,0.0,0.0,0.0,0.0,0.0,0.0,9.3,9.7,9.8,1.9,8.2,16,28.0,20.5,20.5,10.8,30.3,21.2,2.6,0.0,0.0
Mike Evans,22,,WR,8000,TB,CAR,24.0,TB by 3,13%,-17%,7%,0.0,0.0,0.0,0.0,0.0,0.0,0.0,0.0,0.0,0.0,8.0,10.7,11.5,1.1,7.8,18,13.6,19.9,19.9,9.6,30.2,22.8,2.9,0.0,0.0
Aaron Rodgers,34,,QB,7700,GB,@DET,27.0,GB by 3.5,0%,-5%,9%,30.7,38.1,37.1,6.8,7.2,2.7,3.8,4.2,0.8,5.7,0.0,0.0,0.0,0.0,0.0,68,24.5,24.8,24.8,16.9,32.7,22.4,2.9,0.0,0.0
Melvin Gordon,0,O,RB,7700,SD,KC,20.0,KC by 4.5,0%,11%,-3%,0.0,0.0,0.0,0.0,0.0,12.3,19.5,0.0,3.8,3.9,3.7,4.4,0.0,0.6,7.4,0,12.4,20.1,20.1,9.8,30.4,0.0,0.0,0.0,0.0
T.Y. Hilton,13,,WR,7600,IND,JAX,26.5,IND by 5.5,-14%,-2%,-10%,0.0,0.0,0.0,0.0,0.0,0.0,0.0,0.3,0.0,0.0,9.7,9.5,8.2,0.9,9.5,14,18.8,18.4,18.4,7.7,29.1,17.1,2.3,0.0,0.0
Drew Brees,23,,QB,7600,NO,@ATL,25.0,ATL by 7.5,8%,-6%,13%,41.0,41.5,43.0,6.8,7.8,2.3,1.5,1.2,0.5,0.9,0.0,0.0,0.0,0.0,0.0,67,19.0,23.8,23.8,14.1,33.5,23.0,3.0,0.0,0.0
Ezekiel Elliott,1,,RB,7400,DAL,@PHI,18.8,PHI by 6.5,1%,-3%,-6%,0.0,0.0,0.0,0.0,0.0,19.7,21.5,8.6,2.5,5.1,2.0,2.7,0.7,0.2,9.1,16,22.2,23.2,23.2,14.8,31.5,7.2,1.0,0.0,0.0
Matt Ryan,26,,QB,7400,ATL,NO,32.5,ATL by 7.5,11%,-9%,8%,28.0,33.2,34.8,6.0,9.3,1.0,2.2,2.4,0.4,3.5,0.0,0.0,0.0,0.0,0.0,60,20.3,22.8,22.8,15.4,30.2,22.7,3.1,0.0,0.0
Ben Roethlisberger,0,,QB,7300,PIT,CLE,22.5,PIT by 3.5,1%,36%,15%,33.3,36.4,0.0,4.3,7.5,2.7,1.1,0.0,0.4,0.9,0.0,0.0,0.0,0.0,0.0,0,13.9,19.9,19.9,10.4,29.5,0.0,0.0,0.0,0.0
Doug Baldwin,23,,WR,7200,SEA,@SF,27.5,SEA by 11,-3%,57%,5%,0.0,0.1,0.0,0.1,15.0,0.7,0.2,0.0,0.0,0.7,12.0,8.1,7.1,0.9,9.0,11,21.6,17.1,17.1,6.7,27.4,16.0,2.2,0.0,0.0
Tom Brady,8,Q,QB,7200,NE,@MIA,27.5,NE by 8,-1%,30%,12%,32.3,36.3,35.7,5.3,8.2,0.7,2.5,3.0,0.9,2.1,0.0,0.0,0.0,0.0,0.0,59,19.4,22.7,22.7,14.1,31.3,19.2,2.7,0.0,0.0
Devonta Freeman,27,,RB,7000,ATL,NO,32.5,ATL by 7.5,11%,-9%,14%,0.0,0.0,0.0,0.0,0.0,13.0,14.3,15.6,3.1,4.6,4.3,4.0,3.8,1.1,6.3,31,19.4,17.5,17.5,7.7,27.3,16.0,2.3,0.0,0.0
Brandin Cooks,17,,WR,6900,NO,@ATL,25.0,ATL by 7.5,8%,-6%,3%,0.0,0.0,0.0,0.0,0.0,0.0,0.4,0.2,0.2,5.0,9.0,7.9,7.9,0.8,10.4,12,22.2,17.9,17.9,6.8,29.0,16.4,2.4,0.0,0.0
A.J. Green,,O,WR,6800,CIN,BAL,20.0,BAL by 1,-3%,-22%,3%,0.0,0.0,0.0,0.0,0.0,0.0,0.0,0.0,0.0,0.0,10.0,10.0,0.0,1.0,9.6,0,14.6,19.8,19.8,6.5,33.2,0.0,0.0,0.0,0.0
Jordan Howard,7,,RB,6800,CHI,@MIN,18.5,MIN by 6.5,-9%,-6%,-10%,0.0,0.0,0.0,0.0,0.0,16.0,16.4,18.3,2.0,5.1,4.0,3.6,2.9,0.5,6.0,36,17.0,16.8,16.8,7.5,26.2,15.6,2.3,0.0,0.0
Russell Wilson,19,,QB,6800,SEA,@SF,27.5,SEA by 11,-3%,57%,4%,36.7,34.3,30.6,4.5,7.7,6.7,4.7,6.2,0.3,3.6,0.0,0.1,0.0,0.1,7.0,59,23.2,18.5,18.5,9.8,27.2,22.4,3.3,0.0,0.0
Michael Thomas,15,,WR,6700,NO,@ATL,25.0,ATL by 7.5,8%,-6%,3%,0.0,0.0,0.0,0.0,0.0,0.0,0.0,0.0,0.0,0.0,7.7,7.6,9.1,1.1,9.2,14,14.1,16.6,16.6,8.7,24.4,16.9,2.5,0.0,0.0
Andrew Luck,6,,QB,6700,IND,JAX,26.5,IND by 5.5,-14%,-2%,-14%,34.0,36.1,34.7,4.7,7.8,2.3,4.4,4.6,0.4,5.3,0.0,0.0,0.0,0.0,0.0,63,21.6,22.7,22.7,15.6,29.7,19.0,2.8,0.0,0.0
Golden Tate,26,,WR,6600,DET,GB,23.5,GB by 3.5,11%,-11%,16%,0.0,0.0,0.0,0.0,0.0,0.3,0.6,0.4,0.1,-0.3,10.0,8.3,6.9,1.1,8.0,13,15.6,14.2,14.2,4.4,24.0,14.6,2.2,0.0,0.0
Bilal Powell,6,Q,RB,6500,NYJ,BUF,19.8,BUF by 4,-6%,23%,12%,0.0,0.0,0.0,0.0,0.0,20.0,7.3,17.4,0.9,5.5,6.7,4.8,4.6,0.7,5.2,37,24.8,11.9,11.9,1.5,22.2,20.1,3.1,0.0,0.0
DeAndre Hopkins,10,,WR,6500,HOU,@TEN,18.3,TEN by 3,12%,-16%,20%,0.0,0.0,0.0,0.0,0.0,0.0,0.0,0.0,0.0,0.0,9.0,9.3,8.0,0.6,5.9,13,9.8,12.1,12.1,5.9,18.3,13.4,2.1,0.0,0.0
Kirk Cousins,20,,QB,6500,WAS,NYG,27.0,WAS by 7.5,3%,-16%,-22%,32.3,38.1,38.9,5.3,8.1,3.7,2.3,2.4,0.4,2.9,0.0,0.0,0.0,0.0,0.0,65,20.5,21.5,21.5,15.2,27.9,19.6,3.0,0.0,0.0
Julian Edelman,15,,WR,6400,NE,@MIA,27.5,NE by 8,-1%,30%,3%,0.0,0.0,0.0,0.0,0.0,0.0,0.7,0.3,0.1,4.6,11.7,9.8,9.1,0.9,6.5,14,13.9,13.6,13.6,8.5,18.6,17.6,2.8,0.0,0.0
Demaryius Thomas,1,,WR,6300,DEN,OAK,20.5,DEN by 1,6%,6%,4%,0.0,0.0,0.0,0.0,0.0,0.0,0.0,0.0,0.0,0.0,11.7,9.2,8.8,1.2,7.5,15,15.6,15.0,15.0,8.8,21.3,16.8,2.7,0.0,0.0
DeMarco Murray,1,,RB,6300,TEN,HOU,21.3,TEN by 3,-15%,-9%,-5%,0.3,0.1,0.0,0.1,5.0,17.7,18.8,19.3,2.6,4.5,4.0,4.4,3.4,1.1,5.7,40,14.1,20.5,20.5,14.1,26.8,17.5,2.8,0.0,0.0
Philip Rivers,0,,QB,6300,SD,KC,20.0,KC by 4.5,0%,11%,-3%,38.3,36.0,36.8,6.3,7.6,0.3,0.9,1.5,0.2,2.6,0.0,0.0,0.0,0.0,0.0,61,16.9,19.1,19.1,13.7,24.5,16.9,2.7,0.0,0.0
Cam Newton,1,Q,QB,6200,CAR,@TB,21.0,TB by 3,4%,7%,4%,35.7,34.1,31.9,3.8,6.8,6.3,6.2,5.4,1.1,4.1,0.0,0.0,0.0,0.0,0.0,62,16.3,19.2,19.2,11.8,26.5,18.1,2.9,0.0,0.0
Dez Bryant,1,,WR,6200,DAL,@PHI,18.8,PHI by 6.5,1%,-3%,13%,0.3,0.1,0.0,0.1,10.0,0.0,0.0,0.0,0.0,0.0,8.0,7.9,2.6,1.1,8.4,4,14.9,15.8,15.8,6.0,25.6,5.3,0.9,0.0,0.0
Emmanuel Sanders,1,,WR,6100,DEN,OAK,20.5,DEN by 1,6%,6%,4%,0.0,0.0,0.0,0.0,0.0,0.0,0.1,0.3,0.0,4.0,7.7,9.1,8.5,1.2,7.5,15,13.8,14.8,14.8,4.5,25.1,15.7,2.6,0.0,0.0
Jameis Winston,12,,QB,6100,TB,CAR,24.0,TB by 3,13%,-17%,7%,32.0,35.5,36.8,4.4,7.3,3.0,3.3,3.6,0.3,3.1,0.0,0.0,0.0,0.0,0.0,64,14.0,18.5,18.5,12.6,24.4,19.3,3.2,0.0,0.0
Tyrod Taylor,0,,QB,6100,BUF,@NYJ,23.8,BUF by 4,1%,-8%,6%,29.3,29.1,0.0,3.7,6.9,7.3,6.3,0.0,1.1,6.1,0.0,0.0,0.0,0.0,0.0,0,22.1,18.8,18.8,11.8,25.8,0.0,0.0,0.0,0.0
Matthew Stafford,14,,QB,6000,DET,GB,23.5,GB by 3.5,11%,-11%,9%,40.0,36.9,35.6,5.5,7.2,2.3,2.5,2.2,0.4,5.6,0.0,0.0,0.0,0.0,0.0,66,14.7,18.7,18.7,11.8,25.5,18.8,3.1,0.0,0.0
Larry Fitzgerald,10,,WR,6000,ARI,@LA,23.8,ARI by 7.5,-5%,-4%,13%,0.3,0.1,0.0,0.0,0.0,0.0,0.1,0.0,0.0,1.0,7.3,9.6,8.9,1.3,6.8,14,7.7,15.6,15.6,8.1,23.0,16.7,2.8,0.0,0.0
Derek Carr,,O,QB,5900,OAK,@DEN,19.5,DEN by 1,-21%,24%,-25%,33.7,37.3,0.0,6.1,7.0,2.7,2.5,0.0,0.3,1.8,0.0,0.0,0.0,0.0,0.0,0,13.0,19.3,19.3,10.3,28.2,0.0,0.0,0.0,0.0
Eli Manning,,,QB,5900,NYG,@WAS,19.5,WAS by 7.5,9%,7%,9%,39.7,38.1,14.0,3.8,6.7,0.7,1.4,1.0,0.4,-0.4,0.0,0.0,0.0,0.0,0.0,25,14.3,16.6,16.6,10.7,22.5,6.8,1.2,0.0,0.0
Jay Ajayi,1,,RB,5900,MIA,NE,19.5,NE by 8,0%,-18%,-10%,0.0,0.0,0.0,0.0,0.0,23.7,17.4,16.7,2.2,5.0,1.3,2.3,2.5,0.4,4.1,35,14.4,15.5,15.5,4.8,26.3,11.4,1.9,0.0,0.0
Alshon Jeffery,0,,WR,5900,CHI,@MIN,18.5,MIN by 6.5,-9%,-6%,-14%,0.0,0.0,0.0,0.0,0.0,0.0,0.0,0.0,0.0,0.0,9.3,8.3,7.9,1.1,8.9,13,14.6,13.4,13.4,8.9,17.9,13.5,2.3,0.0,0.0
Thomas Rawls,13,,RB,5800,SEA,@SF,27.5,SEA by 11,-3%,57%,45%,0.0,0.0,0.0,0.0,0.0,13.7,12.6,13.4,1.9,3.3,1.7,2.1,2.0,0.1,5.6,25,5.0,8.9,8.9,0.5,17.3,13.5,2.3,0.0,0.0
Dak Prescott,,,QB,5800,DAL,@PHI,18.8,PHI by 6.5,1%,-3%,-3%,31.0,30.1,7.3,3.5,8.0,3.0,3.7,2.3,0.7,4.9,0.0,0.0,0.0,0.0,0.0,16,17.3,19.9,19.9,14.0,25.8,5.0,0.9,0.0,0.0
Sammy Watkins,5,,WR,5800,BUF,@NYJ,23.8,BUF by 4,1%,-8%,4%,0.0,0.0,0.0,0.0,0.0,0.0,0.0,0.0,0.0,0.0,6.7,6.1,6.4,0.6,9.3,11,16.3,11.3,11.3,1.4,21.2,12.7,2.2,0.0,0.0
Ty Montgomery,9,,RB,5700,GB,@DET,27.0,GB by 3.5,0%,-5%,-8%,0.0,0.0,0.0,0.0,0.0,11.3,4.9,11.5,0.8,6.0,4.0,3.6,4.2,0.6,6.5,26,19.6,9.7,9.7,-0.5,19.8,14.7,2.6,0.0,0.0
Carson Palmer,3,,QB,5700,ARI,@LA,23.8,ARI by 7.5,-5%,-4%,3%,33.0,40.0,38.1,5.4,7.1,1.3,1.0,1.3,0.1,2.7,0.0,0.0,0.0,0.0,0.0,61,17.4,18.4,18.4,12.3,24.6,18.4,3.2,0.0,0.0
Tyrell Williams,2,,WR,5700,SD,KC,20.0,KC by 4.5,0%,11%,8%,0.0,0.0,0.0,0.0,0.0,0.0,0.0,0.0,0.0,0.0,7.7,7.5,7.1,1.0,8.8,11,10.4,14.2,14.2,6.5,21.9,13.0,2.3,0.0,0.0
Davante Adams,18,,WR,5700,GB,@DET,27.0,GB by 3.5,0%,-5%,2%,0.0,0.0,0.0,0.0,0.0,0.0,0.0,0.0,0.0,0.0,6.3,7.5,7.6,1.2,8.6,13,14.1,15.8,15.8,4.8,26.8,13.8,2.4,0.0,0.0
LeGarrette Blount,11,,RB,5700,NE,@MIA,27.5,NE by 8,-1%,30%,2%,0.0,0.0,0.0,0.0,0.0,18.3,19.0,16.3,4.3,3.9,0.3,0.5,0.3,0.0,4.8,25,13.7,15.7,15.7,8.8,22.5,11.1,1.9,0.0,0.0
DeSean Jackson,17,,WR,5600,WAS,NYG,27.0,WAS by 7.5,3%,-16%,-8%,0.0,0.0,0.0,0.0,0.0,0.0,0.0,0.0,0.0,0.0,7.0,6.8,7.7,0.9,10.2,12,20.9,13.6,13.6,6.1,21.1,14.9,2.7,0.0,0.0
Adam Thielen,14,,WR,5600,MIN,CHI,25.0,MIN by 6.5,-7%,12%,10%,0.0,0.0,0.0,0.0,0.0,0.3,0.1,0.0,0.1,7.5,7.0,6.1,8.6,0.6,10.5,14,21.6,13.6,13.6,2.0,25.2,15.5,2.8,0.0,0.0
Michael Crabtree,,Q,WR,5600,OAK,@DEN,19.5,DEN by 1,-21%,24%,-37%,0.0,0.0,0.0,0.0,0.0,0.0,0.0,0.0,0.0,0.0,8.3,9.1,7.5,1.4,7.0,11,13.4,15.9,15.9,7.2,24.6,11.9,2.1,0.0,0.0
Tyreek Hill,5,,WR,5600,KC,@SD,24.5,KC by 4.5,3%,-10%,-9%,0.0,0.0,0.0,0.0,0.0,2.7,1.4,1.1,0.2,12.0,4.7,5.1,7.6,0.8,7.2,14,17.4,13.4,13.4,5.2,21.6,15.3,2.7,0.0,0.0
Mark Ingram,25,,RB,5600,NO,@ATL,25.0,ATL by 7.5,8%,-6%,12%,0.0,0.0,0.0,0.0,0.0,14.0,12.3,13.9,2.0,5.1,3.0,3.3,3.2,0.6,5.8,26,13.3,15.0,15.0,4.7,25.3,13.9,2.5,0.0,0.0
Blake Bortles,8,,QB,5600,JAX,@IND,21.0,IND by 5.5,7%,7%,6%,34.3,39.1,38.7,4.2,6.2,2.7,3.7,2.9,0.4,6.1,0.3,0.1,0.0,0.0,20.0,68,17.8,19.3,19.3,12.4,26.1,16.6,3.0,0.0,0.0
Allen Robinson,10,,WR,5500,JAX,@IND,21.0,IND by 5.5,7%,7%,-2%,0.0,0.0,0.0,0.0,0.0,0.0,0.0,0.0,0.0,0.0,7.7,9.2,8.3,1.2,5.8,14,11.0,12.8,12.8,3.6,22.0,13.7,2.5,0.0,0.0
Amari Cooper,,Q,WR,5500,OAK,@DEN,19.5,DEN by 1,-21%,24%,-37%,0.0,0.0,0.0,0.0,0.0,0.0,0.1,0.3,0.0,0.0,6.3,8.2,7.2,0.9,9.0,11,7.6,15.3,15.3,5.2,25.3,12.7,2.3,0.0,0.0
Spencer Ware,8,Q,RB,5500,KC,@SD,24.5,KC by 4.5,3%,-10%,13%,0.0,0.0,0.0,0.0,0.0,17.0,15.3,15.3,1.9,4.3,2.7,3.0,2.7,0.2,10.6,29,10.0,14.5,14.5,6.0,23.0,12.9,2.3,0.0,0.0
Greg Olsen,1,Q,TE,5500,CAR,@TB,21.0,TB by 3,4%,7%,-6%,0.0,0.0,0.0,0.0,0.0,0.0,0.0,0.0,0.0,0.0,9.3,8.3,7.8,0.9,8.4,13,13.0,13.9,13.9,6.4,21.4,14.3,2.6,0.0,0.0
Joe Flacco,2,,QB,5500,BAL,@CIN,21.0,BAL by 1,-4%,7%,2%,42.0,41.6,39.2,4.6,6.5,0.7,1.5,1.1,0.3,2.4,0.0,0.0,0.0,0.0,0.0,63,17.6,17.5,17.5,11.2,23.8,16.3,3.0,0.0,0.0
DeAngelo Williams,9,,RB,5500,PIT,CLE,22.5,PIT by 3.5,1%,36%,21%,0.0,0.0,0.0,0.0,0.0,1.7,10.7,15.5,1.0,3.7,0.3,3.3,3.3,0.1,4.0,30,0.4,11.2,11.2,-3.1,25.6,16.4,3.0,0.0,0.0
Willie Snead,3,,WR,5400,NO,@ATL,25.0,ATL by 7.5,8%,-6%,3%,0.0,0.1,0.0,0.0,50.0,0.0,0.0,0.0,0.0,0.0,8.0,7.1,7.5,0.9,8.1,11,11.4,13.1,13.1,4.6,21.6,15.1,2.8,0.0,0.0
Tom Savage,2,,QB,5400,HOU,@TEN,18.3,TEN by 3,12%,-16%,14%,32.5,32.5,33.8,5.0,6.7,2.0,2.0,2.7,0.0,2.8,0.0,0.0,0.0,0.0,0.0,61,9.3,9.3,9.3,7.7,10.9,14.3,2.6,0.0,0.0
Theo Riddick,,O,RB,5400,DET,GB,23.5,GB by 3.5,11%,-11%,-8%,0.0,0.0,0.0,0.0,0.0,5.7,9.2,0.0,0.7,3.9,7.0,6.7,0.0,1.4,5.5,0,13.3,16.2,16.2,8.4,24.0,0.0,0.0,0.0,0.0
Stefon Diggs,,D,WR,5400,MIN,CHI,25.0,MIN by 6.5,-7%,12%,10%,0.0,0.0,0.0,0.0,0.0,0.0,0.2,0.0,0.1,3.3,5.3,8.6,0.0,0.9,8.1,0,8.2,15.6,15.6,5.2,25.9,0.0,0.0,0.0,0.0
Todd Gurley,0,,RB,5300,LA,ARI,16.3,ARI by 7.5,-7%,-10%,-19%,0.0,0.0,0.0,0.0,0.0,17.7,17.6,17.6,2.1,3.2,3.7,3.5,2.9,0.6,5.5,36,13.2,12.5,12.5,7.4,17.6,13.1,2.5,0.0,0.0
Trevor Siemian,1,,QB,5300,DEN,OAK,20.5,DEN by 1,6%,6%,9%,44.7,35.3,20.4,4.5,7.0,0.3,2.0,1.5,0.2,2.4,0.0,0.0,0.0,0.0,0.0,36,12.5,15.2,15.2,6.7,23.7,9.8,1.8,0.0,0.0
Dontrelle Inman,4,,WR,5300,SD,KC,20.0,KC by 4.5,0%,11%,8%,0.0,0.0,0.0,0.0,0.0,0.0,0.0,0.0,0.0,0.0,8.3,6.1,7.1,0.5,8.3,11,12.8,10.7,10.7,2.2,19.1,12.9,2.4,0.0,0.0
Kelvin Benjamin,,,WR,5300,CAR,@TB,21.0,TB by 3,4%,7%,-1%,0.0,0.0,0.0,0.0,0.0,0.0,0.0,0.0,0.0,0.0,5.3,7.4,7.0,0.8,7.6,12,7.5,12.0,12.0,3.7,20.2,11.8,2.2,0.0,0.0
Tony Romo,,,QB,5300,DAL,@PHI,18.8,PHI by 6.5,1%,-3%,-3%,0.0,0.0,0.0,0.0,0.0,0.0,0.0,0.0,0.0,0.0,0.0,0.0,0.0,0.0,0.0,0,0.0,0.0,0.0,0.0,0.0,0.0,0.0,0.0,0.0
Sam Bradford,2,,QB,5200,MIN,CHI,25.0,MIN by 6.5,-7%,12%,-2%,42.0,37.1,33.5,5.1,7.0,2.0,1.4,2.0,0.1,1.5,0.0,0.1,0.0,0.0,5.0,58,18.9,15.3,15.3,9.3,21.3,14.8,2.8,0.0,0.0
Cameron Meredith,12,,WR,5200,CHI,@MIN,18.5,MIN by 6.5,-9%,-6%,-14%,0.0,0.0,0.0,0.0,0.0,0.0,0.1,0.0,0.1,6.0,11.0,7.0,7.6,0.8,9.1,13,24.4,13.8,13.8,3.1,24.5,13.7,2.6,0.0,0.0
Latavius Murray,7,,RB,5200,OAK,@DEN,19.5,DEN by 1,-21%,24%,2%,0.0,0.0,0.0,0.0,0.0,16.7,14.6,15.1,2.9,4.1,1.3,3.2,2.4,0.4,6.0,27,11.9,16.3,16.3,8.0,24.5,13.9,2.7,0.0,0.0
Carlos Hyde,,,RB,5200,SF,SEA,16.5,SEA by 11,-5%,-13%,-19%,0.0,0.0,0.0,0.0,0.0,14.3,16.7,0.0,2.4,4.6,2.3,2.5,0.0,0.5,4.9,0,17.3,15.5,15.5,6.4,24.5,0.0,0.0,0.0,0.0
Lamar Miller,,O,RB,5200,HOU,@TEN,18.3,TEN by 3,12%,-16%,-19%,0.0,0.0,0.0,0.0,0.0,19.0,19.1,0.0,2.2,4.0,1.3,2.8,0.0,0.4,4.8,0,14.0,14.6,14.6,6.0,23.1,0.0,0.0,0.0,0.0
Carson Wentz,2,,QB,5200,PHI,DAL,25.3,PHI by 6.5,7%,-26%,0%,37.3,37.6,38.6,5.5,6.3,3.3,3.0,2.2,0.5,3.0,0.0,0.1,0.0,0.0,7.0,68,14.1,14.9,14.9,10.2,19.7,14.7,2.8,0.0,0.0
Andy Dalton,0,,QB,5100,CIN,BAL,20.0,BAL by 1,-3%,-22%,-3%,32.0,35.7,36.7,4.3,7.4,1.0,2.8,3.7,0.3,4.3,0.0,0.0,0.0,0.0,0.0,72,14.0,18.0,18.0,13.3,22.8,17.9,3.5,0.0,0.0
Taylor Gabriel,,O,WR,5100,ATL,NO,32.5,ATL by 7.5,11%,-9%,5%,0.0,0.0,0.0,0.0,0.0,0.3,0.3,0.0,0.1,12.8,5.3,4.2,0.0,0.5,11.6,0,12.2,11.7,11.7,4.3,19.0,0.0,0.0,0.0,0.0
Jonathan Stewart,2,Q,RB,5100,CAR,@TB,21.0,TB by 3,4%,7%,6%,0.0,0.0,0.0,0.0,0.0,20.0,16.5,18.8,3.0,3.8,2.0,1.6,1.1,0.3,2.8,33,12.3,11.4,11.4,3.8,19.1,13.7,2.7,0.0,0.0
Donte Moncrief,,D,WR,5100,IND,JAX,26.5,IND by 5.5,-14%,-2%,-10%,0.0,0.0,0.0,0.0,0.0,0.0,0.1,0.0,0.0,-1.0,4.3,6.2,0.0,1.1,5.5,0,7.9,11.4,11.4,5.1,17.7,0.0,0.0,0.0,0.0
Matt Moore,,,QB,5100,MIA,NE,19.5,NE by 8,0%,-18%,-6%,17.7,17.7,30.9,1.0,9.7,0.3,0.3,2.6,0.3,-1.0,0.0,0.0,0.0,0.0,0.0,61,14.2,14.2,14.2,2.8,25.6,13.1,2.6,0.0,0.0
Matt Barkley,0,,QB,5100,CHI,@MIN,18.5,MIN by 6.5,-9%,-6%,-9%,38.3,33.7,33.8,5.0,7.4,0.0,1.2,1.7,0.0,0.3,0.0,0.0,0.0,0.0,0.0,60,17.6,14.6,14.6,5.5,23.7,13.6,2.7,0.0,0.0
Colin Kaepernick,0,,QB,5100,SF,SEA,16.5,SEA by 11,-5%,-13%,-13%,32.3,31.0,28.9,3.2,6.5,4.0,6.4,6.9,0.7,7.1,0.0,0.0,0.0,0.0,0.0,63,18.7,20.0,20.0,10.4,29.6,15.4,3.0,0.0,0.0
Tevin Coleman,7,,RB,5100,ATL,NO,32.5,ATL by 7.5,11%,-9%,14%,0.0,0.0,0.0,0.0,0.0,10.3,9.2,7.9,1.7,4.3,2.7,3.0,1.9,0.8,11.3,16,16.9,14.9,14.9,5.8,24.0,7.6,1.5,0.0,0.0
Jordan Reed,0,Q,TE,5100,WAS,NYG,27.0,WAS by 7.5,3%,-16%,5%,0.0,0.0,0.0,0.0,0.0,0.0,0.0,0.0,0.0,0.0,4.7,7.5,3.9,1.0,7.8,6,11.7,14.1,14.1,4.1,24.2,7.7,1.5,0.0,0.0
Luke McCown,,,QB,5000,NO,@ATL,25.0,ATL by 7.5,8%,-6%,13%,0.0,0.0,0.4,0.0,0.0,0.0,0.0,0.0,0.0,0.0,0.0,0.0,0.0,0.0,0.0,1,0.0,0.0,0.0,0.0,0.0,0.0,0.0,0.0,0.0
Ryan Mallett,,,QB,5000,BAL,@CIN,21.0,BAL by 1,-4%,7%,2%,1.3,1.3,0.4,0.0,3.5,1.7,1.7,0.0,0.0,-1.2,0.0,0.0,0.0,0.0,0.0,1,0.0,0.0,0.0,-0.4,0.3,0.0,0.0,0.0,0.0
AJ McCarron,,,QB,5000,CIN,BAL,20.0,BAL by 1,-3%,-22%,-3%,0.0,0.0,0.4,0.0,0.0,0.0,0.0,0.0,0.0,0.0,0.0,0.0,0.0,0.0,0.0,1,0.0,0.0,0.0,0.0,0.0,0.0,0.0,0.0,0.0
Jeff Driskel,,,QB,5000,CIN,BAL,20.0,BAL by 1,-3%,-22%,-3%,0.0,0.0,0.0,0.0,0.0,0.0,0.0,0.0,0.0,0.0,0.0,0.0,0.0,0.0,0.0,0,0.0,0.0,0.0,0.0,0.0,0.0,0.0,0.0,0.0
Josh Johnson,1,,QB,5000,NYG,@WAS,19.5,WAS by 7.5,9%,7%,9%,0.0,0.0,21.0,0.0,0.0,0.0,0.0,1.4,0.0,0.0,0.0,0.0,0.0,0.0,0.0,38,0.0,0.0,0.0,0.0,0.0,8.9,1.8,0.0,0.0
Colt McCoy,,,QB,5000,WAS,NYG,27.0,WAS by 7.5,3%,-16%,-22%,0.0,0.0,0.4,0.0,0.0,0.0,0.0,0.0,0.0,0.0,0.0,0.0,0.0,0.0,0.0,1,0.0,0.0,0.0,0.0,0.0,0.0,0.0,0.0,0.0
Nate Sudfeld,,,QB,5000,WAS,NYG,27.0,WAS by 7.5,3%,-16%,-22%,0.0,0.0,0.0,0.0,0.0,0.0,0.0,0.0,0.0,0.0,0.0,0.0,0.0,0.0,0.0,0,0.0,0.0,0.0,0.0,0.0,0.0,0.0,0.0,0.0
Pierre Garcon,10,,WR,5000,WAS,NYG,27.0,WAS by 7.5,3%,-16%,-8%,0.0,0.0,0.0,0.0,0.0,0.0,0.0,0.0,0.0,0.0,7.3,7.1,8.6,0.9,8.8,13,15.0,12.7,12.7,7.2,18.2,15.9,3.2,0.0,0.0
Jamison Crowder,5,,WR,5000,WAS,NYG,27.0,WAS by 7.5,3%,-16%,-8%,0.0,0.0,0.0,0.0,0.0,0.0,0.1,0.5,0.0,-1.0,4.0,6.4,5.7,1.1,8.7,10,4.1,13.6,13.6,6.2,21.0,11.3,2.3,0.0,0.0
Matt Cassel,0,,QB,5000,TEN,HOU,21.3,TEN by 3,-15%,-9%,-16%,8.3,8.3,27.0,2.0,5.4,0.7,0.7,4.3,0.0,0.5,0.0,0.0,0.0,0.0,0.0,55,2.8,2.8,2.8,-1.6,7.3,13.1,2.6,0.0,0.0
Brandon Weeden,,,QB,5000,HOU,@TEN,18.3,TEN by 3,12%,-16%,14%,0.0,0.0,0.0,0.0,0.0,0.0,0.0,0.0,0.0,0.0,0.0,0.0,0.0,0.0,0.0,0,0.0,0.0,0.0,0.0,0.0,0.0,0.0,0.0,0.0
Brock Osweiler,,,QB,5000,HOU,@TEN,18.3,TEN by 3,12%,-16%,14%,23.3,33.6,0.3,3.4,5.8,1.7,2.1,0.0,0.3,4.5,0.0,0.1,0.0,0.1,-14.0,1,7.3,11.8,11.8,6.3,17.4,0.0,0.0,0.0,0.0
Marcus Mariota,,O,QB,5000,TEN,HOU,21.3,TEN by 3,-15%,-9%,-16%,24.3,30.1,0.0,3.6,7.6,3.7,3.9,0.0,0.5,6.1,0.3,0.1,0.0,0.0,0.0,0,7.7,18.5,18.5,9.6,27.5,0.0,0.0,0.0,0.0
Derek Anderson,,O,QB,5000,CAR,@TB,21.0,TB by 3,4%,7%,4%,17.3,13.3,0.3,2.3,8.5,0.3,0.3,0.0,0.0,4.0,0.0,0.0,0.0,0.0,0.0,0,7.5,5.6,5.6,-1.9,13.1,0.0,0.0,0.0,0.0
Joe Webb,,,QB,5000,CAR,@TB,21.0,TB by 3,4%,7%,4%,0.0,0.0,0.0,0.0,0.0,0.0,0.0,0.0,0.0,0.0,0.7,0.4,0.0,0.3,1.0,0,0.0,0.2,0.2,-0.3,0.7,0.0,0.0,0.0,0.0
Mike Glennon,,,QB,5000,TB,CAR,24.0,TB by 3,13%,-17%,7%,11.0,11.0,0.4,3.0,6.8,0.0,0.0,0.0,0.0,0.0,0.0,0.0,0.0,0.0,0.0,1,9.0,9.0,9.0,9.0,9.0,0.0,0.0,0.0,0.0
Ryan Griffin,,,QB,5000,TB,CAR,24.0,TB by 3,13%,-17%,7%,0.0,0.0,0.0,0.0,0.0,0.0,0.0,0.0,0.0,0.0,0.0,0.0,0.0,0.0,0.0,0,0.0,0.0,0.0,0.0,0.0,0.0,0.0,0.0,0.0
Dan Orlovsky,,,QB,5000,DET,GB,23.5,GB by 3.5,11%,-11%,9%,0.0,0.0,0.4,0.0,0.0,0.0,0.0,0.0,0.0,0.0,0.0,0.0,0.0,0.0,0.0,1,0.0,0.0,0.0,0.0,0.0,0.0,0.0,0.0,0.0
Brett Hundley,,,QB,5000,GB,@DET,27.0,GB by 3.5,0%,-5%,9%,2.0,2.5,0.4,0.0,1.7,1.0,0.8,0.0,0.0,-0.7,0.0,0.0,0.0,0.0,0.0,1,-0.3,-0.1,-0.1,-0.5,0.3,0.0,0.0,0.0,0.0
Jake Rudock,,,QB,5000,DET,GB,23.5,GB by 3.5,11%,-11%,9%,0.0,0.0,0.0,0.0,0.0,0.0,0.0,0.0,0.0,0.0,0.0,0.0,0.0,0.0,0.0,0,0.0,0.0,0.0,0.0,0.0,0.0,0.0,0.0,0.0
Joe Callahan,,,QB,5000,GB,@DET,27.0,GB by 3.5,0%,-5%,9%,0.0,0.0,0.0,0.0,0.0,0.0,0.0,0.0,0.0,0.0,0.0,0.0,0.0,0.0,0.0,0,0.0,0.0,0.0,0.0,0.0,0.0,0.0,0.0,0.0
Ameer Abdullah,,,RB,5000,DET,GB,23.5,GB by 3.5,11%,-11%,-8%,0.0,0.0,0.0,0.0,0.0,9.0,9.0,0.0,1.0,5.6,2.5,2.5,0.0,0.5,11.4,0,13.4,13.4,13.4,-0.2,27.0,0.0,0.0,0.0,0.0
Chad Henne,,,QB,5000,JAX,@IND,21.0,IND by 5.5,7%,7%,6%,0.0,0.0,0.4,0.0,0.0,1.0,1.0,0.0,0.0,-2.0,0.0,0.0,0.0,0.0,0.0,1,-0.2,-0.2,-0.2,-0.2,-0.2,0.0,0.0,0.0,0.0
Scott Tolzien,,,QB,5000,IND,JAX,26.5,IND by 5.5,-14%,-2%,-14%,18.5,18.5,0.3,2.5,5.8,3.0,3.0,0.0,1.0,0.5,0.0,0.0,0.0,0.0,0.0,0,5.5,5.5,5.5,-2.1,13.0,0.0,0.0,0.0,0.0
Brandon Allen,,,QB,5000,JAX,@IND,21.0,IND by 5.5,7%,7%,6%,0.0,0.0,0.0,0.0,0.0,0.0,0.0,0.0,0.0,0.0,0.0,0.0,0.0,0.0,0.0,0,0.0,0.0,0.0,0.0,0.0,0.0,0.0,0.0,0.0
T.J. Yates,,,QB,5000,MIA,NE,19.5,NE by 8,0%,-18%,-6%,0.0,0.0,0.0,0.0,0.0,0.0,0.0,0.0,0.0,0.0,0.0,0.0,0.0,0.0,0.0,0,0.0,0.0,0.0,0.0,0.0,0.0,0.0,0.0,0.0
Ryan Tannehill,,O,QB,5000,MIA,NE,19.5,NE by 8,0%,-18%,-6%,30.0,29.9,0.0,3.5,7.7,4.0,3.0,0.0,0.7,4.2,0.0,0.0,0.0,0.0,0.0,0,18.9,16.3,16.3,9.0,23.5,0.0,0.0,0.0,0.0
Jimmy Garoppolo,,,QB,5000,NE,@MIA,27.5,NE by 8,-1%,30%,12%,1.0,12.6,0.4,0.8,8.0,2.0,2.0,0.0,0.2,0.6,0.0,0.2,0.0,0.0,3.0,1,-0.1,7.4,7.4,-3.1,17.9,0.0,0.0,0.0,0.0
Jacoby Brissett,,,QB,5000,NE,@MIA,27.5,NE by 8,-1%,30%,12%,18.3,18.3,0.0,2.0,7.3,5.3,5.3,0.0,0.3,5.2,0.0,0.0,0.0,0.0,0.0,0,9.8,9.8,9.8,4.7,14.8,0.0,0.0,0.0,0.0
Jarvis Landry,2,,WR,5000,MIA,NE,19.5,NE by 8,0%,-18%,-11%,0.0,0.1,0.0,0.0,0.0,0.3,0.3,0.5,0.0,3.4,5.3,7.9,7.5,0.5,8.9,15,15.0,14.9,14.9,7.7,22.0,13.2,2.6,0.0,0.0
Shaun Hill,,,QB,5000,MIN,CHI,25.0,MIN by 6.5,-7%,12%,-2%,17.0,17.0,0.3,0.0,7.1,1.0,1.0,0.0,0.0,4.0,0.0,0.0,0.0,0.0,0.0,0,5.2,5.2,5.2,-1.8,12.3,0.0,0.0,0.0,0.0
David Fales,,Q,QB,5000,CHI,@MIN,18.5,MIN by 6.5,-9%,-6%,-9%,0.0,0.0,0.3,0.0,0.0,0.0,0.0,0.0,0.0,0.0,0.0,0.0,0.0,0.0,0.0,1,0.0,0.0,0.0,0.0,0.0,0.0,0.0,0.0,0.0
Taylor Heinicke,,,QB,5000,MIN,CHI,25.0,MIN by 6.5,-7%,12%,-2%,0.0,0.0,0.0,0.0,0.0,0.0,0.0,0.0,0.0,0.0,0.0,0.0,0.0,0.0,0.0,0,0.0,0.0,0.0,0.0,0.0,0.0,0.0,0.0,0.0
Ryan Fitzpatrick,,,QB,5000,NYJ,BUF,19.8,BUF by 4,-6%,23%,-6%,14.3,28.8,30.5,4.3,6.7,1.7,2.4,3.9,0.2,4.2,0.0,0.0,0.0,0.0,0.0,58,2.5,10.6,10.6,3.7,17.5,14.5,2.9,0.0,0.0
EJ Manuel,3,,QB,5000,BUF,@NYJ,23.8,BUF by 4,1%,-8%,6%,1.7,1.5,29.4,0.3,7.5,1.3,1.5,4.2,0.3,2.3,0.0,0.0,0.0,0.0,0.0,57,1.5,1.3,1.3,-0.2,2.8,13.7,2.7,0.0,0.0
Bryce Petty,,O,QB,5000,NYJ,BUF,19.8,BUF by 4,-6%,23%,-6%,24.7,22.2,0.0,1.7,6.1,1.7,0.8,0.0,0.2,3.8,0.0,0.0,0.0,0.0,0.0,0,7.5,6.7,6.7,1.1,12.3,0.0,0.0,0.0,0.0
Cardale Jones,,,QB,5000,BUF,@NYJ,23.8,BUF by 4,1%,-8%,6%,0.0,0.0,0.3,0.0,0.0,0.0,0.0,0.0,0.0,0.0,0.0,0.0,0.0,0.0,0.0,1,0.0,0.0,0.0,0.0,0.0,0.0,0.0,0.0,0.0
Christian Hackenberg,,,QB,5000,NYJ,BUF,19.8,BUF by 4,-6%,23%,-6%,0.0,0.0,0.3,0.0,0.0,0.0,0.0,0.0,0.0,0.0,0.0,0.0,0.0,0.0,0.0,1,0.0,0.0,0.0,0.0,0.0,0.0,0.0,0.0,0.0
Matt Forte,,O,RB,5000,NYJ,BUF,19.8,BUF by 4,-6%,23%,12%,0.0,0.0,0.0,0.0,0.0,5.3,15.6,0.0,2.2,3.7,1.7,3.1,0.0,0.3,6.1,0,5.2,13.6,13.6,2.9,24.3,0.0,0.0,0.0,0.0
Mark Sanchez,,,QB,5000,DAL,@PHI,18.8,PHI by 6.5,1%,-3%,-3%,1.0,1.0,21.8,0.0,8.0,2.0,2.0,1.9,2.0,-1.0,0.0,0.0,0.0,0.0,0.0,40,0.1,0.1,0.1,0.1,0.1,10.7,2.1,0.0,0.0
Chase Daniel,,,QB,5000,PHI,DAL,25.3,PHI by 6.5,7%,-26%,0%,1.0,1.0,0.4,0.0,16.0,0.0,0.0,0.0,0.0,0.0,0.0,0.0,0.0,0.0,0.0,1,0.6,0.6,0.6,0.6,0.6,0.0,0.0,0.0,0.0
Josh McCown,,,QB,5000,CLE,@PIT,19.0,PIT by 3.5,2%,-16%,-11%,27.7,33.0,0.0,4.0,6.7,0.7,1.4,0.0,0.4,3.0,0.0,0.0,0.0,0.0,0.0,0,8.7,13.6,13.6,3.7,23.6,0.0,0.0,0.0,0.0
Landry Jones,2,,QB,5000,PIT,CLE,22.5,PIT by 3.5,1%,36%,15%,16.0,8.2,34.5,0.7,5.7,0.3,1.0,2.2,0.0,-0.7,0.0,0.0,0.0,0.0,0.0,58,4.7,2.3,2.3,-3.5,8.2,16.2,3.2,0.0,0.0
Robert Griffin,,,QB,5000,CLE,@PIT,19.0,PIT by 3.5,2%,-16%,-11%,27.0,26.8,35.0,3.0,6.1,7.0,6.5,3.9,0.5,6.1,0.0,0.0,0.0,0.0,0.0,70,13.9,13.0,13.0,9.1,16.8,15.9,3.2,0.0,0.0
Zach Mettenberger,,,QB,5000,PIT,CLE,22.5,PIT by 3.5,1%,36%,15%,0.0,0.0,0.0,0.0,0.0,0.0,0.0,0.0,0.0,0.0,0.0,0.0,0.0,0.0,0.0,0,0.0,0.0,0.0,0.0,0.0,0.0,0.0,0.0,0.0
Cody Kessler,,,QB,5000,CLE,@PIT,19.0,PIT by 3.5,2%,-16%,-11%,11.7,21.7,0.4,1.9,7.1,0.7,1.2,0.0,0.3,1.6,0.0,0.0,0.0,0.0,0.0,1,4.2,9.2,9.2,2.0,16.4,0.0,0.0,0.0,0.0
Kevin Hogan,,,QB,5000,CLE,@PIT,19.0,PIT by 3.5,2%,-16%,-11%,8.7,8.7,0.0,0.3,4.0,2.7,2.7,0.0,0.0,13.1,0.0,0.0,0.0,0.0,0.0,0,7.2,7.2,7.2,-5.1,19.5,0.0,0.0,0.0,0.0
Drew Stanton,,,QB,5000,ARI,@LA,23.8,ARI by 7.5,-5%,-4%,3%,13.3,11.0,0.4,0.3,4.2,1.0,0.8,0.0,0.0,-1.0,0.0,0.0,0.0,0.0,0.0,1,4.2,3.3,3.3,-3.1,9.6,0.0,0.0,0.0,0.0
Case Keenum,,,QB,5000,LA,ARI,16.3,ARI by 7.5,-7%,-10%,1%,28.3,32.2,0.3,4.1,6.8,1.7,2.0,0.0,0.2,2.5,0.0,0.0,0.0,0.0,0.0,1,7.9,12.6,12.6,3.6,21.6,0.0,0.0,0.0,0.0
Zac Dysert,,,QB,5000,ARI,@LA,23.8,ARI by 7.5,-5%,-4%,3%,0.0,0.0,0.0,0.0,0.0,0.0,0.0,0.0,0.0,0.0,0.0,0.0,0.0,0.0,0.0,0,0.0,0.0,0.0,0.0,0.0,0.0,0.0,0.0,0.0
Matt Schaub,,,QB,5000,ATL,NO,32.5,ATL by 7.5,11%,-9%,8%,1.0,1.0,0.4,0.0,5.3,0.7,0.7,0.0,0.0,-1.0,0.0,0.0,0.0,0.0,0.0,1,0.1,0.1,0.1,-0.3,0.6,0.0,0.0,0.0,0.0
Jared Goff,,,QB,5000,LA,ARI,16.3,ARI by 7.5,-7%,-10%,1%,30.0,30.8,33.0,2.5,5.2,1.0,1.3,1.5,0.2,2.0,0.0,0.0,0.0,0.0,0.0,60,8.0,9.6,9.6,4.4,14.7,11.2,2.2,0.0,0.0
Kenny Britt,1,D,WR,5000,LA,ARI,16.3,ARI by 7.5,-7%,-10%,14%,0.0,0.0,0.0,0.0,0.0,0.0,0.0,0.0,0.0,0.0,8.0,7.4,0.0,0.7,9.0,0,8.9,13.5,13.5,5.9,21.2,0.0,0.0,0.0,0.0
Matt McGloin,,,QB,5000,OAK,@DEN,19.5,DEN by 1,-21%,24%,-25%,2.0,2.0,33.3,0.0,7.3,1.5,1.5,4.0,0.0,-1.0,0.0,0.0,0.0,0.0,0.0,57,0.4,0.4,0.4,-0.2,1.0,13.1,2.6,0.0,0.0
Connor Cook,,,QB,5000,OAK,@DEN,19.5,DEN by 1,-21%,24%,-25%,0.0,0.0,0.0,0.0,0.0,0.0,0.0,0.0,0.0,0.0,0.0,0.0,0.0,0.0,0.0,0,0.0,0.0,0.0,0.0,0.0,0.0,0.0,0.0,0.0
Paxton Lynch,,,QB,5000,DEN,OAK,20.5,DEN by 1,6%,6%,9%,27.7,27.7,13.6,3.3,6.0,3.7,3.7,0.4,0.0,2.3,0.0,0.0,0.0,0.0,0.0,23,9.8,9.8,9.8,5.5,14.1,6.2,1.2,0.0,0.0
Kellen Clemens,,,QB,5000,SD,KC,20.0,KC by 4.5,0%,11%,-3%,1.0,1.0,0.4,0.0,0.0,2.0,2.0,0.0,0.0,-0.5,0.0,0.0,0.0,0.0,0.0,1,-0.1,-0.1,-0.1,-0.1,-0.1,0.0,0.0,0.0,0.0
Alex Smith,7,,QB,5000,KC,@SD,24.5,KC by 4.5,3%,-10%,-1%,30.0,32.9,36.8,4.0,7.0,4.0,3.0,3.7,0.6,2.7,0.3,0.1,0.0,0.0,3.0,66,16.7,15.3,15.3,8.5,22.1,18.5,3.7,0.0,0.0
Nick Foles,,,QB,5000,KC,@SD,24.5,KC by 4.5,3%,-10%,-1%,27.5,27.5,0.4,7.5,7.5,2.0,2.0,0.0,0.0,-1.0,0.0,0.0,0.0,0.0,0.0,1,14.0,14.0,14.0,10.0,18.0,0.0,0.0,0.0,0.0
Tyler Bray,,,QB,5000,KC,@SD,24.5,KC by 4.5,3%,-10%,-1%,0.0,0.0,0.0,0.0,0.0,0.0,0.0,0.0,0.0,0.0,0.0,0.0,0.0,0.0,0.0,0,0.0,0.0,0.0,0.0,0.0,0.0,0.0,0.0,0.0
Travis Kelce,25,,TE,5000,KC,@SD,24.5,KC by 4.5,3%,-10%,-3%,0.0,0.0,0.0,0.0,0.0,0.0,0.1,0.0,0.1,-5.0,8.3,7.7,7.5,1.1,9.7,12,20.4,15.9,15.9,7.0,24.9,14.7,2.9,0.0,0.0
Christian Ponder,,,QB,5000,SF,SEA,16.5,SEA by 11,-5%,-13%,-13%,0.0,0.0,0.0,0.0,0.0,0.0,0.0,0.0,0.0,0.0,0.0,0.0,0.0,0.0,0.0,0,0.0,0.0,0.0,0.0,0.0,0.0,0.0,0.0,0.0
Blaine Gabbert,,,QB,5000,SF,SEA,16.5,SEA by 11,-5%,-13%,-13%,21.3,26.7,0.3,2.8,5.8,7.7,6.7,0.0,1.0,4.3,0.0,0.2,0.0,0.0,-16.0,1,12.2,13.3,13.3,4.9,21.7,0.0,0.0,0.0,0.0
Trevone Boykin,,,QB,5000,SEA,@SF,27.5,SEA by 11,-3%,57%,4%,4.0,4.0,0.3,1.7,8.6,1.3,1.3,0.0,0.0,-1.5,0.0,0.0,0.0,0.0,0.0,0,2.2,2.2,2.2,-0.8,5.2,0.0,0.0,0.0,0.0
Sean Mannion,,,QB,5000,LA,ARI,16.3,ARI by 7.5,-7%,-10%,1%,0.0,0.0,0.0,0.0,0.0,0.0,0.0,0.0,0.0,0.0,0.0,0.0,0.0,0.0,0.0,0,0.0,0.0,0.0,0.0,0.0,0.0,0.0,0.0,0.0
Steve Smith,16,,WR,4900,BAL,@CIN,21.0,BAL by 1,-4%,7%,-18%,0.0,0.0,0.0,0.0,0.0,0.0,0.0,0.0,0.0,0.0,6.7,7.5,7.7,0.9,7.9,12,14.9,13.9,13.9,6.6,21.2,13.9,2.8,0.0,0.0
Derrick Henry,1,,RB,4900,TEN,HOU,21.3,TEN by 3,-15%,-9%,-5%,0.0,0.0,0.0,0.0,0.0,8.3,7.3,5.9,1.5,4.5,1.0,1.1,1.1,0.2,9.6,12,9.7,7.1,7.1,1.2,13.0,5.2,1.1,0.0,0.0
Doug Martin,,O,RB,4900,TB,CAR,24.0,TB by 3,13%,-17%,-2%,0.0,0.0,0.0,0.0,0.0,18.7,18.0,0.0,2.9,2.9,1.0,2.0,0.0,0.1,8.4,0,11.5,10.8,10.8,5.7,15.9,0.0,0.0,0.0,0.0
Jacquizz Rodgers,20,,RB,4900,TB,CAR,24.0,TB by 3,13%,-17%,-2%,0.0,0.0,0.0,0.0,0.0,8.0,12.4,18.4,1.4,4.3,1.0,1.7,3.9,0.2,6.3,36,7.3,9.8,9.8,1.6,17.9,15.9,3.2,0.0,0.0
Sterling Shepard,1,,WR,4900,NYG,@WAS,19.5,WAS by 7.5,9%,7%,2%,0.0,0.0,0.0,0.0,0.0,0.3,0.1,0.0,0.0,12.0,6.7,6.7,4.2,0.7,6.5,7,13.9,12.0,12.0,6.0,18.1,7.1,1.4,0.0,0.0
Zach Ertz,22,,TE,4800,PHI,DAL,25.3,PHI by 6.5,7%,-26%,26%,0.0,0.0,0.0,0.0,0.0,0.0,0.0,0.0,0.0,0.0,7.7,6.9,7.5,0.9,7.5,13,14.5,11.4,11.4,4.2,18.6,12.5,2.6,0.0,0.0
Tyler Lockett,,,WR,4800,SEA,@SF,27.5,SEA by 11,-3%,57%,5%,0.0,0.0,0.0,0.0,0.0,0.7,0.4,0.0,0.1,19.0,5.7,4.4,0.0,0.4,9.0,0,14.8,8.5,8.5,0.1,16.8,0.0,0.0,0.0,0.0
Jeremy Hill,,Q,RB,4800,CIN,BAL,20.0,BAL by 1,-3%,-22%,-8%,0.0,0.0,0.0,0.0,0.0,17.3,14.8,0.0,2.9,3.8,1.7,1.8,0.0,0.2,6.4,0,13.0,12.2,12.2,3.8,20.5,0.0,0.0,0.0,0.0
Cole Beasley,,,WR,4700,DAL,@PHI,18.8,PHI by 6.5,1%,-3%,13%,0.0,0.1,0.0,0.0,0.0,0.0,0.1,0.0,0.0,7.0,5.7,6.3,3.6,0.5,8.3,6,7.8,12.1,12.1,7.0,17.1,6.8,1.4,0.0,0.0
Malcolm Mitchell,,D,WR,4700,NE,@MIA,27.5,NE by 8,-1%,30%,3%,0.0,0.0,0.0,0.0,0.0,0.0,0.0,0.0,0.0,0.0,3.7,4.0,0.0,1.0,8.4,0,7.5,8.0,8.0,0.4,15.6,0.0,0.0,0.0,0.0
C.J. Prosise,,O,RB,4700,SEA,@SF,27.5,SEA by 11,-3%,57%,45%,0.0,0.0,0.0,0.0,0.0,8.0,5.0,0.0,1.0,5.7,3.7,3.2,0.0,0.3,10.9,0,13.6,10.2,10.2,1.6,18.7,0.0,0.0,0.0,0.0
Jordan Matthews,3,Q,WR,4700,PHI,DAL,25.3,PHI by 6.5,7%,-26%,4%,0.0,0.0,0.0,0.0,0.0,0.0,0.0,0.0,0.0,0.0,9.0,8.3,8.9,0.9,6.9,15,9.3,12.5,12.5,5.9,19.1,15.5,3.3,0.0,0.0
Frank Gore,3,,RB,4700,IND,JAX,26.5,IND by 5.5,-14%,-2%,-5%,0.0,0.0,0.0,0.0,0.0,16.3,16.5,16.8,1.9,3.9,2.7,3.0,2.9,0.4,5.8,32,14.1,14.1,14.1,9.1,19.1,14.3,3.0,0.0,0.0
Jeremy Maclin,,,WR,4700,KC,@SD,24.5,KC by 4.5,3%,-10%,-9%,0.0,0.1,0.0,0.1,0.0,0.0,0.1,0.0,0.0,-1.0,5.0,6.5,6.5,0.6,6.8,11,6.9,9.1,9.1,3.7,14.5,12.8,2.7,0.0,0.0
Kyle Rudolph,9,,TE,4600,MIN,CHI,25.0,MIN by 6.5,-7%,12%,-20%,0.0,0.0,0.0,0.0,0.0,0.0,0.0,0.0,0.0,0.0,9.0,7.8,6.0,1.5,6.2,10,15.0,12.0,12.0,6.8,17.2,10.6,2.3,0.0,0.0
J.J. Nelson,14,,WR,4600,ARI,@LA,23.8,ARI by 7.5,-5%,-4%,13%,0.0,0.0,0.0,0.0,0.0,0.3,0.3,0.8,0.1,20.8,6.7,4.8,6.6,0.5,8.0,12,19.8,10.1,10.1,0.8,19.4,13.4,2.9,0.0,0.0
Alex Collins,1,,RB,4600,SEA,@SF,27.5,SEA by 11,-3%,57%,45%,0.0,0.0,0.0,0.0,0.0,5.0,3.0,9.8,0.6,2.9,2.3,1.3,1.3,0.0,8.0,18,5.5,3.8,3.8,-0.3,7.8,9.3,2.0,0.0,0.0
Marqise Lee,4,,WR,4600,JAX,@IND,21.0,IND by 5.5,7%,7%,-2%,0.3,0.1,0.0,0.0,20.0,0.0,0.4,0.0,0.0,5.8,6.0,6.4,8.0,0.5,8.0,13,14.3,11.4,11.4,5.8,16.9,12.3,2.7,0.0,0.0
Brandon Marshall,1,Q,WR,4600,NYJ,BUF,19.8,BUF by 4,-6%,23%,-8%,0.0,0.0,0.0,0.0,0.0,0.0,0.0,0.0,0.0,0.0,6.7,8.6,6.8,1.3,6.1,11,4.6,10.8,10.8,3.6,18.1,12.6,2.7,0.0,0.0
Mohamed Sanu,8,,WR,4600,ATL,NO,32.5,ATL by 7.5,11%,-9%,5%,0.0,0.0,0.0,0.0,0.0,0.0,0.1,0.0,0.1,5.0,3.3,5.5,5.8,0.9,8.1,9,6.9,9.8,9.8,3.1,16.4,12.2,2.7,0.0,0.0
Mike Wallace,,,WR,4600,BAL,@CIN,21.0,BAL by 1,-4%,7%,-18%,0.0,0.0,0.0,0.0,0.0,0.0,0.3,0.2,0.0,6.2,6.7,7.5,7.0,0.6,8.7,11,8.1,13.4,13.4,7.2,19.6,12.0,2.6,0.0,0.0
Mike Gillislee,1,,RB,4500,BUF,@NYJ,23.8,BUF by 4,1%,-8%,2%,0.0,0.0,0.0,0.0,0.0,7.3,6.1,7.5,0.9,6.2,0.0,0.7,0.6,0.1,4.0,14,7.4,8.1,8.1,2.7,13.5,5.0,1.1,0.0,0.0
Jimmy Graham,9,,TE,4500,SEA,@SF,27.5,SEA by 11,-3%,57%,-6%,0.0,0.0,0.0,0.0,0.0,0.3,0.1,0.0,0.0,0.0,3.0,5.9,5.5,1.0,9.8,9,6.3,12.7,12.7,4.1,21.2,10.1,2.2,0.0,0.0
Brandon LaFell,13,,WR,4500,CIN,BAL,20.0,BAL by 1,-3%,-22%,3%,0.0,0.0,0.0,0.0,0.0,0.0,0.1,0.0,0.0,-2.0,8.3,6.4,8.1,1.0,8.3,14,16.4,11.7,11.7,3.2,20.1,14.6,3.2,0.0,0.0
Will Fuller,4,,WR,4500,HOU,@TEN,18.3,TEN by 3,12%,-16%,20%,0.0,0.0,0.0,0.0,0.0,0.3,0.1,0.0,0.1,-3.0,6.0,6.5,5.1,0.5,7.2,9,6.3,9.9,9.9,1.7,18.1,9.3,2.1,0.0,0.0
Ted Ginn,1,,WR,4500,CAR,@TB,21.0,TB by 3,4%,7%,-1%,0.0,0.0,0.0,0.0,0.0,0.7,0.8,0.0,0.1,6.2,7.0,5.9,5.3,0.1,7.8,9,9.0,10.0,10.0,3.3,16.8,9.1,2.0,0.0,0.0
Robby Anderson,,Q,WR,4400,NYJ,BUF,19.8,BUF by 4,-6%,23%,-8%,0.0,0.0,0.0,0.0,0.0,0.7,0.2,0.0,0.0,14.0,6.7,5.5,5.3,0.3,7.7,9,11.7,8.3,8.3,2.5,14.1,9.0,2.0,0.0,0.0
Isaiah Crowell,3,,RB,4400,CLE,@PIT,19.0,PIT by 3.5,2%,-16%,13%,0.0,0.0,0.0,0.0,0.0,11.3,11.9,12.3,1.7,4.4,3.0,3.3,3.0,0.3,6.2,28,13.5,13.1,13.1,6.0,20.2,11.7,2.7,0.0,0.0
Travis Benjamin,,,WR,4400,SD,KC,20.0,KC by 4.5,0%,11%,8%,0.0,0.1,0.0,0.0,0.0,0.3,0.1,0.0,0.0,-1.5,3.3,5.4,4.5,0.5,9.0,7,8.0,10.1,10.1,1.4,18.8,7.9,1.8,0.0,0.0
Adrian Peterson,,O,RB,4400,MIN,CHI,25.0,MIN by 6.5,-7%,12%,-17%,0.0,0.0,0.0,0.0,0.0,12.3,12.3,0.0,1.0,1.9,2.0,2.0,0.0,0.0,1.3,0,3.3,3.3,3.3,2.2,4.5,0.0,0.0,0.0,0.0
Rob Kelley,7,Q,RB,4400,WAS,NYG,27.0,WAS by 7.5,3%,-16%,-10%,0.0,0.0,0.0,0.0,0.0,14.7,12.0,17.5,2.3,4.3,3.0,1.4,1.6,0.2,4.6,30,14.2,10.2,10.2,1.0,19.3,12.6,2.9,0.0,0.0
Terrance West,,,RB,4400,BAL,@CIN,21.0,BAL by 1,-4%,7%,2%,0.0,0.0,0.0,0.0,0.0,8.3,12.5,9.3,1.8,4.0,3.7,2.7,1.4,0.5,5.5,17,10.4,11.1,11.1,3.6,18.6,8.0,1.8,0.0,0.0
Darren McFadden,1,,RB,4300,DAL,@PHI,18.8,PHI by 6.5,1%,-3%,-6%,0.0,0.0,0.0,0.0,0.0,8.5,8.5,13.8,0.5,3.5,1.0,1.0,2.2,0.0,-1.0,27,3.4,3.4,3.4,1.2,5.5,12.5,2.9,0.0,0.0
Fitzgerald Toussaint,10,,RB,4300,PIT,CLE,22.5,PIT by 3.5,1%,36%,21%,0.0,0.0,0.0,0.0,0.0,0.3,1.1,10.9,0.0,4.0,0.0,0.1,2.2,0.0,9.0,21,0.2,0.6,0.6,-0.4,1.7,10.7,2.5,0.0,0.0
Alfred Blue,6,,RB,4300,HOU,@TEN,18.3,TEN by 3,12%,-16%,-19%,0.0,0.0,0.0,0.0,0.0,12.7,6.8,16.9,0.8,4.4,2.0,0.9,2.9,0.2,2.3,33,9.0,4.3,4.3,-0.5,9.2,15.1,3.5,0.0,0.0
Tavon Austin,3,,WR,4300,LA,ARI,16.3,ARI by 7.5,-7%,-10%,14%,0.0,0.0,0.0,0.0,0.0,2.3,1.9,1.9,0.2,6.0,7.7,7.3,6.7,0.6,4.8,15,11.2,10.3,10.3,3.5,17.2,10.2,2.4,0.0,0.0
DeVante Parker,1,,WR,4300,MIA,NE,19.5,NE by 8,0%,-18%,-11%,0.0,0.0,0.0,0.0,0.0,0.0,0.0,0.0,0.0,0.0,4.3,5.8,6.0,0.6,8.6,11,8.2,10.8,10.8,3.7,17.8,10.8,2.5,0.0,0.0
Ladarius Green,1,O,TE,4300,PIT,CLE,22.5,PIT by 3.5,1%,36%,48%,0.0,0.0,0.0,0.0,0.0,0.0,0.0,0.0,0.0,0.0,8.3,5.7,0.0,0.7,8.9,0,14.2,9.6,9.6,0.5,18.6,0.0,0.0,0.0,0.0
Tyler Eifert,,O,TE,4200,CIN,BAL,20.0,BAL by 1,-3%,-22%,-10%,0.0,0.0,0.0,0.0,0.0,0.0,0.0,0.0,0.0,0.0,3.7,5.9,0.0,1.3,8.4,0,11.4,12.7,12.7,3.2,22.1,0.0,0.0,0.0,0.0
Marvin Jones,4,,WR,4200,DET,GB,23.5,GB by 3.5,11%,-11%,16%,0.0,0.0,0.0,0.0,0.0,0.0,0.1,0.0,0.0,3.0,5.7,6.7,5.2,1.0,9.1,9,6.8,11.8,11.8,1.6,22.0,10.7,2.5,0.0,0.0
Terrelle Pryor,8,,WR,4200,CLE,@PIT,19.0,PIT by 3.5,2%,-16%,-10%,0.0,0.6,0.0,0.1,4.6,0.0,0.5,0.0,0.1,2.6,5.3,8.7,8.1,0.7,7.0,15,4.6,13.7,13.7,4.2,23.3,12.2,2.9,0.0,0.0
Kenneth Farrow,,,RB,4200,SD,KC,20.0,KC by 4.5,0%,11%,-3%,0.0,0.0,0.0,0.0,0.0,13.3,6.0,0.0,0.8,3.2,4.3,1.6,0.0,0.1,4.4,0,9.9,3.8,3.8,-0.8,8.5,0.0,0.0,0.0,0.0
Kenneth Dixon,2,,RB,4200,BAL,@CIN,21.0,BAL by 1,-4%,7%,2%,0.0,0.0,0.0,0.0,0.0,10.7,7.1,12.2,0.4,4.3,5.0,3.4,3.5,0.2,3.9,25,12.8,7.9,7.9,1.4,14.4,13.3,3.2,0.0,0.0
Rashad Jennings,,,RB,4200,NYG,@WAS,19.5,WAS by 7.5,9%,7%,14%,0.0,0.0,0.0,0.0,0.0,14.0,13.6,1.1,0.9,3.3,2.3,3.4,0.3,0.3,4.8,2,6.9,10.5,10.5,4.8,16.1,1.2,0.3,0.0,0.0
Anquan Boldin,5,,WR,4100,DET,GB,23.5,GB by 3.5,11%,-11%,16%,0.0,0.0,0.0,0.0,0.0,0.0,0.0,0.0,0.0,0.0,5.7,5.9,6.2,1.3,5.9,11,8.8,10.5,10.5,5.4,15.6,12.6,3.1,0.0,0.0
Chris Ivory,4,Q,RB,4100,JAX,@IND,21.0,IND by 5.5,7%,7%,12%,0.0,0.0,0.0,0.0,0.0,11.0,10.6,14.8,1.2,3.8,2.7,2.5,3.3,0.0,6.6,30,12.4,9.1,9.1,3.0,15.3,14.7,3.6,0.0,0.0
Charcandrick West,1,,RB,4100,KC,@SD,24.5,KC by 4.5,3%,-10%,13%,0.0,0.0,0.0,0.0,0.0,6.7,5.1,3.9,0.7,3.3,0.3,2.1,1.8,0.3,4.5,9,3.9,4.7,4.7,1.3,8.0,4.4,1.1,0.0,0.0
Cameron Brate,0,O,TE,4100,TB,CAR,24.0,TB by 3,13%,-17%,31%,0.0,0.0,0.0,0.0,0.0,0.0,0.0,0.0,0.0,0.0,5.0,5.5,0.0,1.1,8.0,0,11.7,11.4,11.4,5.0,17.8,0.0,0.0,0.0,0.0
Randall Cobb,,Q,WR,4100,GB,@DET,27.0,GB by 3.5,0%,-5%,2%,0.0,0.0,0.0,0.0,0.0,0.0,0.8,0.2,0.2,3.3,2.3,6.5,5.8,1.0,7.3,10,5.7,11.6,11.6,3.9,19.3,10.2,2.5,0.0,0.0
Rishard Matthews,3,,WR,4100,TEN,HOU,21.3,TEN by 3,-15%,-9%,-10%,0.0,0.0,0.0,0.0,0.0,0.0,0.0,0.0,0.0,0.0,7.3,6.3,5.7,0.7,8.7,10,10.7,12.8,12.8,6.6,19.0,10.5,2.6,0.0,0.0
Delanie Walker,2,,TE,4000,TEN,HOU,21.3,TEN by 3,-15%,-9%,-29%,0.0,0.0,0.0,0.0,0.0,0.3,0.1,0.0,0.1,5.5,7.3,6.7,5.3,0.9,8.1,9,9.5,13.0,13.0,5.5,20.5,10.0,2.5,0.0,0.0
Charles Sims,0,O,RB,4000,TB,CAR,24.0,TB by 3,13%,-17%,-2%,0.0,0.0,0.0,0.0,0.0,3.3,7.3,0.0,0.9,2.9,4.3,4.6,0.0,0.0,5.9,0,7.0,9.8,9.8,2.8,16.9,0.0,0.0,0.0,0.0
Tim Hightower,,,RB,4000,NO,@ATL,25.0,ATL by 7.5,8%,-6%,12%,0.0,0.0,0.0,0.0,0.0,8.3,8.7,5.4,1.7,4.0,2.0,1.7,1.2,0.4,7.7,10,9.9,8.1,8.1,0.4,15.8,5.5,1.4,0.0,0.0
Jeremy Langford,,,RB,4000,CHI,@MIN,18.5,MIN by 6.5,-9%,-6%,-10%,0.0,0.0,0.0,0.0,0.0,3.7,4.7,3.2,0.7,3.3,1.3,2.2,1.5,0.0,4.2,8,4.7,6.0,6.0,1.1,11.0,3.5,0.9,0.0,0.0
Jerick McKinnon,6,,RB,4000,MIN,CHI,25.0,MIN by 6.5,-7%,12%,-17%,0.0,0.1,0.0,0.0,0.0,9.3,10.2,14.4,1.2,3.1,7.0,3.5,3.0,0.3,4.8,29,14.2,8.7,8.7,2.8,14.7,13.7,3.4,0.0,0.0
Darren Sproles,11,,RB,4000,PHI,DAL,25.3,PHI by 6.5,7%,-26%,-19%,0.0,0.0,0.0,0.0,0.0,6.3,6.1,14.3,1.1,4.8,3.7,4.7,5.2,0.8,6.4,33,14.4,11.3,11.3,4.9,17.8,14.8,3.7,0.0,0.0
Eli Rogers,15,,WR,4000,PIT,CLE,22.5,PIT by 3.5,1%,36%,-1%,0.0,0.0,0.0,0.0,0.0,0.3,0.1,0.0,0.0,6.0,4.7,5.0,6.7,0.5,8.9,11,12.2,9.7,9.7,3.3,16.2,11.6,2.9,0.0,0.0
Jermaine Kearse,4,,WR,4000,SEA,@SF,27.5,SEA by 11,-3%,57%,5%,0.0,0.0,0.0,0.0,0.0,0.0,0.0,0.0,0.0,0.0,5.7,5.5,4.7,0.9,5.7,8,5.1,6.1,6.1,2.2,10.1,9.5,2.4,0.0,0.0
Tyler Boyd,1,,WR,4000,CIN,BAL,20.0,BAL by 1,-3%,-22%,3%,0.0,0.0,0.0,0.0,0.0,0.7,0.2,0.2,0.0,14.3,4.3,5.2,7.2,0.5,7.2,13,7.6,7.8,7.8,2.8,12.9,13.1,3.3,0.0,0.0
Dion Lewis,9,,RB,4000,NE,@MIA,27.5,NE by 8,-1%,30%,2%,0.0,0.0,0.0,0.0,0.0,12.3,8.8,8.9,1.3,4.4,1.7,3.7,4.0,0.2,4.1,20,7.3,7.9,7.9,4.7,11.1,12.8,3.2,0.0,0.0
Damien Williams,,,RB,3900,MIA,NE,19.5,NE by 8,0%,-18%,-10%,0.0,0.0,0.0,0.0,0.0,2.7,2.4,1.2,0.6,3.3,2.0,1.9,1.8,0.4,8.4,5,5.3,6.4,6.4,2.1,10.7,3.3,0.8,0.0,0.0
Kenny Stills,1,,WR,3900,MIA,NE,19.5,NE by 8,0%,-18%,-11%,0.0,0.0,0.0,0.0,0.0,0.0,0.0,0.0,0.0,0.0,6.0,4.9,5.1,0.3,9.3,9,15.5,10.5,10.5,3.3,17.7,8.3,2.1,0.0,0.0
C.J. Fiedorowicz,3,,TE,3900,HOU,@TEN,18.3,TEN by 3,12%,-16%,-4%,0.0,0.0,0.0,0.0,0.0,0.0,0.0,0.0,0.0,0.0,7.7,5.9,5.6,0.6,6.7,9,8.3,8.9,8.9,3.0,14.8,9.6,2.5,0.0,0.0
Martellus Bennett,7,Q,TE,3900,NE,@MIA,27.5,NE by 8,-1%,30%,16%,0.0,0.0,0.0,0.0,0.0,0.0,0.1,0.0,0.0,5.0,3.3,4.5,4.7,0.6,9.8,7,10.8,11.0,11.0,1.8,20.2,8.6,2.2,0.0,0.0
Ryan Mathews,,,RB,3900,PHI,DAL,25.3,PHI by 6.5,7%,-26%,-19%,0.0,0.0,0.0,0.0,0.0,17.7,11.9,0.0,2.7,4.3,1.0,1.1,0.0,0.2,8.2,0,12.8,11.7,11.7,2.4,21.0,0.0,0.0,0.0,0.0
Jalen Richard,,Q,RB,3900,OAK,@DEN,19.5,DEN by 1,-21%,24%,2%,0.0,0.0,0.0,0.0,0.0,6.0,5.3,7.3,0.3,6.1,4.0,2.5,2.1,0.3,5.2,14,9.6,7.7,7.7,1.9,13.4,7.7,2.0,0.0,0.0
DuJuan Harris,,,RB,3900,SF,SEA,16.5,SEA by 11,-5%,-13%,-19%,0.0,0.0,0.0,0.0,0.0,1.3,4.9,7.0,0.4,4.1,0.3,1.3,1.6,0.1,12.8,15,1.6,5.5,5.5,-3.1,14.1,6.3,1.6,0.0,0.0
Chris Hogan,8,,WR,3900,NE,@MIA,27.5,NE by 8,-1%,30%,3%,0.0,0.0,0.0,0.0,0.0,0.7,0.2,0.0,0.0,3.0,4.7,3.9,6.4,0.5,12.1,10,11.2,9.2,9.2,0.8,17.7,11.6,3.0,0.0,0.0
Victor Cruz,0,,WR,3800,NYG,@WAS,19.5,WAS by 7.5,9%,7%,2%,0.0,0.0,0.0,0.0,0.0,0.0,0.0,0.0,0.0,0.0,6.3,5.2,2.3,0.5,8.5,4,7.2,7.7,7.7,2.9,12.5,3.8,1.0,0.0,0.0
James White,1,,RB,3800,NE,@MIA,27.5,NE by 8,-1%,30%,2%,0.0,0.0,0.0,0.0,0.0,2.0,2.5,1.5,0.2,4.2,5.0,5.5,3.4,0.5,6.5,7,10.5,10.3,10.3,4.2,16.4,8.0,2.1,0.0,0.0
Quincy Enunwa,0,,WR,3800,NYJ,BUF,19.8,BUF by 4,-6%,23%,-8%,0.0,0.0,0.0,0.0,0.0,0.3,0.1,0.0,0.0,12.0,7.0,6.5,6.2,0.9,8.0,10,7.5,10.6,10.6,3.7,17.5,9.1,2.4,0.0,0.0
Alfred Morris,1,,RB,3800,DAL,@PHI,18.8,PHI by 6.5,1%,-3%,-6%,0.0,0.0,0.0,0.0,0.0,0.7,4.7,0.0,0.4,3.8,0.0,0.3,0.0,0.0,2.0,0,0.8,2.9,2.9,0.1,5.7,0.0,0.0,0.0,0.0
Justin Forsett,1,,RB,3800,DEN,OAK,20.5,DEN by 1,6%,6%,2%,0.0,0.0,0.0,0.0,0.0,7.0,8.1,10.0,0.9,3.1,3.0,3.4,1.8,0.0,3.1,19,7.3,6.8,6.8,4.0,9.7,8.8,2.3,0.0,0.0
DeAndre Washington,,,RB,3800,OAK,@DEN,19.5,DEN by 1,-21%,24%,2%,0.0,0.0,0.0,0.0,0.0,6.0,6.7,4.5,0.3,5.3,1.7,1.8,1.0,0.1,4.8,8,9.7,6.5,6.5,0.3,12.8,4.5,1.2,0.0,0.0
Antonio Gates,10,,TE,3800,SD,KC,20.0,KC by 4.5,0%,11%,-31%,0.0,0.0,0.0,0.0,0.0,0.0,0.0,0.0,0.0,0.0,8.0,7.1,6.1,1.3,5.8,10,12.2,11.0,11.0,4.8,17.3,11.4,3.0,0.0,0.0
Cameron Artis-Payne,,,RB,3800,CAR,@TB,21.0,TB by 3,4%,7%,6%,0.0,0.0,0.0,0.0,0.0,12.0,12.0,0.0,1.0,4.0,0.3,0.3,0.0,0.0,11.0,0,9.5,9.5,9.5,-0.4,19.4,0.0,0.0,0.0,0.0
Adam Humphries,3,,WR,3700,TB,CAR,24.0,TB by 3,13%,-17%,7%,0.0,0.0,0.0,0.0,0.0,0.0,0.4,0.0,0.0,3.6,3.0,5.0,5.4,0.6,7.5,9,6.3,8.3,8.3,2.4,14.2,10.8,2.9,0.0,0.0
Phillip Dorsett,,,WR,3700,IND,JAX,26.5,IND by 5.5,-14%,-2%,-10%,0.0,0.0,0.0,0.0,0.0,0.0,0.1,0.3,0.0,5.0,3.3,3.9,4.0,0.5,8.6,7,6.2,6.4,6.4,2.3,10.4,7.5,2.0,0.0,0.0
Corey Coleman,2,,WR,3700,CLE,@PIT,19.0,PIT by 3.5,2%,-16%,-10%,0.0,0.0,0.0,0.0,0.0,0.3,0.1,0.0,0.0,1.0,6.7,7.1,6.3,0.3,5.8,11,4.9,9.6,9.6,1.3,17.9,10.6,2.9,0.0,0.0
Ronnie Hillman,5,,RB,3700,SD,KC,20.0,KC by 4.5,0%,11%,-3%,0.0,0.0,0.0,0.0,0.0,6.0,4.9,20.2,0.4,2.6,0.7,1.3,4.1,0.0,4.8,39,1.6,2.5,2.5,-0.2,5.1,18.3,4.9,0.0,0.0
Chris Thompson,1,,RB,3700,WAS,NYG,27.0,WAS by 7.5,3%,-16%,-10%,0.0,0.0,0.0,0.0,0.0,2.7,4.3,4.1,0.3,5.4,3.0,3.6,4.0,0.4,5.8,13,11.7,9.2,9.2,4.9,13.6,9.0,2.4,0.0,0.0
Brice Butler,3,,WR,3700,DAL,@PHI,18.8,PHI by 6.5,1%,-3%,13%,0.0,0.0,0.0,0.0,0.0,0.0,0.0,0.0,0.0,0.0,1.0,2.3,4.4,0.4,7.2,7,4.1,4.2,4.2,-0.4,8.8,8.2,2.2,0.0,0.0
T.J. Yeldon,,,RB,3600,JAX,@IND,21.0,IND by 5.5,7%,7%,12%,0.0,0.0,0.0,0.0,0.0,9.0,8.7,0.0,0.7,3.6,5.3,4.5,0.0,0.5,4.6,0,9.2,9.2,9.2,3.7,14.8,0.0,0.0,0.0,0.0
Robert Turbin,,,RB,3600,IND,JAX,26.5,IND by 5.5,-14%,-2%,-5%,0.0,0.0,0.0,0.0,0.0,5.3,3.1,4.0,1.2,3.4,3.7,2.2,2.5,0.4,5.2,10,12.9,6.9,6.9,2.7,11.2,6.0,1.7,0.0,0.0
Deonte Thompson,0,,WR,3600,CHI,@MIN,18.5,MIN by 6.5,-9%,-6%,-14%,0.0,0.0,0.0,0.0,0.0,0.0,0.0,0.0,0.0,0.0,6.0,2.4,4.5,0.4,7.3,8,13.1,4.3,4.3,-2.7,11.4,9.7,2.7,0.0,0.0
Robert Woods,,,WR,3600,BUF,@NYJ,23.8,BUF by 4,1%,-8%,4%,0.0,0.0,0.0,0.0,0.0,0.0,0.1,0.0,0.0,6.0,3.7,5.9,4.2,0.7,8.0,7,4.2,9.5,9.5,1.6,17.3,6.4,1.8,0.0,0.0
Brian Quick,,,WR,3600,LA,ARI,16.3,ARI by 7.5,-7%,-10%,14%,0.0,0.0,0.0,0.0,0.0,0.0,0.0,0.0,0.0,0.0,4.0,4.7,4.8,0.5,7.8,8,3.2,7.5,7.5,1.8,13.1,6.5,1.8,0.0,0.0
John Brown,1,Q,WR,3600,ARI,@LA,23.8,ARI by 7.5,-5%,-4%,13%,0.0,0.0,0.0,0.0,0.0,0.0,0.1,0.0,0.0,10.0,3.0,5.2,4.9,0.3,7.2,8,7.1,7.9,7.9,-0.7,16.4,9.8,2.7,0.0,0.0
Eric Ebron,19,,TE,3600,DET,GB,23.5,GB by 3.5,11%,-11%,9%,0.0,0.0,0.0,0.0,0.0,0.0,0.1,0.0,0.1,1.0,8.0,6.6,6.0,0.4,8.2,11,10.7,11.0,11.0,5.8,16.2,12.0,3.3,0.0,0.0
Allen Hurns,,Q,WR,3600,JAX,@IND,21.0,IND by 5.5,7%,7%,-2%,0.0,0.0,0.0,0.0,0.0,0.0,0.0,0.0,0.0,0.0,5.3,6.9,0.0,1.1,6.3,0,4.5,9.2,9.2,2.9,15.4,0.0,0.0,0.0,0.0
Christine Michael,,,RB,3500,GB,@DET,27.0,GB by 3.5,0%,-5%,-8%,0.0,0.0,0.0,0.0,0.0,6.0,10.4,6.1,1.4,4.0,0.3,1.9,0.7,0.1,3.6,11,5.2,9.9,9.9,1.4,18.4,4.8,1.4,0.0,0.0
Michael Floyd,2,,WR,3500,NE,@MIA,27.5,NE by 8,-1%,30%,3%,0.0,0.0,0.0,0.0,0.0,0.0,0.0,0.0,0.0,0.0,4.3,5.5,5.1,1.0,6.3,8,5.4,8.2,8.2,3.2,13.2,10.4,3.0,0.0,0.0
Khiry Robinson,,O,RB,3500,NYJ,BUF,19.8,BUF by 4,-6%,23%,12%,0.0,0.0,0.0,0.0,0.0,8.0,8.0,0.0,2.0,2.8,0.0,0.0,0.0,0.0,0.0,0,1.2,1.2,1.2,1.2,1.2,0.0,0.0,0.0,0.0
Charles Clay,12,,TE,3500,BUF,@NYJ,23.8,BUF by 4,1%,-8%,16%,0.0,0.0,0.0,0.0,0.0,0.0,0.0,0.0,0.0,0.0,7.7,5.7,5.7,0.9,6.7,10,21.0,9.4,9.4,1.8,17.0,9.4,2.7,0.0,0.0
Rex Burkhead,10,,RB,3500,CIN,BAL,20.0,BAL by 1,-3%,-22%,-8%,0.0,0.0,0.0,0.0,0.0,9.3,4.7,15.2,0.6,4.8,3.0,1.8,4.6,0.2,6.7,35,7.9,4.9,4.9,1.0,8.7,14.1,4.0,0.0,0.0
Duke Johnson,,Q,RB,3500,CLE,@PIT,19.0,PIT by 3.5,2%,-16%,13%,0.0,0.1,0.0,0.0,0.0,5.3,4.9,3.9,0.5,5.0,3.7,4.9,3.6,0.4,6.9,14,8.9,9.7,9.7,5.4,14.0,8.4,2.4,0.0,0.0
Andre Ellington,,,RB,3500,ARI,@LA,23.8,ARI by 7.5,-5%,-4%,-2%,0.0,0.0,0.0,0.0,0.0,1.7,2.1,3.0,0.2,2.9,2.7,1.2,0.8,0.1,4.8,6,2.8,2.0,2.0,0.8,3.2,3.0,0.9,0.0,0.0
Devontae Booker,3,,RB,3500,DEN,OAK,20.5,DEN by 1,6%,6%,2%,0.0,0.0,0.0,0.0,0.0,4.7,10.7,12.6,1.4,3.5,5.3,2.9,2.9,0.4,5.0,26,6.8,8.1,8.1,2.9,13.2,12.4,3.5,0.0,0.0
Terrance Williams,1,,WR,3500,DAL,@PHI,18.8,PHI by 6.5,1%,-3%,13%,0.0,0.0,0.0,0.0,0.0,0.0,0.0,0.0,0.0,0.0,4.7,4.0,3.6,0.2,10.0,6,11.6,8.2,8.2,3.1,13.2,7.2,2.1,0.0,0.0
Aldrick Robinson,2,,WR,3400,ATL,NO,32.5,ATL by 7.5,11%,-9%,5%,0.0,0.0,0.0,0.0,0.0,0.0,0.0,0.0,0.0,0.0,4.0,2.5,3.9,0.3,9.6,6,9.3,5.1,5.1,-0.8,11.0,8.3,2.4,0.0,0.0
Paul Perkins,1,,RB,3400,NYG,@WAS,19.5,WAS by 7.5,9%,7%,14%,0.0,0.0,0.0,0.0,0.0,13.7,7.6,8.5,0.6,3.9,1.3,1.8,2.2,0.0,7.4,18,6.6,5.6,5.6,3.2,7.9,8.3,2.4,0.0,0.0
Matt Jones,,,RB,3400,WAS,NYG,27.0,WAS by 7.5,3%,-16%,-10%,0.0,0.0,0.0,0.0,0.0,13.3,14.1,0.0,2.4,4.6,0.7,1.1,0.0,0.0,9.1,0,10.3,11.9,11.9,3.0,20.8,0.0,0.0,0.0,0.0
Akeem Hunt,,,RB,3400,HOU,@TEN,18.3,TEN by 3,12%,-16%,-19%,0.0,0.0,0.0,0.0,0.0,1.7,2.9,4.6,0.7,5.5,0.7,0.6,1.5,0.1,7.3,10,2.9,2.4,2.4,-0.1,4.9,4.4,1.3,0.0,0.0
Russell Shepard,,,WR,3400,TB,CAR,24.0,TB by 3,13%,-17%,7%,0.0,0.0,0.0,0.0,0.0,0.0,0.1,0.0,0.0,9.0,3.7,2.8,3.6,0.6,9.5,6,4.9,5.4,5.4,0.1,10.8,4.7,1.4,0.0,0.0
Dwayne Washington,,,RB,3400,DET,GB,23.5,GB by 3.5,11%,-11%,-8%,0.0,0.0,0.0,0.0,0.0,12.3,8.2,4.4,0.5,2.9,2.7,1.4,2.2,0.3,4.1,12,6.0,4.4,4.4,2.4,6.4,5.8,1.7,0.0,0.0
Cordarrelle Patterson,2,,WR,3400,MIN,CHI,25.0,MIN by 6.5,-7%,12%,10%,0.0,0.0,0.0,0.0,0.0,0.0,0.5,0.8,0.0,6.1,5.3,4.5,3.5,0.5,6.1,7,6.0,7.6,7.6,2.0,13.3,6.5,1.9,0.0,0.0
Dennis Pitta,5,,TE,3400,BAL,@CIN,21.0,BAL by 1,-4%,7%,28%,0.0,0.0,0.0,0.0,0.0,0.0,0.0,0.0,0.0,0.0,6.0,7.0,6.2,0.8,6.1,10,8.3,10.2,10.2,3.0,17.4,10.0,2.9,0.0,0.0
Paul Richardson,5,,WR,3400,SEA,@SF,27.5,SEA by 11,-3%,57%,5%,0.0,0.0,0.0,0.0,0.0,0.0,0.0,0.0,0.0,0.0,3.7,2.6,4.4,0.5,8.6,7,6.2,4.3,4.3,0.4,8.3,12.1,3.6,0.0,0.0
Vernon Davis,2,,TE,3300,WAS,NYG,27.0,WAS by 7.5,3%,-16%,5%,0.0,0.0,0.0,0.0,0.0,0.0,0.0,0.0,0.0,0.0,4.3,4.0,3.3,0.4,9.5,5,3.2,7.7,7.7,2.1,13.2,5.4,1.6,0.0,0.0
Devin Funchess,,O,WR,3300,CAR,@TB,21.0,TB by 3,4%,7%,-1%,0.0,0.0,0.0,0.0,0.0,0.0,0.0,0.0,0.0,0.0,4.3,4.1,0.0,0.9,6.4,0,4.4,6.1,6.1,1.5,10.8,0.0,0.0,0.0,0.0
Danny Amendola,,O,WR,3300,NE,@MIA,27.5,NE by 8,-1%,30%,3%,0.0,0.0,0.0,0.0,0.0,0.0,0.0,0.0,0.0,0.0,2.7,2.4,0.0,0.6,8.4,0,5.3,5.9,5.9,0.2,11.5,0.0,0.0,0.0,0.0
Nelson Agholor,,,WR,3300,PHI,DAL,25.3,PHI by 6.5,7%,-26%,4%,0.0,0.0,0.0,0.0,0.0,0.7,0.3,0.0,0.0,3.8,4.3,4.9,3.5,1.0,5.3,6,6.5,6.3,6.3,2.3,10.3,5.0,1.5,0.0,0.0
Mike Davis,,,RB,3300,SF,SEA,16.5,SEA by 11,-5%,-13%,-19%,0.0,0.0,0.0,0.0,0.0,4.7,2.7,1.4,0.3,2.6,1.3,0.7,0.5,0.3,5.0,3,4.3,2.2,2.2,-0.6,5.0,1.5,0.5,0.0,0.0
Zach Zenner,9,,RB,3200,DET,GB,23.5,GB by 3.5,11%,-11%,-8%,0.0,0.0,0.0,0.0,0.0,7.3,6.8,13.9,1.1,3.9,3.3,1.8,4.4,0.1,8.6,32,13.0,7.3,7.3,0.8,13.8,14.2,4.4,0.0,0.0
Jack Doyle,1,,TE,3200,IND,JAX,26.5,IND by 5.5,-14%,-2%,-13%,0.0,0.0,0.0,0.0,0.0,0.0,0.0,0.0,0.0,0.0,5.7,4.7,4.9,0.7,8.2,8,9.1,9.2,9.2,3.0,15.3,7.7,2.4,0.0,0.0
Charles Johnson,,Q,WR,3200,MIN,CHI,25.0,MIN by 6.5,-7%,12%,10%,0.0,0.0,0.0,0.0,0.0,0.0,0.0,0.0,0.0,0.0,3.3,2.8,4.1,0.2,6.1,7,4.7,3.2,3.2,-0.2,6.5,7.4,2.3,0.0,0.0
Marquise Goodwin,1,,WR,3200,BUF,@NYJ,23.8,BUF by 4,1%,-8%,4%,0.0,0.0,0.0,0.0,0.0,0.0,0.0,0.0,0.0,0.0,3.7,4.8,2.7,0.5,6.7,5,3.3,7.0,7.0,0.3,13.8,5.0,1.6,0.0,0.0
Dorial Green-Beckham,3,,WR,3200,PHI,DAL,25.3,PHI by 6.5,7%,-26%,4%,0.0,0.0,0.0,0.0,0.0,0.0,0.0,0.0,0.0,0.0,5.0,5.3,5.7,0.9,5.5,10,3.6,6.5,6.5,1.6,11.4,8.4,2.6,0.0,0.0
Shaun Draughn,1,,RB,3200,SF,SEA,16.5,SEA by 11,-5%,-13%,-19%,0.0,0.0,0.0,0.0,0.0,7.0,4.1,12.6,0.4,2.9,2.7,2.5,2.7,0.3,5.9,27,7.9,6.4,6.4,0.5,12.3,10.8,3.4,0.0,0.0
Jeremy Kerley,,,WR,3200,SF,SEA,16.5,SEA by 11,-5%,-13%,2%,0.0,0.0,0.0,0.0,0.0,0.0,0.0,0.0,0.0,0.0,8.3,7.1,5.8,0.5,5.7,10,9.7,9.2,9.2,1.5,17.0,9.9,3.1,0.0,0.0
Coby Fleener,4,,TE,3100,NO,@ATL,25.0,ATL by 7.5,8%,-6%,25%,0.0,0.0,0.0,0.0,0.0,0.0,0.1,0.0,0.1,2.0,3.0,4.9,5.0,0.9,8.0,8,3.2,8.9,8.9,1.1,16.7,8.5,2.7,0.0,0.0
Tajae Sharpe,,,WR,3100,TEN,HOU,21.3,TEN by 3,-15%,-9%,-10%,0.0,0.0,0.0,0.0,0.0,0.0,0.1,0.0,0.1,1.0,4.3,5.4,4.1,0.3,6.4,7,3.6,7.0,7.0,1.5,12.5,7.2,2.3,0.0,0.0
Jared Cook,5,,TE,3100,GB,@DET,27.0,GB by 3.5,0%,-5%,27%,0.0,0.0,0.0,0.0,0.0,0.0,0.0,0.0,0.0,0.0,5.0,4.8,3.9,1.0,7.5,6,7.9,7.3,7.3,-0.3,14.9,7.0,2.3,0.0,0.0
Matt Asiata,0,,RB,3100,MIN,CHI,25.0,MIN by 6.5,-7%,12%,-17%,0.0,0.0,0.0,0.0,0.0,5.7,7.5,9.7,2.3,3.4,2.3,2.3,2.0,0.2,6.6,19,8.2,8.4,8.4,3.4,13.4,9.1,2.9,0.0,0.0
Josh Bellamy,,,WR,3100,CHI,@MIN,18.5,MIN by 6.5,-9%,-6%,-14%,0.0,0.0,0.0,0.0,0.0,0.0,0.2,0.0,0.0,9.5,4.0,3.1,2.4,0.3,7.6,4,5.9,4.6,4.6,0.2,9.0,3.4,1.1,0.0,0.0
Jason Witten,,,TE,3100,DAL,@PHI,18.8,PHI by 6.5,1%,-3%,-44%,0.0,0.0,0.0,0.0,0.0,0.0,0.0,0.0,0.0,0.0,7.0,6.7,4.0,1.1,7.1,7,10.7,11.0,11.0,4.6,17.4,7.9,2.5,0.0,0.0
John Kuhn,,,RB,3000,NO,@ATL,25.0,ATL by 7.5,8%,-6%,12%,0.0,0.0,0.0,0.0,0.0,1.0,1.4,1.1,0.5,2.1,1.7,1.5,1.2,0.5,3.5,3,1.8,4.4,4.4,-1.2,9.9,2.0,0.7,0.0,0.0
Travaris Cadet,,,RB,3000,NO,@ATL,25.0,ATL by 7.5,8%,-6%,12%,0.0,0.0,0.0,0.0,0.0,0.7,0.3,0.7,0.1,4.8,4.0,3.8,2.8,0.8,5.4,5,10.7,6.4,6.4,1.9,10.9,5.5,1.8,0.0,0.0
Patrick DiMarco,,,RB,3000,ATL,NO,32.5,ATL by 7.5,11%,-9%,14%,0.0,0.0,0.0,0.0,0.0,0.0,0.0,0.3,0.0,0.0,1.0,1.1,0.4,0.1,5.2,1,0.5,2.0,2.0,-0.1,4.1,0.0,0.0,0.0,0.0
Marcus Murphy,,,RB,3000,NO,@ATL,25.0,ATL by 7.5,8%,-6%,12%,0.0,0.0,0.0,0.0,0.0,0.0,0.0,0.0,0.0,0.0,0.5,0.5,0.0,0.0,3.0,0,0.7,0.7,0.7,-0.3,1.6,0.0,0.0,0.0,0.0
Terron Ward,,,RB,3000,ATL,NO,32.5,ATL by 7.5,11%,-9%,14%,0.0,0.0,0.0,0.0,0.0,5.7,6.2,0.8,1.0,4.9,0.3,0.4,0.0,0.2,5.5,1,2.5,3.4,3.4,0.8,6.1,0.0,0.0,0.0,0.0
Daniel Lasco,,,RB,3000,NO,@ATL,25.0,ATL by 7.5,8%,-6%,12%,0.0,0.0,0.0,0.0,0.0,3.7,3.7,0.0,1.0,2.9,1.3,1.3,0.0,0.0,2.8,0,2.1,2.1,2.1,1.4,2.8,0.0,0.0,0.0,0.0
Eric Weems,,,WR,3000,ATL,NO,32.5,ATL by 7.5,11%,-9%,5%,0.0,0.0,0.0,0.0,0.0,0.0,0.0,0.0,0.0,0.0,0.0,0.0,0.0,0.0,0.0,0,0.0,0.0,0.0,0.0,0.0,0.0,0.0,0.0,0.0
Nick Williams,,,WR,3000,ATL,NO,32.5,ATL by 7.5,11%,-9%,5%,0.0,0.0,0.0,0.0,0.0,0.0,0.0,0.0,0.0,0.0,5.0,5.0,0.0,1.0,9.8,0,8.9,8.9,8.9,8.9,8.9,0.0,0.0,0.0,0.0
Brandon Coleman,,,WR,3000,NO,@ATL,25.0,ATL by 7.5,8%,-6%,3%,0.0,0.0,0.0,0.0,0.0,0.0,0.0,0.0,0.0,0.0,3.3,2.9,0.8,0.7,7.8,1,5.7,5.9,5.9,1.8,9.9,1.4,0.5,0.0,0.0
Justin Hardy,,,WR,3000,ATL,NO,32.5,ATL by 7.5,11%,-9%,5%,0.0,0.0,0.0,0.0,0.0,0.0,0.0,0.0,0.0,0.0,1.3,2.0,3.9,0.6,6.7,6,3.8,4.3,4.3,0.5,8.0,7.5,2.5,0.0,0.0
Corey Fuller,,,WR,3000,NO,@ATL,25.0,ATL by 7.5,8%,-6%,3%,0.0,0.0,0.0,0.0,0.0,0.0,0.0,0.0,0.0,0.0,0.0,0.0,0.0,0.0,0.0,0,0.0,0.0,0.0,0.0,0.0,0.0,0.0,0.0,0.0
Tommylee Lewis,,,WR,3000,NO,@ATL,25.0,ATL by 7.5,8%,-6%,3%,0.0,0.0,0.0,0.0,0.0,0.0,0.3,0.0,0.1,3.7,0.0,1.0,0.0,0.0,6.9,0,0.0,1.4,1.4,-1.0,3.8,0.0,0.0,0.0,0.0
Jake Lampman,,,WR,3000,NO,@ATL,25.0,ATL by 7.5,8%,-6%,3%,0.0,0.0,0.0,0.0,0.0,0.0,0.0,0.0,0.0,0.0,0.0,0.0,0.0,0.0,0.0,0,0.0,0.0,0.0,0.0,0.0,0.0,0.0,0.0,0.0
Cedric Peerman,,,RB,3000,CIN,BAL,20.0,BAL by 1,-3%,-22%,-8%,0.0,0.0,0.0,0.0,0.0,0.0,0.0,0.0,0.0,0.0,0.0,0.0,0.0,0.0,0.0,0,0.0,0.0,0.0,0.0,0.0,0.0,0.0,0.0,0.0
Kyle Juszczyk,,,RB,3000,BAL,@CIN,21.0,BAL by 1,-4%,7%,2%,0.0,0.0,0.0,0.0,0.0,0.7,0.3,0.0,0.1,4.4,3.3,3.1,2.1,0.4,5.6,3,7.5,4.8,4.8,1.4,8.1,3.7,1.2,0.0,0.0
Javorius Allen,,,RB,3000,BAL,@CIN,21.0,BAL by 1,-4%,7%,2%,0.0,0.0,0.0,0.0,0.0,3.0,3.0,1.5,0.3,3.8,1.3,1.3,0.0,0.3,3.8,2,2.6,2.6,2.6,0.4,4.9,0.0,0.0,0.0,0.0
Kamar Aiken,,,WR,3000,BAL,@CIN,21.0,BAL by 1,-4%,7%,-18%,0.0,0.0,0.0,0.0,0.0,0.0,0.0,0.0,0.0,0.0,2.7,3.1,3.1,0.2,6.5,5,4.0,4.2,4.2,0.7,7.8,5.3,1.8,0.0,0.0
Michael Campanaro,,,WR,3000,BAL,@CIN,21.0,BAL by 1,-4%,7%,-18%,0.0,0.0,0.0,0.0,0.0,1.0,1.0,0.0,0.0,31.0,0.5,0.5,0.0,0.0,0.0,0,3.1,3.1,3.1,2.0,4.2,0.0,0.0,0.0,0.0
James Wright,,,WR,3000,CIN,BAL,20.0,BAL by 1,-3%,-22%,3%,0.0,0.0,0.0,0.0,0.0,0.0,0.2,0.0,0.1,-3.0,1.3,1.9,1.8,0.0,5.6,3,2.4,2.3,2.3,0.6,4.0,3.2,1.1,0.0,0.0
Chris Moore,,,WR,3000,BAL,@CIN,21.0,BAL by 1,-4%,7%,-18%,0.0,0.0,0.0,0.0,0.0,0.0,0.3,0.0,0.0,6.3,0.3,1.3,0.3,0.0,2.9,0,0.5,1.6,1.6,-0.9,4.1,0.0,0.0,0.0,0.0
Alex Erickson,,,WR,3000,CIN,BAL,20.0,BAL by 1,-3%,-22%,3%,0.0,0.0,0.0,0.0,0.0,0.0,0.0,0.0,0.0,0.0,1.0,0.5,0.9,0.1,8.9,2,1.4,0.9,0.9,-0.3,2.0,2.1,0.7,0.0,0.0
Breshad Perriman,,,WR,3000,BAL,@CIN,21.0,BAL by 1,-4%,7%,-18%,0.0,0.0,0.0,0.0,0.0,0.0,0.1,0.2,0.0,2.0,3.3,4.1,3.1,0.2,7.5,5,4.8,6.5,6.5,2.3,10.7,5.4,1.8,0.0,0.0
Cody Core,1,,WR,3000,CIN,BAL,20.0,BAL by 1,-3%,-22%,3%,0.0,0.0,0.0,0.0,0.0,0.0,0.0,0.0,0.0,0.0,6.3,4.4,3.6,0.0,5.4,6,5.7,5.0,5.0,0.1,9.8,6.5,2.2,0.0,0.0
Shane Vereen,,,RB,3000,NYG,@WAS,19.5,WAS by 7.5,9%,7%,14%,0.0,0.0,0.0,0.0,0.0,4.3,6.6,0.0,1.4,4.8,3.7,3.8,0.0,0.4,4.9,0,7.5,8.0,8.0,2.4,13.6,0.0,0.0,0.0,0.0
Bobby Rainey,2,,RB,3000,NYG,@WAS,19.5,WAS by 7.5,9%,7%,14%,0.0,0.0,0.0,0.0,0.0,0.3,1.7,12.0,0.0,3.7,1.0,2.4,2.8,0.1,6.3,25,1.4,3.9,3.9,-1.4,9.2,12.8,4.3,0.0,0.0
George Winn,,,RB,3000,NYG,@WAS,19.5,WAS by 7.5,9%,7%,14%,0.0,0.0,0.0,0.0,0.0,0.0,0.0,0.0,0.0,0.0,0.0,0.0,0.0,0.0,0.0,0,0.0,0.0,0.0,0.0,0.0,0.0,0.0,0.0,0.0
Mack Brown,,,RB,3000,WAS,NYG,27.0,WAS by 7.5,3%,-16%,-10%,0.0,0.0,0.0,0.0,0.0,8.0,8.0,0.0,2.0,10.3,1.0,1.0,0.0,0.0,-2.0,0,15.0,15.0,15.0,15.0,15.0,0.0,0.0,0.0,0.0
Dwayne Harris,,,WR,3000,NYG,@WAS,19.5,WAS by 7.5,9%,7%,2%,0.0,0.0,0.0,0.0,0.0,0.0,0.0,0.0,0.0,0.0,0.0,0.1,3.9,0.1,13.0,7,0.0,0.5,0.5,-1.7,2.7,6.9,2.3,0.0,0.0
Tavarres King,,,WR,3000,NYG,@WAS,19.5,WAS by 7.5,9%,7%,2%,0.0,0.0,0.0,0.0,0.0,0.0,0.0,0.0,0.0,0.0,1.5,1.5,1.6,1.0,2.0,3,0.8,0.8,0.8,-0.3,1.9,2.7,0.9,0.0,0.0
Ryan Grant,,,WR,3000,WAS,NYG,27.0,WAS by 7.5,3%,-16%,-8%,0.0,0.0,0.0,0.0,0.0,0.0,0.0,0.0,0.0,0.0,2.3,1.7,1.6,0.4,4.0,3,3.2,1.5,1.5,-0.4,3.4,2.5,0.8,0.0,0.0
Maurice Harris,,,WR,3000,WAS,NYG,27.0,WAS by 7.5,3%,-16%,-8%,0.0,0.0,0.0,0.0,0.0,0.0,0.0,0.0,0.0,0.0,1.3,1.7,0.0,0.0,5.1,0,1.3,2.0,2.0,-0.2,4.3,0.0,0.0,0.0,0.0
Roger Lewis,,,WR,3000,NYG,@WAS,19.5,WAS by 7.5,9%,7%,2%,0.0,0.0,0.0,0.0,0.0,0.0,0.0,0.0,0.0,0.0,1.0,2.1,4.6,0.1,5.1,8,0.6,3.2,3.2,-0.6,7.0,7.6,2.5,0.0,0.0
Jonathan Grimes,,,RB,3000,HOU,@TEN,18.3,TEN by 3,12%,-16%,-19%,0.0,0.0,0.0,0.0,0.0,2.3,2.1,1.5,0.1,5.9,2.0,1.9,0.7,0.3,4.7,4,4.2,3.4,3.4,1.2,5.6,1.9,0.6,0.0,0.0
Jay Prosch,,O,RB,3000,HOU,@TEN,18.3,TEN by 3,12%,-16%,-19%,0.0,0.0,0.0,0.0,0.0,0.7,0.8,0.0,0.0,2.3,0.0,0.2,0.0,0.0,6.0,0,0.2,0.5,0.5,-0.1,1.1,0.0,0.0,0.0,0.0
Jalston Fowler,,,RB,3000,TEN,HOU,21.3,TEN by 3,-15%,-9%,-5%,0.0,0.0,0.0,0.0,0.0,0.3,0.3,0.0,0.0,3.0,0.7,0.7,0.0,0.3,7.0,0,0.9,0.9,0.9,-0.4,2.2,0.0,0.0,0.0,0.0
Antonio Andrews,,,RB,3000,TEN,HOU,21.3,TEN by 3,-15%,-9%,-5%,0.0,0.0,0.0,0.0,0.0,0.7,0.7,0.9,0.0,7.5,0.0,0.0,0.3,0.0,0.0,2,0.5,0.5,0.5,-0.4,1.4,0.0,0.0,0.0,0.0
Tyler Ervin,,,RB,3000,HOU,@TEN,18.3,TEN by 3,12%,-16%,-19%,0.0,0.0,0.0,0.0,0.0,0.0,0.1,0.0,0.0,3.0,0.0,0.5,0.0,0.1,3.6,0,-0.3,0.3,0.3,-0.7,1.3,0.0,0.0,0.0,0.0
Harry Douglas,,,WR,3000,TEN,HOU,21.3,TEN by 3,-15%,-9%,-10%,0.0,0.0,0.0,0.0,0.0,0.0,0.0,0.0,0.0,0.0,3.3,3.1,0.5,0.4,9.5,1,6.6,5.1,5.1,2.0,8.3,0.0,0.0,0.0,0.0
Marc Mariani,,,WR,3000,TEN,HOU,21.3,TEN by 3,-15%,-9%,-10%,0.0,0.0,0.0,0.0,0.0,0.0,0.0,0.0,0.0,0.0,0.0,0.0,0.0,0.0,0.0,0,0.0,0.0,0.0,0.0,0.0,0.0,0.0,0.0,0.0
Kendall Wright,,,WR,3000,TEN,HOU,21.3,TEN by 3,-15%,-9%,-10%,0.0,0.0,0.0,0.0,0.0,0.0,0.1,0.0,0.0,15.0,2.3,3.9,4.1,0.3,9.7,7,2.7,8.5,8.5,-0.6,17.5,6.6,2.2,0.0,0.0
Keith Mumphery,,,WR,3000,HOU,@TEN,18.3,TEN by 3,12%,-16%,20%,0.0,0.0,0.0,0.0,0.0,0.0,0.0,0.0,0.0,0.0,2.0,2.0,2.8,0.3,5.8,5,2.8,2.9,2.9,2.3,3.5,3.9,1.3,0.0,0.0
Tre McBride,,,WR,3000,TEN,HOU,21.3,TEN by 3,-15%,-9%,-10%,0.0,0.0,0.0,0.0,0.0,0.0,0.0,0.0,0.0,0.0,0.0,0.0,0.0,0.0,0.0,0,0.0,0.0,0.0,0.0,0.0,0.0,0.0,0.0,0.0
Wendall Williams,,,WR,3000,HOU,@TEN,18.3,TEN by 3,12%,-16%,20%,0.0,0.0,0.0,0.0,0.0,0.0,0.0,0.0,0.0,0.0,3.0,3.0,0.0,0.0,11.3,0,5.4,5.4,5.4,5.4,5.4,0.0,0.0,0.0,0.0
Mike Tolbert,,,RB,3000,CAR,@TB,21.0,TB by 3,4%,7%,6%,0.0,0.0,0.0,0.0,0.0,2.3,2.3,1.3,0.5,2.8,1.3,1.0,0.7,0.2,5.1,3,5.2,2.3,2.3,-1.1,5.7,2.0,0.7,0.0,0.0
Fozzy Whittaker,1,,RB,3000,CAR,@TB,21.0,TB by 3,4%,7%,6%,0.0,0.0,0.0,0.0,0.0,3.0,3.5,2.7,0.3,4.8,1.0,2.2,1.5,0.0,6.8,7,3.6,5.0,5.0,-1.0,11.0,4.1,1.4,0.0,0.0
Peyton Barber,,,RB,3000,TB,CAR,24.0,TB by 3,13%,-17%,-2%,0.0,0.0,0.0,0.0,0.0,3.7,6.3,3.6,0.9,4.1,0.3,0.8,0.9,0.4,4.7,7,1.9,4.3,4.3,-0.8,9.4,3.3,1.1,0.0,0.0
Brenton Bersin,,,WR,3000,CAR,@TB,21.0,TB by 3,4%,7%,-1%,0.0,0.0,0.0,0.0,0.0,0.0,0.0,0.0,0.0,0.0,1.0,1.0,1.8,0.0,7.0,3,1.7,1.7,1.7,1.7,1.7,4.5,1.5,0.0,0.0
Josh Huff,,,WR,3000,TB,CAR,24.0,TB by 3,13%,-17%,7%,0.0,0.1,0.0,0.0,0.0,0.3,0.4,0.0,0.1,3.8,2.0,2.3,0.4,0.4,4.9,1,2.5,4.1,4.1,-0.7,8.9,0.0,0.0,0.0,0.0
Bernard Reedy,,,WR,3000,TB,CAR,24.0,TB by 3,13%,-17%,7%,0.0,0.0,0.0,0.0,0.0,0.0,0.0,0.0,0.0,0.0,0.0,0.0,0.0,0.0,0.0,0,0.0,0.0,0.0,0.0,0.0,0.0,0.0,0.0,0.0
Freddie Martino,,,WR,3000,TB,CAR,24.0,TB by 3,13%,-17%,7%,0.0,0.0,0.0,0.0,0.0,0.0,0.0,0.0,0.0,0.0,2.0,1.7,2.9,0.0,13.3,5,4.4,4.4,4.4,-0.5,9.3,5.5,1.8,0.0,0.0
Corey Brown,,,WR,3000,CAR,@TB,21.0,TB by 3,4%,7%,-1%,0.0,0.0,0.0,0.0,0.0,0.3,0.1,0.0,0.0,3.0,3.0,3.6,4.1,0.5,5.1,7,4.0,4.0,4.0,-0.3,8.3,7.3,2.4,0.0,0.0
James Starks,,O,RB,3000,GB,@DET,27.0,GB by 3.5,0%,-5%,-8%,0.0,0.0,0.0,0.0,0.0,7.7,7.0,0.0,0.8,2.3,1.7,2.8,0.0,0.2,5.4,0,4.1,6.5,6.5,0.0,13.1,0.0,0.0,0.0,0.0
Joique Bell,,,RB,3000,DET,GB,23.5,GB by 3.5,11%,-11%,-8%,0.0,0.0,0.0,0.0,0.0,1.5,1.5,0.0,0.0,2.0,0.5,0.5,0.0,0.0,-2.0,0,0.7,0.7,0.7,0.6,0.8,0.0,0.0,0.0,0.0
Mike Burton,,,RB,3000,DET,GB,23.5,GB by 3.5,11%,-11%,-8%,0.0,0.0,0.0,0.0,0.0,0.0,0.0,0.0,0.0,0.0,1.0,1.0,0.0,0.0,0.0,0,0.0,0.0,0.0,0.0,0.0,0.0,0.0,0.0,0.0
Aaron Ripkowski,,,RB,3000,GB,@DET,27.0,GB by 3.5,0%,-5%,-8%,0.0,0.0,0.0,0.0,0.0,3.0,2.8,1.1,0.9,3.6,1.3,0.9,0.4,0.2,3.9,2,6.2,3.4,3.4,0.0,6.9,1.8,0.6,0.0,0.0
Joe Kerridge,,,RB,3000,GB,@DET,27.0,GB by 3.5,0%,-5%,-8%,0.0,0.0,0.0,0.0,0.0,0.0,0.0,0.0,0.0,0.0,0.0,0.0,0.0,0.0,0.0,0,0.0,0.0,0.0,0.0,0.0,0.0,0.0,0.0,0.0
Andre Roberts,,Q,WR,3000,DET,GB,23.5,GB by 3.5,11%,-11%,16%,0.0,0.0,0.0,0.0,0.0,0.0,0.0,0.0,0.0,0.0,1.0,1.6,1.6,0.2,7.8,3,0.8,3.3,3.3,-0.4,7.0,2.6,0.9,0.0,0.0
T.J. Jones,,,WR,3000,DET,GB,23.5,GB by 3.5,11%,-11%,16%,0.0,0.0,0.0,0.0,0.0,0.0,0.0,0.0,0.0,0.0,5.0,5.0,0.7,1.0,5.8,1,4.9,4.9,4.9,0.7,9.1,1.1,0.4,0.0,0.0
Trevor Davis,,,WR,3000,GB,@DET,27.0,GB by 3.5,0%,-5%,2%,0.0,0.0,0.0,0.0,0.0,0.0,0.0,0.0,0.0,0.0,1.7,0.9,0.4,0.3,3.4,1,3.5,1.3,1.3,-2.8,5.4,0.0,0.0,0.0,0.0
Jeff Janis,,,WR,3000,GB,@DET,27.0,GB by 3.5,0%,-5%,2%,0.0,0.0,0.0,0.0,0.0,0.3,0.2,0.0,0.1,19.0,0.3,1.6,0.7,0.2,4.9,1,3.2,3.0,3.0,-0.9,6.9,1.4,0.5,0.0,0.0
Geronimo Allison,,,WR,3000,GB,@DET,27.0,GB by 3.5,0%,-5%,2%,0.0,0.0,0.0,0.0,0.0,0.0,0.0,0.0,0.0,0.0,3.0,2.7,0.4,0.8,6.9,1,4.1,4.2,4.2,-0.7,9.1,0.0,0.0,0.0,0.0
Jordan Todman,,,RB,3000,IND,JAX,26.5,IND by 5.5,-14%,-2%,-5%,0.0,0.0,0.0,0.0,0.0,1.3,0.8,0.0,0.3,6.6,0.0,0.1,0.0,0.0,0.0,0,0.6,1.0,1.0,-1.0,2.9,0.0,0.0,0.0,0.0
Denard Robinson,1,,RB,3000,JAX,@IND,21.0,IND by 5.5,7%,7%,12%,0.0,0.0,0.0,0.0,0.0,11.0,6.2,3.2,0.0,3.4,0.7,0.7,1.1,0.2,5.5,7,4.9,3.0,3.0,0.3,5.6,3.5,1.2,0.0,0.0
Corey Grant,,,RB,3000,JAX,@IND,21.0,IND by 5.5,7%,7%,12%,0.0,0.0,0.0,0.0,0.0,4.7,1.8,1.0,0.3,3.0,1.3,0.6,1.1,0.1,4.0,3,1.9,1.8,1.8,-1.3,4.9,2.0,0.7,0.0,0.0
Bronson Hill,,,RB,3000,JAX,@IND,21.0,IND by 5.5,7%,7%,12%,0.0,0.0,0.0,0.0,0.0,0.0,0.0,0.0,0.0,0.0,0.0,0.0,0.0,0.0,0.0,0,0.0,0.0,0.0,0.0,0.0,0.0,0.0,0.0,0.0
Josh Ferguson,,,RB,3000,IND,JAX,26.5,IND by 5.5,-14%,-2%,-5%,0.0,0.0,0.0,0.0,0.0,0.7,1.2,1.3,0.5,1.3,0.0,2.0,0.4,0.0,5.2,3,0.0,2.7,2.7,-0.8,6.3,1.3,0.4,0.0,0.0
Bryan Walters,0,,WR,3000,JAX,@IND,21.0,IND by 5.5,7%,7%,-2%,0.0,0.0,0.0,0.0,0.0,0.0,0.0,0.0,0.0,0.0,5.0,2.8,5.7,0.3,5.9,9,9.1,4.6,4.6,-0.6,9.8,10.4,3.5,0.0,0.0
Arrelious Benn,,,WR,3000,JAX,@IND,21.0,IND by 5.5,7%,7%,-2%,0.0,0.0,0.0,0.0,0.0,0.0,0.0,0.0,0.0,0.0,0.7,1.1,1.9,0.1,11.6,3,0.9,2.5,2.5,-1.4,6.5,3.0,1.0,0.0,0.0
Tony Washington,,,WR,3000,JAX,@IND,21.0,IND by 5.5,7%,7%,-2%,0.0,0.0,0.0,0.0,0.0,0.0,0.0,0.0,0.0,0.0,0.0,0.0,0.0,0.0,0.0,0,0.0,0.0,0.0,0.0,0.0,0.0,0.0,0.0,0.0
Devin Street,,,WR,3000,IND,JAX,26.5,IND by 5.5,-14%,-2%,-10%,0.0,0.0,0.0,0.0,0.0,0.0,0.0,0.0,0.0,0.0,3.0,3.0,1.5,0.0,3.3,2,1.5,1.5,1.5,-0.6,3.6,2.2,0.7,0.0,0.0
Shane Wynn,,,WR,3000,JAX,@IND,21.0,IND by 5.5,7%,7%,-2%,0.0,0.0,0.0,0.0,0.0,1.0,1.0,0.0,0.0,2.5,1.5,1.5,0.0,0.0,6.3,0,1.7,1.7,1.7,0.0,3.4,0.0,0.0,0.0,0.0
Chester Rogers,,,WR,3000,IND,JAX,26.5,IND by 5.5,-14%,-2%,-10%,0.0,0.0,0.0,0.0,0.0,0.0,0.0,0.0,0.0,0.0,2.3,2.1,3.7,0.4,7.4,6,2.8,2.7,2.7,-0.7,6.1,8.5,2.8,0.0,0.0
James Develin,,,RB,3000,NE,@MIA,27.5,NE by 8,-1%,30%,2%,0.0,0.0,0.0,0.0,0.0,0.0,0.0,0.0,0.0,0.0,1.0,0.9,0.0,0.3,3.0,0,1.1,0.7,0.7,-0.2,1.6,0.0,0.0,0.0,0.0
Brandon Bolden,,,RB,3000,NE,@MIA,27.5,NE by 8,-1%,30%,2%,0.0,0.0,0.0,0.0,0.0,0.0,0.3,0.0,0.0,4.0,1.3,1.0,0.0,0.0,3.8,0,1.2,1.0,1.0,-0.7,2.7,0.0,0.0,0.0,0.0
D.J. Foster,,,RB,3000,NE,@MIA,27.5,NE by 8,-1%,30%,2%,0.0,0.0,0.0,0.0,0.0,2.3,2.3,0.0,0.3,3.4,0.7,0.7,0.0,0.0,1.0,0,1.2,1.2,1.2,0.2,2.2,0.0,0.0,0.0,0.0
Kenyan Drake,,,RB,3000,MIA,NE,19.5,NE by 8,0%,-18%,-10%,0.0,0.0,0.0,0.0,0.0,3.3,2.4,3.1,0.2,5.8,0.3,0.8,0.7,0.1,4.6,7,5.1,4.0,4.0,0.1,7.9,2.5,0.8,0.0,0.0
Matt Slater,,Q,WR,3000,NE,@MIA,27.5,NE by 8,-1%,30%,3%,0.0,0.0,0.0,0.0,0.0,0.3,0.3,0.0,0.0,5.0,0.0,0.3,0.0,0.0,0.0,0,-0.2,-0.1,-0.1,-0.8,0.5,0.0,0.0,0.0,0.0
Rashawn Scott,,,WR,3000,MIA,NE,19.5,NE by 8,0%,-18%,-11%,0.0,0.0,0.0,0.0,0.0,0.0,0.0,0.0,0.0,0.0,0.0,0.0,0.0,0.0,0.0,0,0.0,0.0,0.0,0.0,0.0,0.0,0.0,0.0,0.0
Jakeem Grant,,,WR,3000,MIA,NE,19.5,NE by 8,0%,-18%,-11%,0.0,0.0,0.0,0.0,0.0,0.0,0.0,0.0,0.0,0.0,0.0,0.1,0.0,0.0,0.0,0,0.0,0.4,0.4,-1.3,2.1,0.0,0.0,0.0,0.0
Leonte Carroo,,,WR,3000,MIA,NE,19.5,NE by 8,0%,-18%,-11%,0.0,0.0,0.0,0.0,0.0,0.0,0.0,0.0,0.0,0.0,1.0,1.2,0.6,0.4,4.8,1,2.8,2.4,2.4,-1.3,6.1,1.0,0.3,0.0,0.0
Zach Line,,,RB,3000,MIN,CHI,25.0,MIN by 6.5,-7%,12%,-17%,0.0,0.0,0.0,0.0,0.0,0.7,1.2,0.0,0.2,2.1,0.7,0.5,0.0,0.5,0.0,0,0.2,0.3,0.3,0.0,0.5,0.0,0.0,0.0,0.0
Ka'Deem Carey,,,RB,3000,CHI,@MIN,18.5,MIN by 6.5,-9%,-6%,-10%,0.0,0.0,0.0,0.0,0.0,1.3,2.9,1.7,0.3,3.9,0.3,0.6,0.7,0.1,7.9,4,0.4,2.1,2.1,-0.1,4.3,2.3,0.8,0.0,0.0
Paul Lasike,,,RB,3000,CHI,@MIN,18.5,MIN by 6.5,-9%,-6%,-10%,0.0,0.0,0.0,0.0,0.0,0.3,0.6,0.0,0.0,2.7,0.3,0.2,0.0,0.2,3.0,0,0.6,0.4,0.4,-0.1,0.9,0.0,0.0,0.0,0.0
Bralon Addison,,,RB,3000,CHI,@MIN,18.5,MIN by 6.5,-9%,-6%,-10%,0.0,0.0,0.0,0.0,0.0,0.0,0.0,0.0,0.0,0.0,0.0,0.0,0.0,0.0,0.0,0,0.0,0.0,0.0,0.0,0.0,0.0,0.0,0.0,0.0
C.J. Ham,,,RB,3000,MIN,CHI,25.0,MIN by 6.5,-7%,12%,-17%,0.0,0.0,0.0,0.0,0.0,0.0,0.0,0.0,0.0,0.0,0.0,0.0,0.0,0.0,0.0,0,0.0,0.0,0.0,0.0,0.0,0.0,0.0,0.0,0.0
Jarius Wright,,,WR,3000,MIN,CHI,25.0,MIN by 6.5,-7%,12%,10%,0.0,0.0,0.0,0.0,0.0,0.0,0.0,0.0,0.0,0.0,2.3,2.3,3.2,0.0,6.1,5,3.4,3.4,3.4,0.2,6.7,6.2,2.1,0.0,0.0
Daniel Braverman,,,WR,3000,CHI,@MIN,18.5,MIN by 6.5,-9%,-6%,-14%,0.0,0.0,0.0,0.0,0.0,0.0,0.0,0.0,0.0,0.0,1.0,1.0,0.0,0.0,0.0,0,0.0,0.0,0.0,0.0,0.0,0.0,0.0,0.0,0.0
Laquon Treadwell,,D,WR,3000,MIN,CHI,25.0,MIN by 6.5,-7%,12%,10%,0.0,0.0,0.0,0.0,0.0,0.0,0.0,0.0,0.0,0.0,1.0,1.0,0.0,0.3,5.0,0,0.8,0.8,0.8,-0.6,2.3,0.0,0.0,0.0,0.0
Reggie Bush,,,RB,3000,BUF,@NYJ,23.8,BUF by 4,1%,-8%,2%,0.0,0.0,0.0,0.0,0.0,1.0,1.2,1.1,0.3,-0.3,0.0,1.0,1.3,0.1,9.0,4,0.0,2.4,2.4,-1.1,5.9,2.5,0.8,0.0,0.0
Jerome Felton,,,RB,3000,BUF,@NYJ,23.8,BUF by 4,1%,-8%,2%,0.0,0.0,0.0,0.0,0.0,0.7,0.6,0.6,0.2,1.9,1.0,0.8,0.3,0.0,6.3,2,1.9,1.2,1.2,-0.4,2.8,0.0,0.0,0.0,0.0
Brandon Wilds,,Q,RB,3000,NYJ,BUF,19.8,BUF by 4,-6%,23%,12%,0.0,0.0,0.0,0.0,0.0,3.0,3.0,7.1,0.0,3.0,0.0,0.0,1.4,0.0,0.0,14,0.9,0.9,0.9,0.2,1.6,6.6,2.2,0.0,0.0
Jonathan Williams,,,RB,3000,BUF,@NYJ,23.8,BUF by 4,1%,-8%,2%,0.0,0.1,0.0,0.0,0.0,3.3,3.3,0.0,0.9,3.6,0.7,0.3,0.0,0.0,0.0,0,1.9,2.0,2.0,-0.5,4.6,0.0,0.0,0.0,0.0
Brandon Tate,,,WR,3000,BUF,@NYJ,23.8,BUF by 4,1%,-8%,4%,0.0,0.0,0.0,0.0,0.0,0.3,0.2,0.0,0.0,16.0,0.0,0.8,0.2,0.0,10.6,0,1.0,1.8,1.8,-0.6,4.1,0.0,0.0,0.0,0.0
Justin Hunter,,,WR,3000,BUF,@NYJ,23.8,BUF by 4,1%,-8%,4%,0.0,0.0,0.0,0.0,0.0,0.0,0.0,0.0,0.0,0.0,2.7,2.6,1.2,0.8,6.0,2,4.8,5.7,5.7,2.6,8.8,2.2,0.7,0.0,0.0
Dezmin Lewis,,,WR,3000,BUF,@NYJ,23.8,BUF by 4,1%,-8%,4%,0.0,0.0,0.0,0.0,0.0,0.0,0.0,0.0,0.0,0.0,1.0,1.0,0.0,0.0,0.0,0,0.0,0.0,0.0,0.0,0.0,0.0,0.0,0.0,0.0
Charone Peake,,,WR,3000,NYJ,BUF,19.8,BUF by 4,-6%,23%,-8%,0.0,0.0,0.0,0.0,0.0,0.0,0.0,0.0,0.0,0.0,3.0,3.0,2.4,0.1,5.5,4,3.2,3.9,3.9,0.2,7.7,3.9,1.3,0.0,0.0
Devin Smith,,,WR,3000,NYJ,BUF,19.8,BUF by 4,-6%,23%,-8%,0.0,0.0,0.0,0.0,0.0,0.0,0.0,0.0,0.0,0.0,3.0,3.0,0.0,1.0,6.7,0,3.0,3.0,3.0,3.0,3.0,0.0,0.0,0.0,0.0
Jalin Marshall,,,WR,3000,NYJ,BUF,19.8,BUF by 4,-6%,23%,-8%,0.0,0.0,0.0,0.0,0.0,0.0,0.0,0.0,0.0,0.0,2.3,2.0,0.0,0.2,7.8,0,5.8,3.2,3.2,-1.7,8.1,0.0,0.0,0.0,0.0
Lance Dunbar,,,RB,3000,DAL,@PHI,18.8,PHI by 6.5,1%,-3%,-6%,0.0,0.0,0.0,0.0,0.0,0.0,0.6,4.0,0.3,1.8,2.3,1.8,1.4,0.1,5.7,9,2.7,3.0,3.0,0.9,5.1,6.4,2.1,0.0,0.0
Keith Smith,,,RB,3000,DAL,@PHI,18.8,PHI by 6.5,1%,-3%,-6%,0.0,0.0,0.0,0.0,0.0,0.3,0.5,0.0,0.0,2.5,1.0,0.8,0.0,0.0,6.7,0,1.7,1.4,1.4,0.4,2.3,0.0,0.0,0.0,0.0
Byron Marshall,0,,RB,3000,PHI,DAL,25.3,PHI by 6.5,7%,-26%,-19%,0.0,0.0,0.0,0.0,0.0,9.0,9.0,4.4,3.0,2.4,3.0,3.0,1.7,2.0,2.0,10,4.8,4.8,4.8,4.8,4.8,4.4,1.5,0.0,0.0
Paul Turner,,,WR,3000,PHI,DAL,25.3,PHI by 6.5,7%,-26%,4%,0.0,0.0,0.0,0.0,0.0,0.0,0.0,0.0,0.0,0.0,5.0,5.0,1.1,0.0,9.6,2,8.3,8.3,8.3,0.2,16.4,2.0,0.7,0.0,0.0
Bryce Treggs,,,WR,3000,PHI,DAL,25.3,PHI by 6.5,7%,-26%,4%,0.0,0.0,0.0,0.0,0.0,0.7,0.4,0.0,0.0,3.5,1.3,2.0,1.1,0.0,8.0,2,0.9,2.3,2.3,-1.5,6.1,2.0,0.7,0.0,0.0
Lucky Whitehead,,,WR,3000,DAL,@PHI,18.8,PHI by 6.5,1%,-3%,13%,0.0,0.0,0.0,0.0,0.0,1.0,0.7,0.3,0.0,8.2,0.0,0.1,2.1,0.0,20.0,4,-0.3,0.9,0.9,-1.0,2.8,3.9,1.3,0.0,0.0
Vince Mayle,,,WR,3000,DAL,@PHI,18.8,PHI by 6.5,1%,-3%,13%,0.0,0.0,0.0,0.0,0.0,0.0,0.0,0.0,0.0,0.0,0.0,0.0,1.3,0.0,0.0,2,0.0,0.0,0.0,0.0,0.0,1.2,0.4,0.0,0.0
Roosevelt Nix,,,RB,3000,PIT,CLE,22.5,PIT by 3.5,1%,36%,21%,0.0,0.0,0.0,0.0,0.0,0.0,0.0,0.0,0.0,0.0,0.0,0.0,0.0,0.0,0.0,0,0.0,0.0,0.0,0.0,0.0,0.0,0.0,0.0,0.0
George Atkinson,,,RB,3000,CLE,@PIT,19.0,PIT by 3.5,2%,-16%,13%,0.0,0.0,0.0,0.0,0.0,0.0,0.0,0.0,0.0,0.0,0.0,0.0,0.0,0.0,0.0,0,0.0,0.0,0.0,0.0,0.0,0.0,0.0,0.0,0.0
Darius Jackson,,,RB,3000,CLE,@PIT,19.0,PIT by 3.5,2%,-16%,13%,0.0,0.0,0.0,0.0,0.0,0.0,0.0,0.0,0.0,0.0,0.0,0.0,0.0,0.0,0.0,0,0.0,0.0,0.0,0.0,0.0,0.0,0.0,0.0,0.0
Andrew Hawkins,,,WR,3000,CLE,@PIT,19.0,PIT by 3.5,2%,-16%,-10%,0.0,0.0,0.0,0.0,0.0,0.0,0.1,0.0,0.0,0.0,1.3,3.2,2.9,0.7,6.6,5,2.9,5.2,5.2,-0.5,10.9,4.8,1.6,0.0,0.0
Darrius Heyward-Bey,1,,WR,3000,PIT,CLE,22.5,PIT by 3.5,1%,36%,-1%,0.0,0.0,0.0,0.0,0.0,0.3,0.2,0.0,0.0,60.0,3.7,2.5,4.0,0.3,4.5,6,8.0,6.0,6.0,0.0,12.0,6.5,2.2,0.0,0.0
Cobi Hamilton,1,,WR,3000,PIT,CLE,22.5,PIT by 3.5,1%,36%,-1%,0.0,0.0,0.0,0.0,0.0,0.0,0.0,0.0,0.0,0.0,1.7,2.4,4.7,0.4,7.5,7,2.4,3.8,3.8,0.5,7.1,8.4,2.8,0.0,0.0
Sammie Coates,,,WR,3000,PIT,CLE,22.5,PIT by 3.5,1%,36%,-1%,0.0,0.0,0.0,0.0,0.0,0.7,0.3,0.0,0.1,3.5,2.3,4.1,2.7,0.4,8.9,4,1.0,6.7,6.7,-3.5,17.0,5.2,1.7,0.0,0.0
Ricardo Louis,,,WR,3000,CLE,@PIT,19.0,PIT by 3.5,2%,-16%,-10%,0.0,0.0,0.0,0.0,0.0,0.0,0.0,0.0,0.0,0.0,0.3,3.1,0.0,0.3,5.4,0,0.0,3.1,3.1,-0.7,7.0,0.0,0.0,0.0,0.0
Demarcus Ayers,,,WR,3000,PIT,CLE,22.5,PIT by 3.5,1%,36%,-1%,0.0,0.0,0.0,0.0,0.0,0.0,0.0,0.0,0.0,0.0,1.0,1.0,2.0,0.0,9.0,3,1.9,1.9,1.9,1.9,1.9,3.6,1.2,0.0,0.0
Rashard Higgins,,,WR,3000,CLE,@PIT,19.0,PIT by 3.5,2%,-16%,-10%,0.0,0.0,0.0,0.0,0.0,0.0,0.0,0.0,0.0,0.0,1.3,1.2,0.9,0.2,7.0,2,1.8,1.5,1.5,-0.5,3.6,1.4,0.5,0.0,0.0
Mario Alford,,,WR,3000,CLE,@PIT,19.0,PIT by 3.5,2%,-16%,-10%,0.0,0.0,0.0,0.0,0.0,0.0,0.0,0.0,0.0,0.0,0.0,0.0,0.0,0.0,0.0,0,0.0,0.0,0.0,0.0,0.0,0.0,0.0,0.0,0.0
Jesse James,1,,TE,3000,PIT,CLE,22.5,PIT by 3.5,1%,36%,48%,0.0,0.0,0.0,0.0,0.0,0.0,0.0,0.0,0.0,0.0,3.0,3.8,2.7,0.7,5.6,4,3.5,5.8,5.8,1.0,10.6,4.3,1.4,0.0,0.0
Chase Reynolds,,,RB,3000,LA,ARI,16.3,ARI by 7.5,-7%,-10%,-19%,0.0,0.0,0.0,0.0,0.0,0.0,0.0,0.0,0.0,0.0,0.0,0.0,0.0,0.0,0.0,0,0.0,0.0,0.0,0.0,0.0,0.0,0.0,0.0,0.0
Stepfan Taylor,,,RB,3000,ARI,@LA,23.8,ARI by 7.5,-5%,-4%,-2%,0.0,0.0,0.0,0.0,0.0,2.0,2.0,0.3,0.0,3.0,0.0,0.0,0.0,0.0,0.0,0,0.6,0.6,0.6,-0.5,1.7,0.0,0.0,0.0,0.0
Kerwynn Williams,,,RB,3000,ARI,@LA,23.8,ARI by 7.5,-5%,-4%,-2%,0.0,0.0,0.0,0.0,0.0,2.0,2.0,0.0,0.0,16.2,0.3,0.3,0.0,0.0,6.0,0,5.8,5.8,5.8,0.0,11.5,0.0,0.0,0.0,0.0
Aaron Green,,,RB,3000,LA,ARI,16.3,ARI by 7.5,-7%,-10%,-19%,0.0,0.0,0.0,0.0,0.0,0.0,0.0,0.0,0.0,0.0,0.0,0.0,0.0,0.0,0.0,0,0.0,0.0,0.0,0.0,0.0,0.0,0.0,0.0,0.0
Malcolm Brown,,,RB,3000,LA,ARI,16.3,ARI by 7.5,-7%,-10%,-19%,0.0,0.0,0.0,0.0,0.0,2.0,1.9,3.0,0.0,2.2,0.3,0.4,1.4,0.0,15.3,8,0.8,1.3,1.3,0.0,2.7,4.2,1.4,0.0,0.0
Jeremy Ross,,,WR,3000,ARI,@LA,23.8,ARI by 7.5,-5%,-4%,13%,0.0,0.0,0.0,0.0,0.0,0.0,0.0,0.0,0.0,0.0,0.0,0.0,0.0,0.0,0.0,0,0.0,0.0,0.0,0.0,0.0,0.0,0.0,0.0,0.0
Brittan Golden,,,WR,3000,ARI,@LA,23.8,ARI by 7.5,-5%,-4%,13%,0.0,0.0,0.0,0.0,0.0,0.0,0.0,0.0,0.0,0.0,1.7,1.2,1.3,0.1,7.5,2,4.8,2.2,2.2,-0.6,5.1,2.7,0.9,0.0,0.0
Paul McRoberts,,,WR,3000,LA,ARI,16.3,ARI by 7.5,-7%,-10%,14%,0.0,0.0,0.0,0.0,0.0,0.0,0.0,0.0,0.0,0.0,0.0,0.0,0.0,0.0,0.0,0,0.0,0.0,0.0,0.0,0.0,0.0,0.0,0.0,0.0
Marquis Bundy,,,WR,3000,ARI,@LA,23.8,ARI by 7.5,-5%,-4%,13%,0.0,0.0,0.0,0.0,0.0,0.0,0.0,0.0,0.0,0.0,0.0,0.0,0.0,0.0,0.0,0,0.0,0.0,0.0,0.0,0.0,0.0,0.0,0.0,0.0
Pharoh Cooper,,,WR,3000,LA,ARI,16.3,ARI by 7.5,-7%,-10%,14%,0.0,0.0,0.0,0.0,0.0,0.0,0.0,0.0,0.0,0.0,2.0,1.8,4.1,0.0,5.0,7,3.4,2.1,2.1,0.1,4.1,6.7,2.2,0.0,0.0
Mike Thomas,,Q,WR,3000,LA,ARI,16.3,ARI by 7.5,-7%,-10%,14%,0.0,0.0,0.0,0.0,0.0,0.0,0.0,0.0,0.0,0.0,2.0,1.3,2.5,0.2,2.8,4,1.1,0.5,0.5,-0.3,1.4,4.0,1.3,0.0,0.0
Taiwan Jones,,,RB,3000,OAK,@DEN,19.5,DEN by 1,-21%,24%,2%,0.0,0.0,0.0,0.0,0.0,0.0,0.1,0.0,0.0,-8.0,0.7,0.5,0.0,0.0,10.8,0,1.5,0.9,0.9,-0.4,2.2,0.0,0.0,0.0,0.0
Juwan Thompson,,,RB,3000,DEN,OAK,20.5,DEN by 1,6%,6%,2%,0.0,0.0,0.0,0.0,0.0,2.0,2.0,1.3,0.3,4.2,0.3,0.3,0.4,0.0,0.0,3,2.8,2.8,2.8,-0.1,5.7,1.4,0.5,0.0,0.0
Jamize Olawale,,,RB,3000,OAK,@DEN,19.5,DEN by 1,-21%,24%,2%,0.0,0.0,0.0,0.0,0.0,0.0,1.4,0.9,0.4,2.8,1.0,1.1,0.7,0.3,16.7,2,1.9,4.6,4.6,-0.7,9.9,1.8,0.6,0.0,0.0
Jordan Norwood,,,WR,3000,DEN,OAK,20.5,DEN by 1,6%,6%,4%,0.0,0.0,0.0,0.0,0.0,0.0,0.1,0.0,0.0,0.0,1.0,2.5,2.7,0.3,6.6,4,1.0,3.4,3.4,-0.7,7.4,5.0,1.7,0.0,0.0
Bennie Fowler,,,WR,3000,DEN,OAK,20.5,DEN by 1,6%,6%,4%,0.0,0.0,0.0,0.0,0.0,0.0,0.0,0.0,0.0,0.0,2.7,2.4,0.0,0.3,6.0,0,5.9,3.7,3.7,-1.2,8.7,0.0,0.0,0.0,0.0
Jordan Taylor,,,WR,3000,DEN,OAK,20.5,DEN by 1,6%,6%,4%,0.0,0.0,0.0,0.0,0.0,0.0,0.0,0.0,0.0,0.0,3.0,2.2,1.2,0.6,7.6,2,3.6,4.1,4.1,0.8,7.3,2.2,0.7,0.0,0.0
Andre Holmes,,Q,WR,3000,OAK,@DEN,19.5,DEN by 1,-21%,24%,-37%,0.0,0.0,0.0,0.0,0.0,0.0,0.0,0.0,0.0,0.0,2.3,1.8,2.4,0.6,5.3,4,5.2,3.4,3.4,-0.5,7.4,3.5,1.2,0.0,0.0
Cody Latimer,,,WR,3000,DEN,OAK,20.5,DEN by 1,6%,6%,4%,0.0,0.0,0.0,0.0,0.0,0.0,0.0,0.0,0.0,0.0,1.3,1.3,1.2,0.1,4.8,2,0.9,1.2,1.2,-0.1,2.6,1.7,0.6,0.0,0.0
Kalif Raymond,,,WR,3000,DEN,OAK,20.5,DEN by 1,6%,6%,4%,0.0,0.0,0.0,0.0,0.0,0.0,0.0,0.0,0.0,0.0,0.3,0.3,0.0,0.0,0.0,0,-0.3,-0.3,-0.3,-0.9,0.2,0.0,0.0,0.0,0.0
Seth Roberts,,,WR,3000,OAK,@DEN,19.5,DEN by 1,-21%,24%,-37%,0.0,0.0,0.0,0.0,0.0,0.0,0.0,0.0,0.0,0.0,5.0,4.9,3.6,1.3,5.0,6,2.6,7.1,7.1,2.6,11.5,5.4,1.8,0.0,0.0
Johnny Holton,,,WR,3000,OAK,@DEN,19.5,DEN by 1,-21%,24%,-37%,0.0,0.0,0.0,0.0,0.0,1.0,1.0,0.0,0.0,8.6,0.3,0.4,0.0,0.0,17.0,0,2.2,1.9,1.9,0.3,3.6,0.0,0.0,0.0,0.0
Anthony Sherman,,,RB,3000,KC,@SD,24.5,KC by 4.5,3%,-10%,13%,0.0,0.0,0.0,0.0,0.0,0.0,0.0,0.0,0.0,0.0,0.7,0.8,0.3,0.0,1.8,0,0.5,0.7,0.7,-0.1,1.4,0.0,0.0,0.0,0.0
Knile Davis,,,RB,3000,KC,@SD,24.5,KC by 4.5,3%,-10%,13%,0.0,0.0,0.0,0.0,0.0,1.0,1.5,0.0,0.3,1.6,0.0,0.8,0.0,0.0,4.2,0,0.2,1.2,1.2,-0.3,2.6,0.0,0.0,0.0,0.0
Derek Watt,,,RB,3000,SD,KC,20.0,KC by 4.5,0%,11%,-3%,0.0,0.0,0.0,0.0,0.0,0.3,0.3,0.0,0.0,2.0,0.7,0.7,0.0,0.0,20.8,0,3.0,2.1,2.1,-0.1,4.4,0.0,0.0,0.0,0.0
Albert Wilson,,,WR,3000,KC,@SD,24.5,KC by 4.5,3%,-10%,-9%,0.0,0.0,0.0,0.0,0.0,0.0,0.2,0.0,0.1,25.0,1.0,3.8,1.7,0.5,4.7,3,0.4,5.9,5.9,-0.2,12.0,2.9,1.0,0.0,0.0
Geremy Davis,,,WR,3000,SD,KC,20.0,KC by 4.5,0%,11%,8%,0.0,0.0,0.0,0.0,0.0,0.0,0.0,0.0,0.0,0.0,0.5,0.5,0.0,0.5,0.0,0,0.0,0.0,0.0,0.0,0.0,0.0,0.0,0.0,0.0
Isaiah Burse,,,WR,3000,SD,KC,20.0,KC by 4.5,0%,11%,8%,0.0,0.0,0.0,0.0,0.0,0.0,0.0,0.0,0.0,0.0,0.0,0.1,0.0,0.0,0.0,0,0.0,0.0,0.0,0.0,0.0,0.0,0.0,0.0,0.0
Chris Conley,,,WR,3000,KC,@SD,24.5,KC by 4.5,3%,-10%,-9%,0.0,0.0,0.0,0.0,0.0,0.0,0.0,0.0,0.0,0.0,3.0,4.3,4.5,0.8,7.4,7,5.2,5.8,5.8,2.6,9.1,6.5,2.2,0.0,0.0
Jeremy Butler,,Q,WR,3000,SD,KC,20.0,KC by 4.5,0%,11%,8%,0.0,0.0,0.0,0.0,0.0,0.0,0.0,0.0,0.0,0.0,1.0,1.0,0.6,0.5,5.5,1,1.6,1.6,1.6,1.5,1.6,1.4,0.5,0.0,0.0
De'Anthony Thomas,,,WR,3000,KC,@SD,24.5,KC by 4.5,3%,-10%,-9%,0.0,0.0,0.0,0.0,0.0,0.7,0.4,0.0,0.1,7.3,1.0,1.0,0.0,0.0,3.9,0,1.7,1.5,1.5,0.2,2.8,0.0,0.0,0.0,0.0
Demarcus Robinson,,,WR,3000,KC,@SD,24.5,KC by 4.5,3%,-10%,-9%,0.0,0.0,0.0,0.0,0.0,0.0,0.0,0.0,0.0,0.0,0.0,0.0,0.0,0.0,0.0,0,0.0,0.0,0.0,0.0,0.0,0.0,0.0,0.0,0.0
Marcel Reece,,,RB,3000,SEA,@SF,27.5,SEA by 11,-3%,57%,45%,0.0,0.0,0.0,0.0,0.0,0.3,0.3,1.7,0.3,0.0,1.0,1.0,1.3,0.0,15.7,5,3.2,3.2,3.2,1.0,5.5,3.5,1.2,0.0,0.0
Terrence Magee,,,RB,3000,SEA,@SF,27.5,SEA by 11,-3%,57%,45%,0.0,0.0,0.0,0.0,0.0,3.0,3.0,0.0,0.0,4.0,0.0,0.0,0.0,0.0,0.0,0,1.2,1.2,1.2,1.2,1.2,0.0,0.0,0.0,0.0
J.D. McKissic,,,RB,3000,SEA,@SF,27.5,SEA by 11,-3%,57%,45%,0.0,0.0,0.0,0.0,0.0,0.0,0.0,0.0,0.0,0.0,0.0,0.0,0.0,0.0,0.0,0,0.0,0.0,0.0,0.0,0.0,0.0,0.0,0.0,0.0
Rod Streater,,,WR,3000,SF,SEA,16.5,SEA by 11,-5%,-13%,2%,0.0,0.0,0.0,0.0,0.0,0.0,0.0,0.0,0.0,0.0,3.7,2.2,2.6,0.3,7.2,5,9.7,4.0,4.0,-1.5,9.4,5.0,1.7,0.0,0.0
Tanner McEvoy,,,WR,3000,SEA,@SF,27.5,SEA by 11,-3%,57%,5%,0.3,0.1,0.0,0.0,43.0,0.0,0.0,0.0,0.0,0.0,1.7,1.3,1.5,0.0,13.8,2,5.7,4.7,4.7,-0.4,9.9,2.4,0.8,0.0,0.0
Chris Harper,,,WR,3000,SF,SEA,16.5,SEA by 11,-5%,-13%,2%,0.0,0.0,0.0,0.0,0.0,0.0,0.0,0.0,0.0,0.0,3.0,2.6,4.1,0.0,6.0,7,2.8,3.0,3.0,0.6,5.3,4.5,1.5,0.0,0.0
Aaron Burbridge,,,WR,3000,SF,SEA,16.5,SEA by 11,-5%,-13%,2%,0.0,0.0,0.0,0.0,0.0,0.0,0.0,0.0,0.0,0.0,2.3,2.0,2.6,0.3,4.6,5,2.8,1.6,1.6,-0.3,3.6,4.7,1.6,0.0,0.0
DeAndre Smelter,,,WR,3000,SF,SEA,16.5,SEA by 11,-5%,-13%,2%,0.0,0.0,0.0,0.0,0.0,0.0,0.0,0.0,0.0,0.0,0.0,0.0,1.5,0.0,0.0,3,0.0,0.0,0.0,0.0,0.0,2.6,0.9,0.0,0.0
Ryan Griffin,,,TE,2900,HOU,@TEN,18.3,TEN by 3,12%,-16%,-4%,0.0,0.0,0.0,0.0,0.0,0.0,0.0,0.0,0.0,0.0,4.0,4.7,4.0,0.3,6.2,7,6.9,6.8,6.8,2.2,11.4,5.5,1.9,0.0,0.0
Gary Barnidge,1,,TE,2900,CLE,@PIT,19.0,PIT by 3.5,2%,-16%,1%,0.0,0.0,0.0,0.0,0.0,0.0,0.0,0.0,0.0,0.0,4.7,5.1,5.4,0.3,7.5,10,6.8,7.7,7.7,3.4,12.0,9.3,3.2,0.0,0.0
Will Tye,,,TE,2800,NYG,@WAS,19.5,WAS by 7.5,9%,7%,28%,0.0,0.0,0.0,0.0,0.0,0.0,0.0,0.0,0.0,0.0,4.7,4.3,4.3,0.5,5.4,7,5.9,5.7,5.7,3.3,8.0,7.3,2.6,0.0,0.0
Gavin Escobar,,,TE,2800,DAL,@PHI,18.8,PHI by 6.5,1%,-3%,-44%,0.0,0.0,0.0,0.0,0.0,0.0,0.0,0.0,0.0,0.0,2.0,2.0,1.1,1.0,5.8,2,5.7,5.7,5.7,3.5,7.8,1.5,0.5,0.0,0.0
Brandon Myers,5,,TE,2700,TB,CAR,24.0,TB by 3,13%,-17%,31%,0.0,0.0,0.0,0.0,0.0,0.0,0.0,0.0,0.0,0.0,2.7,1.8,2.9,0.6,4.2,5,2.0,2.6,2.6,0.4,4.8,5.5,2.0,0.0,0.0
Erik Swoope,,,TE,2700,IND,JAX,26.5,IND by 5.5,-14%,-2%,-13%,0.0,0.0,0.0,0.0,0.0,0.0,0.0,0.0,0.0,0.0,2.3,2.6,0.0,0.1,13.1,0,7.7,5.9,5.9,2.3,9.6,0.0,0.0,0.0,0.0
Hunter Henry,,,TE,2700,SD,KC,20.0,KC by 4.5,0%,11%,-31%,0.0,0.0,0.0,0.0,0.0,0.0,0.0,0.0,0.0,0.0,3.3,4.0,3.5,1.3,9.1,6,8.1,9.7,9.7,3.7,15.8,6.7,2.5,0.0,0.0
Garrett Celek,,,TE,2700,SF,SEA,16.5,SEA by 11,-5%,-13%,-23%,0.0,0.0,0.0,0.0,0.0,0.0,0.0,0.0,0.0,0.0,4.7,4.2,3.0,0.3,6.8,5,6.5,6.1,6.1,1.8,10.3,5.5,2.0,0.0,0.0
Lance Kendricks,,,TE,2700,LA,ARI,16.3,ARI by 7.5,-7%,-10%,-48%,0.0,0.0,0.0,0.0,0.0,0.0,0.0,0.0,0.0,0.0,3.7,5.6,5.1,0.5,5.8,9,3.5,7.2,7.2,1.7,12.7,8.4,3.1,0.0,0.0
Dwayne Allen,,,TE,2600,IND,JAX,26.5,IND by 5.5,-14%,-2%,-13%,0.0,0.0,0.0,0.0,0.0,0.0,0.0,0.0,0.0,0.0,2.7,3.8,4.1,0.6,7.6,7,2.8,7.8,7.8,-0.8,16.4,6.9,2.7,0.0,0.0
Jermaine Gresham,2,,TE,2600,ARI,@LA,23.8,ARI by 7.5,-5%,-4%,-23%,0.0,0.0,0.0,0.0,0.0,0.0,0.0,0.0,0.0,0.0,5.3,3.9,5.5,0.4,6.6,9,7.6,5.9,5.9,1.3,10.4,8.6,3.3,0.0,0.0
John Phillips,,,TE,2500,NO,@ATL,25.0,ATL by 7.5,8%,-6%,25%,0.0,0.0,0.0,0.0,0.0,0.0,0.0,0.0,0.0,0.0,1.3,1.9,2.5,0.1,5.5,4,2.4,3.3,3.3,0.2,6.5,3.9,1.6,0.0,0.0
Levine Toilolo,,,TE,2500,ATL,NO,32.5,ATL by 7.5,11%,-9%,-5%,0.0,0.0,0.0,0.0,0.0,0.0,0.0,0.0,0.0,0.0,1.0,1.3,4.0,0.1,15.4,6,3.0,4.0,4.0,-0.6,8.7,6.1,2.4,0.0,0.0
D.J. Tialavea,,,TE,2500,ATL,NO,32.5,ATL by 7.5,11%,-9%,-5%,0.0,0.0,0.0,0.0,0.0,0.0,0.0,0.0,0.0,0.0,1.0,1.0,0.0,1.0,1.0,0,7.1,7.1,7.1,7.1,7.1,0.0,0.0,0.0,0.0
Joshua Perkins,,,TE,2500,ATL,NO,32.5,ATL by 7.5,11%,-9%,-5%,0.0,0.0,0.0,0.0,0.0,0.0,0.0,0.0,0.0,0.0,1.7,1.7,1.0,0.7,8.4,2,4.4,4.4,4.4,-1.7,10.5,2.0,0.8,0.0,0.0
Austin Hooper,,O,TE,2500,ATL,NO,32.5,ATL by 7.5,11%,-9%,-5%,0.0,0.0,0.0,0.0,0.0,0.0,0.0,0.0,0.0,0.0,1.7,2.5,0.0,0.5,10.0,0,3.1,5.8,5.8,1.0,10.7,0.0,0.0,0.0,0.0
Ryan Hewitt,,,TE,2500,CIN,BAL,20.0,BAL by 1,-3%,-22%,-10%,0.0,0.0,0.0,0.0,0.0,0.0,0.0,0.0,0.0,0.0,1.5,1.5,0.0,0.0,4.3,0,1.6,1.6,1.6,1.4,1.9,0.0,0.0,0.0,0.0
Crockett Gillmore,,,TE,2500,BAL,@CIN,21.0,BAL by 1,-4%,7%,28%,0.0,0.0,0.0,0.0,0.0,0.0,0.0,0.0,0.0,0.0,3.3,2.8,2.2,0.4,5.1,3,5.5,4.2,4.2,-0.8,9.2,3.8,1.5,0.0,0.0
Tyler Kroft,,D,TE,2500,CIN,BAL,20.0,BAL by 1,-3%,-22%,-10%,0.0,0.0,0.0,0.0,0.0,0.0,0.0,0.0,0.0,0.0,1.0,2.0,2.0,0.2,7.7,4,1.0,3.2,3.2,0.6,5.8,4.2,1.7,0.0,0.0
C.J. Uzomah,0,,TE,2500,CIN,BAL,20.0,BAL by 1,-3%,-22%,-10%,0.0,0.0,0.0,0.0,0.0,0.0,0.0,0.0,0.0,0.0,4.3,5.0,4.1,0.6,6.3,7,6.2,6.3,6.3,3.5,9.1,8.5,3.4,0.0,0.0
Darren Waller,,,TE,2500,BAL,@CIN,21.0,BAL by 1,-4%,7%,28%,0.0,0.0,0.0,0.0,0.0,0.0,0.0,0.0,0.0,0.0,2.3,2.3,0.0,1.0,5.3,0,3.8,4.4,4.4,1.5,7.2,0.0,0.0,0.0,0.0
Nick Boyle,,,TE,2500,BAL,@CIN,21.0,BAL by 1,-4%,7%,28%,0.0,0.0,0.0,0.0,0.0,0.0,0.0,0.0,0.0,0.0,2.0,2.0,0.0,0.3,7.3,0,3.5,3.5,3.5,1.8,5.2,0.0,0.0,0.0,0.0
Larry Donnell,,,TE,2500,NYG,@WAS,19.5,WAS by 7.5,9%,7%,28%,0.0,0.0,0.0,0.0,0.0,0.0,0.0,0.0,0.0,0.0,3.7,3.7,0.0,0.5,4.2,0,3.4,4.9,4.9,0.9,8.8,0.0,0.0,0.0,0.0
Derek Carrier,,,TE,2500,WAS,NYG,27.0,WAS by 7.5,3%,-16%,5%,0.0,0.0,0.0,0.0,0.0,0.0,0.0,0.0,0.0,0.0,1.0,1.0,0.6,0.0,5.0,1,1.5,1.5,1.5,1.4,1.6,0.0,0.0,0.0,0.0
Jerell Adams,,Q,TE,2500,NYG,@WAS,19.5,WAS by 7.5,9%,7%,28%,0.0,0.0,0.0,0.0,0.0,0.0,0.0,0.0,0.0,0.0,2.3,2.3,1.3,0.1,5.8,2,3.3,3.8,3.8,0.6,7.0,2.1,0.8,0.0,0.0
Anthony Fasano,,,TE,2500,TEN,HOU,21.3,TEN by 3,-15%,-9%,-29%,0.0,0.0,0.0,0.0,0.0,0.0,0.0,0.0,0.0,0.0,1.3,1.4,0.5,0.2,5.9,1,1.6,2.8,2.8,-0.1,5.8,0.0,0.0,0.0,0.0
Jace Amaro,,,TE,2500,TEN,HOU,21.3,TEN by 3,-15%,-9%,-29%,0.0,0.0,0.0,0.0,0.0,0.0,0.0,0.0,0.0,0.0,4.0,4.0,0.0,0.0,14.8,0,8.9,8.9,8.9,8.9,8.9,0.0,0.0,0.0,0.0
Stephen Anderson,,,TE,2500,HOU,@TEN,18.3,TEN by 3,12%,-16%,-4%,0.0,0.0,0.0,0.0,0.0,0.0,0.0,0.0,0.0,0.0,1.7,1.9,1.2,0.3,6.2,2,2.0,3.3,3.3,0.9,5.7,1.9,0.8,0.0,0.0
Phillip Supernaw,,,TE,2500,TEN,HOU,21.3,TEN by 3,-15%,-9%,-29%,0.0,0.0,0.0,0.0,0.0,0.0,0.0,0.0,0.0,0.0,1.3,1.3,0.3,0.0,12.4,1,2.8,2.5,2.5,0.5,4.6,0.0,0.0,0.0,0.0
Ed Dickson,,,TE,2500,CAR,@TB,21.0,TB by 3,4%,7%,-6%,0.0,0.0,0.0,0.0,0.0,0.0,0.0,0.0,0.0,0.0,1.0,1.6,0.9,0.3,7.4,1,1.3,2.7,2.7,-0.7,6.1,1.3,0.5,0.0,0.0
Luke Stocker,0,,TE,2500,TB,CAR,24.0,TB by 3,13%,-17%,31%,0.0,0.0,0.0,0.0,0.0,0.0,0.0,0.0,0.0,0.0,1.0,1.4,1.9,0.0,3.1,3,0.4,1.2,1.2,0.0,2.5,3.4,1.4,0.0,0.0
Chris Manhertz,,,TE,2500,CAR,@TB,21.0,TB by 3,4%,7%,-6%,0.0,0.0,0.0,0.0,0.0,0.0,0.0,0.0,0.0,0.0,1.0,1.0,0.0,0.0,10.0,0,2.0,2.0,2.0,2.0,2.0,0.0,0.0,0.0,0.0
Alan Cross,,,TE,2500,TB,CAR,24.0,TB by 3,13%,-17%,31%,0.0,0.0,0.0,0.0,0.0,0.0,0.0,0.0,0.0,0.0,1.3,1.1,1.0,0.1,4.2,2,1.7,2.0,2.0,-0.3,4.3,1.8,0.7,0.0,0.0
Clay Harbor,,,TE,2500,DET,GB,23.5,GB by 3.5,11%,-11%,9%,0.0,0.0,0.0,0.0,0.0,0.0,0.0,0.0,0.0,0.0,1.5,1.5,0.0,0.0,6.3,0,2.5,2.5,2.5,0.8,4.1,0.0,0.0,0.0,0.0
Matthew Mulligan,,,TE,2500,DET,GB,23.5,GB by 3.5,11%,-11%,9%,0.0,0.0,0.0,0.0,0.0,0.0,0.0,0.0,0.0,0.0,1.0,1.0,0.0,0.0,8.0,0,1.8,1.8,1.8,1.8,1.8,0.0,0.0,0.0,0.0
Richard Rodgers,,,TE,2500,GB,@DET,27.0,GB by 3.5,0%,-5%,27%,0.0,0.0,0.0,0.0,0.0,0.0,0.0,0.0,0.0,0.0,1.7,3.3,2.1,0.4,5.6,3,4.6,4.8,4.8,1.1,8.4,3.8,1.5,0.0,0.0
Neal Sterling,,Q,TE,2500,JAX,@IND,21.0,IND by 5.5,7%,7%,13%,0.0,0.0,0.0,0.0,0.0,0.0,0.0,0.0,0.0,0.0,4.0,3.2,4.7,0.0,6.9,8,5.8,4.6,4.6,1.6,7.6,7.2,2.9,0.0,0.0
Alex Ellis,,,TE,2500,JAX,@IND,21.0,IND by 5.5,7%,7%,13%,0.0,0.0,0.0,0.0,0.0,0.0,0.0,0.0,0.0,0.0,1.3,1.3,0.0,0.0,2.8,0,1.4,1.4,1.4,-0.2,2.9,0.0,0.0,0.0,0.0
Ben Koyack,,,TE,2500,JAX,@IND,21.0,IND by 5.5,7%,7%,13%,0.0,0.0,0.0,0.0,0.0,0.0,0.0,0.0,0.0,0.0,2.0,2.5,2.2,0.0,6.8,4,2.8,3.7,3.7,0.7,6.7,3.3,1.3,0.0,0.0
MarQueis Gray,,,TE,2500,MIA,NE,19.5,NE by 8,0%,-18%,-8%,0.0,0.0,0.0,0.0,0.0,0.0,0.0,0.0,0.0,0.0,2.0,2.1,1.3,0.3,10.2,2,4.0,3.9,3.9,0.6,7.3,2.6,1.0,0.0,0.0
Matt Lengel,,,TE,2500,NE,@MIA,27.5,NE by 8,-1%,30%,16%,0.0,0.0,0.0,0.0,0.0,0.0,0.0,0.0,0.0,0.0,1.0,1.0,0.7,1.0,18.0,1,8.8,8.8,8.8,8.8,8.8,1.2,0.5,0.0,0.0
Dion Sims,,,TE,2500,MIA,NE,19.5,NE by 8,0%,-18%,-8%,0.0,0.0,0.0,0.0,0.0,0.0,0.0,0.0,0.0,0.0,3.0,2.8,3.6,0.6,7.5,7,10.3,6.3,6.3,0.4,12.2,5.8,2.3,0.0,0.0
Dominique Jones,,,TE,2500,MIA,NE,19.5,NE by 8,0%,-18%,-8%,0.0,0.0,0.0,0.0,0.0,0.0,0.0,0.0,0.0,0.0,2.0,2.0,0.0,0.2,6.1,0,5.0,3.8,3.8,-1.5,9.1,0.0,0.0,0.0,0.0
Thomas Duarte,,,TE,2500,MIA,NE,19.5,NE by 8,0%,-18%,-8%,0.0,0.0,0.0,0.0,0.0,0.0,0.0,0.0,0.0,0.0,0.0,0.0,0.0,0.0,0.0,0,0.0,0.0,0.0,0.0,0.0,0.0,0.0,0.0,0.0
Logan Paulsen,,,TE,2500,CHI,@MIN,18.5,MIN by 6.5,-9%,-6%,-4%,0.0,0.0,0.0,0.0,0.0,0.0,0.0,0.0,0.0,0.0,1.0,1.4,0.0,0.1,1.5,0,0.0,0.6,0.6,-0.5,1.8,0.0,0.0,0.0,0.0
Rhett Ellison,,,TE,2500,MIN,CHI,25.0,MIN by 6.5,-7%,12%,-20%,0.0,0.0,0.0,0.0,0.0,0.0,0.1,0.0,0.1,1.0,1.3,1.6,0.9,0.4,4.1,1,0.9,2.3,2.3,0.1,4.5,1.7,0.7,0.0,0.0
MyCole Pruitt,,,TE,2500,CHI,@MIN,18.5,MIN by 6.5,-9%,-6%,-4%,0.0,0.0,0.0,0.0,0.0,0.0,0.0,0.0,0.0,0.0,1.0,1.0,0.0,0.0,7.0,0,1.7,1.7,1.7,1.7,1.7,0.0,0.0,0.0,0.0
Daniel Brown,,,TE,2500,CHI,@MIN,18.5,MIN by 6.5,-9%,-6%,-4%,0.0,0.0,0.0,0.0,0.0,0.0,0.0,0.0,0.0,0.0,4.0,3.6,3.7,1.0,5.9,6,5.3,6.1,6.1,1.8,10.5,4.6,1.8,0.0,0.0
David Morgan,,,TE,2500,MIN,CHI,25.0,MIN by 6.5,-7%,12%,-20%,0.0,0.0,0.0,0.0,0.0,0.0,0.0,0.0,0.0,0.0,0.5,0.5,0.0,0.0,4.0,0,0.7,0.7,0.7,-0.3,1.7,0.0,0.0,0.0,0.0
Ben Braunecker,,,TE,2500,CHI,@MIN,18.5,MIN by 6.5,-9%,-6%,-4%,0.0,0.0,0.0,0.0,0.0,0.0,0.0,0.0,0.0,0.0,2.0,2.0,0.7,0.7,6.8,1,2.7,2.7,2.7,1.6,3.8,1.1,0.4,0.0,0.0
Logan Thomas,,Q,TE,2500,BUF,@NYJ,23.8,BUF by 4,1%,-8%,16%,0.0,0.0,0.0,0.0,0.0,0.0,0.0,0.0,0.0,0.0,0.0,0.0,0.0,0.0,0.0,0,0.0,0.0,0.0,0.0,0.0,0.0,0.0,0.0,0.0
Brandon Bostick,,,TE,2500,NYJ,BUF,19.8,BUF by 4,-6%,23%,-16%,0.0,0.0,0.0,0.0,0.0,0.0,0.0,0.0,0.0,0.0,1.3,1.3,1.5,0.0,5.6,3,2.0,1.6,1.6,0.1,3.1,2.4,1.0,0.0,0.0
Gerald Christian,,,TE,2500,BUF,@NYJ,23.8,BUF by 4,1%,-8%,16%,0.0,0.0,0.0,0.0,0.0,0.0,0.0,0.0,0.0,0.0,2.0,2.0,0.0,0.0,7.0,0,2.4,2.4,2.4,2.4,2.4,0.0,0.0,0.0,0.0
Eric Tomlinson,,,TE,2500,NYJ,BUF,19.8,BUF by 4,-6%,23%,-16%,0.0,0.0,0.0,0.0,0.0,0.0,0.0,0.0,0.0,0.0,0.0,0.0,0.0,0.0,0.0,0,0.0,0.0,0.0,0.0,0.0,0.0,0.0,0.0,0.0
Austin Seferian-Jenkins,,O,TE,2500,NYJ,BUF,19.8,BUF by 4,-6%,23%,-16%,0.0,0.0,0.0,0.0,0.0,0.0,0.0,0.0,0.0,0.0,2.3,2.2,0.0,0.2,7.7,0,3.5,3.8,3.8,0.8,6.8,0.0,0.0,0.0,0.0
Nick O'Leary,,,TE,2500,BUF,@NYJ,23.8,BUF by 4,1%,-8%,16%,0.0,0.0,0.0,0.0,0.0,0.0,0.0,0.0,0.0,0.0,1.7,1.4,1.0,0.1,8.1,2,1.3,2.2,2.2,0.4,4.1,1.7,0.7,0.0,0.0
Brent Celek,,,TE,2500,PHI,DAL,25.3,PHI by 6.5,7%,-26%,26%,0.0,0.0,0.0,0.0,0.0,0.0,0.0,0.0,0.0,0.0,2.3,1.9,0.8,0.2,8.6,1,3.3,3.1,3.1,0.3,5.8,1.4,0.6,0.0,0.0
Trey Burton,,,TE,2500,PHI,DAL,25.3,PHI by 6.5,7%,-26%,26%,0.0,0.0,0.0,0.0,0.0,0.0,0.0,0.0,0.0,0.0,5.7,4.2,1.2,0.5,5.3,2,5.7,5.1,5.1,0.0,10.3,2.2,0.9,0.0,0.0
David Johnson,,,TE,2500,PIT,CLE,22.5,PIT by 3.5,1%,36%,48%,0.0,0.0,0.0,0.0,0.0,0.0,0.0,0.0,0.0,0.0,1.0,1.0,0.0,0.1,7.3,0,1.6,1.5,1.5,0.4,2.7,0.0,0.0,0.0,0.0
Xavier Grimble,,Q,TE,2500,PIT,CLE,22.5,PIT by 3.5,1%,36%,48%,0.0,0.0,0.0,0.0,0.0,0.0,0.0,0.0,0.0,0.0,1.7,2.6,4.1,0.1,5.6,6,4.2,4.4,4.4,0.9,7.8,6.9,2.8,0.0,0.0
Randall Telfer,,,TE,2500,CLE,@PIT,19.0,PIT by 3.5,2%,-16%,1%,0.0,0.0,0.0,0.0,0.0,0.0,0.0,0.0,0.0,0.0,1.3,1.3,1.0,0.0,0.8,2,0.8,0.6,0.6,-0.2,1.4,1.6,0.6,0.0,0.0
Seth DeValve,,,TE,2500,CLE,@PIT,19.0,PIT by 3.5,2%,-16%,1%,0.0,0.0,0.0,0.0,0.0,0.0,0.0,0.0,0.0,0.0,1.3,1.7,1.5,0.1,9.6,3,2.3,3.8,3.8,0.6,6.9,2.3,0.9,0.0,0.0
Danny Vitale,,,TE,2500,CLE,@PIT,19.0,PIT by 3.5,2%,-16%,1%,0.0,0.0,0.0,0.0,0.0,0.0,0.0,0.0,0.0,0.0,1.0,1.0,0.3,0.3,7.0,1,1.7,1.4,1.4,0.1,2.8,0.0,0.0,0.0,0.0
Darren Fells,,,TE,2500,ARI,@LA,23.8,ARI by 7.5,-5%,-4%,-23%,0.0,0.0,0.0,0.0,0.0,0.0,0.0,0.0,0.0,0.0,1.7,2.0,1.0,0.4,7.3,2,2.1,3.1,3.1,1.4,4.8,1.8,0.7,0.0,0.0
Tyler Higbee,,,TE,2500,LA,ARI,16.3,ARI by 7.5,-7%,-10%,-48%,0.0,0.0,0.0,0.0,0.0,0.0,0.0,0.0,0.0,0.0,2.3,2.6,0.6,0.4,2.9,1,4.3,2.3,2.3,-0.2,4.8,0.0,0.0,0.0,0.0
Temarrick Hemingway,,,TE,2500,LA,ARI,16.3,ARI by 7.5,-7%,-10%,-48%,0.0,0.0,0.0,0.0,0.0,0.0,0.0,0.0,0.0,0.0,0.0,0.0,0.0,0.0,0.0,0,0.0,0.0,0.0,0.0,0.0,0.0,0.0,0.0,0.0
Hakeem Valles,,,TE,2500,ARI,@LA,23.8,ARI by 7.5,-5%,-4%,-23%,0.0,0.0,0.0,0.0,0.0,0.0,0.0,0.0,0.0,0.0,1.0,1.0,0.0,0.5,0.0,0,0.0,0.0,0.0,0.0,0.0,0.0,0.0,0.0,0.0
Virgil Green,,,TE,2500,DEN,OAK,20.5,DEN by 1,6%,6%,12%,0.0,0.0,0.0,0.0,0.0,0.0,0.0,0.0,0.0,0.0,1.7,3.7,2.1,0.3,6.7,3,0.6,4.6,4.6,1.2,7.9,4.1,1.6,0.0,0.0
Mychal Rivera,,,TE,2500,OAK,@DEN,19.5,DEN by 1,-21%,24%,10%,0.0,0.0,0.0,0.0,0.0,0.0,0.0,0.0,0.0,0.0,4.0,2.4,0.9,0.4,8.3,1,5.6,4.5,4.5,0.6,8.3,1.4,0.6,0.0,0.0
A.J. Derby,,O,TE,2500,DEN,OAK,20.5,DEN by 1,6%,6%,12%,0.0,0.0,0.0,0.0,0.0,0.0,0.0,0.0,0.0,0.0,4.0,3.3,0.0,0.0,8.0,0,6.2,5.2,5.2,1.2,9.1,0.0,0.0,0.0,0.0
Clive Walford,,,TE,2500,OAK,@DEN,19.5,DEN by 1,-21%,24%,10%,0.0,0.0,0.0,0.0,0.0,0.0,0.0,0.0,0.0,0.0,2.7,3.5,3.1,0.6,7.0,5,5.5,6.0,6.0,1.6,10.4,4.1,1.6,0.0,0.0
Jeff Heuerman,,,TE,2500,DEN,OAK,20.5,DEN by 1,6%,6%,12%,0.0,0.0,0.0,0.0,0.0,0.0,0.0,0.0,0.0,0.0,3.7,2.6,2.1,0.0,9.2,3,4.1,3.8,3.8,1.3,6.3,3.5,1.4,0.0,0.0
Henry Krieger-Coble,,,TE,2500,DEN,OAK,20.5,DEN by 1,6%,6%,12%,0.0,0.0,0.0,0.0,0.0,0.0,0.0,0.0,0.0,0.0,1.0,1.0,0.0,0.0,13.0,0,2.3,2.3,2.3,2.3,2.3,0.0,0.0,0.0,0.0
Sean McGrath,,,TE,2500,SD,KC,20.0,KC by 4.5,0%,11%,-31%,0.0,0.0,0.0,0.0,0.0,0.0,0.0,0.0,0.0,0.0,0.3,0.5,0.0,0.0,12.5,0,0.7,1.1,1.1,-0.2,2.4,0.0,0.0,0.0,0.0
James O'Shaughnessy,,,TE,2500,KC,@SD,24.5,KC by 4.5,3%,-10%,-3%,0.0,0.0,0.0,0.0,0.0,0.0,0.0,0.0,0.0,0.0,1.0,1.0,0.4,0.0,-0.3,1,0.6,0.6,0.6,0.1,1.2,0.0,0.0,0.0,0.0
Asante Cleveland,,,TE,2500,SD,KC,20.0,KC by 4.5,0%,11%,-31%,0.0,0.0,0.0,0.0,0.0,0.0,0.0,0.0,0.0,0.0,0.0,0.0,0.0,0.0,0.0,0,0.0,0.0,0.0,0.0,0.0,0.0,0.0,0.0,0.0
Ross Travis,,,TE,2500,KC,@SD,24.5,KC by 4.5,3%,-10%,-3%,0.0,0.0,0.0,0.0,0.0,0.0,0.0,0.0,0.0,0.0,1.7,1.5,0.0,0.5,2.5,0,1.5,1.1,1.1,-0.3,2.6,0.0,0.0,0.0,0.0
Demetrius Harris,,,TE,2500,KC,@SD,24.5,KC by 4.5,3%,-10%,-3%,0.0,0.0,0.0,0.0,0.0,0.0,0.0,0.0,0.0,0.0,3.7,2.5,1.1,0.3,4.1,2,6.4,3.6,3.6,-1.0,8.2,1.4,0.6,0.0,0.0
Jim Dray,,,TE,2500,SF,SEA,16.5,SEA by 11,-5%,-13%,-23%,0.0,0.0,0.0,0.0,0.0,0.0,0.0,0.0,0.0,0.0,0.0,0.0,0.0,0.0,0.0,0,0.0,0.0,0.0,0.0,0.0,0.0,0.0,0.0,0.0
Luke Willson,,,TE,2500,SEA,@SF,27.5,SEA by 11,-3%,57%,-6%,0.0,0.0,0.0,0.0,0.0,0.0,0.0,0.0,0.0,0.0,1.7,2.0,0.9,0.2,5.7,1,5.0,3.1,3.1,0.0,6.3,1.4,0.6,0.0,0.0
Brandon Williams,,,TE,2500,SEA,@SF,27.5,SEA by 11,-3%,57%,-6%,0.0,0.0,0.0,0.0,0.0,0.0,0.0,0.0,0.0,0.0,2.0,2.0,0.0,0.0,8.0,0,2.6,2.6,2.6,2.6,2.6,0.0,0.0,0.0,0.0
Je'Ron Hamm,,,TE,2500,SF,SEA,16.5,SEA by 11,-5%,-13%,-23%,0.0,0.0,0.0,0.0,0.0,0.0,0.0,0.0,0.0,0.0,4.0,4.0,2.7,1.0,3.3,5,3.3,3.3,3.3,3.3,3.3,3.7,1.5,0.0,0.0
Nick Vannett,,,TE,2500,SEA,@SF,27.5,SEA by 11,-3%,57%,-6%,0.0,0.0,0.0,0.0,0.0,0.0,0.0,0.0,0.0,0.0,1.3,1.3,0.0,0.0,8.0,0,2.1,2.1,2.1,-0.2,4.3,0.0,0.0,0.0,0.0
