Player Name,Likes,Pos,Salary,Team,Opp,RS,Pitcher Name,Pitcher wOBA,Pitcher wOBA Diff,Pitcher Handedness,Hitter Handedness,Hitter wOBA,Hitter wOBA Diff,Hitter ISO,Hitter ISO Diff,Batting Order (Confirmed),Batting Order (Projected),Batting Order Diff,Park Factor,Temperature Factor,Wind Factor,L10 FP,L80 FP,S FP,Floor FP,Ceil FP,Proj FP,Proj Val,Actual FP,Actual Val
Aaron Judge,5,OF,5600,NYY,MIL,5.42,Suter,,2%,L,R,0.431,3%,0.314,8%,2,2,0,0%,4%,9%,12.3,12.3,12.3,2.4,22.1,11.5,2.1,5.0,0.9
Bryce Harper,5,OF,5500,WAS,ATL,5.49,Teheran,0.340,4%,R,L,0.422,7%,0.285,16%,2,3,1,-2%,3%,0%,11.0,10.8,10.8,1.2,20.5,11.8,2.1,7.0,1.3
Paul Goldschmidt,4,1B,5500,ARI,CIN,5.10,Castillo,,-1%,R,R,0.399,-2%,0.235,0%,3,3,0,3%,0%,0%,6.5,11.2,11.3,3.2,19.5,9.7,1.8,5.0,0.9
George Springer,4,OF,5400,HOU,@TOR,4.27,Stroman,0.312,-2%,R,R,0.345,-6%,0.186,-13%,1,1,0,3%,1%,0%,19.0,11.2,11.2,1.0,21.4,9.3,1.7,9.0,1.7
Joey Votto,7,1B,5400,CIN,@ARI,4.40,Walker,0.310,-2%,R,L,0.427,3%,0.255,6%,3,3,0,8%,0%,0%,13.5,10.7,10.5,3.3,17.8,10.0,1.9,20.0,3.7
Charlie Blackmon,3,OF,5400,COL,CWS,5.67,Quintana,0.289,-7%,L,L,0.339,-7%,0.147,-26%,1,1,0,11%,4%,0%,10.2,11.1,10.7,2.2,19.3,9.6,1.8,13.0,2.4
Jose Ramirez,6,2B/3B,5300,CLE,DET,5.17,Verlander,0.288,-7%,R,S,0.326,1%,0.142,5%,5,5,0,4%,0%,-1%,13.7,10.0,10.0,0.8,19.2,8.3,1.6,7.0,1.3
Jake Lamb,5,3B,5300,ARI,CIN,5.10,Castillo,,1%,R,L,0.370,7%,0.237,7%,4,4,1,5%,0%,0%,9.2,10.1,10.0,1.8,18.1,9.5,1.8,3.0,0.6
Mookie Betts,3,OF,5100,BOS,@TB,4.61,Cobb,0.329,0%,R,R,0.367,1%,0.203,0%,1,1,0,-10%,0%,0%,14.0,10.1,9.8,-0.4,20.1,9.5,1.9,3.0,0.6
Jose Altuve,2,2B,5100,HOU,@TOR,4.27,Stroman,0.312,-2%,R,R,0.368,-2%,0.173,3%,x,x,-,0%,0%,0%,15.6,10.7,10.4,2.1,18.6,0.0,0.0,0.0,0.0
Edwin Encarnacion,2,1B,5100,CLE,DET,5.17,Verlander,0.294,-6%,R,R,0.378,0%,0.270,5%,4,4,0,2%,1%,-2%,8.9,8.6,8.7,-0.1,17.5,8.5,1.7,0.0,0.0
Jean Segura,4,SS,5000,SEA,OAK,5.55,Smith,,-1%,R,R,0.337,2%,0.136,3%,1,1,0,-5%,2%,0%,12.4,9.4,9.4,2.1,16.8,7.9,1.6,14.0,2.8
Gary Sanchez,2,C,5000,NYY,MIL,5.42,Suter,,2%,L,R,0.331,-1%,0.283,7%,3,3,0,0%,4%,9%,5.2,9.6,9.6,0.3,19.0,10.3,2.1,0.0,0.0
Nolan Arenado,9,3B,4900,COL,CWS,5.67,Quintana,0.314,-1%,L,R,0.382,1%,0.246,-8%,3,3,0,14%,4%,0%,9.0,9.4,9.5,0.9,18.1,11.3,2.3,16.0,3.3
Carlos Correa,4,SS,4900,HOU,@TOR,4.27,Stroman,0.312,-2%,R,R,0.367,1%,0.207,0%,3,4,1,2%,1%,0%,14.4,10.0,10.0,2.3,17.6,9.3,1.9,2.0,0.4
Carlos Gomez,6,OF,4900,TEX,LAA,5.68,Chavez,0.312,-2%,R,R,0.328,-1%,0.185,-2%,6,6,-1,2%,1%,0%,6.6,8.8,8.8,-0.2,17.8,7.9,1.6,4.0,0.8
Daniel Murphy,7,2B,4800,WAS,ATL,5.49,Teheran,0.340,4%,R,L,0.387,8%,0.230,25%,4,5,1,-1%,3%,0%,9.4,10.1,10.1,1.8,18.3,10.0,2.1,5.0,1.0
Anthony Rizzo,6,1B,4800,CHC,PIT,4.63,Nova,0.356,8%,R,L,0.387,2%,0.254,10%,3,3,0,-3%,2%,0%,9.9,9.8,9.5,1.8,17.3,10.1,2.1,0.0,0.0
Marcell Ozuna,2,OF,4800,MIA,@SF,3.83,Samardzija,0.292,-6%,R,R,0.325,-3%,0.175,-4%,4,4,0,-7%,-1%,0%,10.2,9.6,9.5,0.7,18.4,7.0,1.5,10.0,2.1
Adam Duvall,4,OF,4700,CIN,@ARI,4.40,Walker,0.320,0%,R,R,0.340,0%,0.266,3%,4,4,0,6%,0%,0%,12.6,9.5,9.5,1.0,18.0,8.8,1.9,0.0,0.0
Nelson Cruz,4,OF,4700,SEA,OAK,5.55,Smith,,-1%,R,R,0.368,-5%,0.233,-8%,4,4,0,-5%,2%,0%,9.2,8.9,8.9,1.1,16.7,8.0,1.7,0.0,0.0
Robinson Cano,5,2B,4700,SEA,OAK,5.55,Smith,,1%,R,L,0.371,7%,0.225,24%,3,3,0,-2%,2%,0%,10.1,8.8,8.8,-0.1,17.7,9.1,1.9,0.0,0.0
Justin Smoak,2,1B,4700,TOR,HOU,4.73,Fiers,0.294,-6%,R,S,0.340,4%,0.241,18%,4,4,0,2%,1%,0%,8.5,9.1,9.1,0.5,17.7,8.0,1.7,9.0,1.9
Andrew Benintendi,4,OF,4700,BOS,@TB,4.61,Cobb,0.299,-5%,R,L,0.372,6%,0.208,16%,6,6,-2,-4%,0%,0%,11.5,8.9,8.9,-0.4,18.1,7.9,1.7,2.0,0.4
Corey Seager,6,SS,4700,LAD,KC,5.08,Kennedy,0.319,0%,R,L,0.395,4%,0.217,5%,2,2,0,-2%,5%,3%,13.1,9.2,9.2,0.5,17.8,9.3,2.0,5.0,1.1
Mike Napoli,3,1B,4700,TEX,LAA,5.68,Chavez,0.312,-2%,R,R,0.307,-9%,0.205,-5%,8,8,-1,2%,1%,0%,8.5,7.1,7.1,-0.9,15.1,6.3,1.3,5.0,1.1
Kris Bryant,4,3B,4700,CHC,PIT,4.63,Nova,0.297,-5%,R,R,0.376,-2%,0.227,-5%,2,2,0,1%,2%,0%,10.2,9.4,9.4,0.3,18.5,8.7,1.9,2.0,0.4
Logan Morrison,5,1B,4600,TB,BOS,4.39,Porcello,0.314,-1%,R,L,0.344,5%,0.234,22%,4,4,0,0%,0%,0%,8.7,9.4,9.4,1.0,17.9,8.0,1.7,0.0,0.0
Andrew McCutchen,3,OF,4600,PIT,@CHC,3.37,Arrieta,0.255,-14%,R,R,0.353,-4%,0.187,-7%,3,3,0,6%,2%,0%,12.8,9.3,9.0,1.0,17.0,8.0,1.7,3.0,0.7
Brett Gardner,1,OF,4600,NYY,MIL,5.42,Suter,,-5%,L,L,0.308,-5%,0.122,-12%,1,1,0,2%,3%,8%,9.3,9.7,9.7,1.2,18.2,8.6,1.9,0.0,0.0
Giancarlo Stanton,1,OF,4600,MIA,@SF,3.83,Samardzija,0.292,-6%,R,R,0.353,-7%,0.256,-11%,2,2,0,-9%,-1%,0%,10.1,9.6,9.6,0.4,18.8,7.8,1.7,7.0,1.5
Miguel Sano,6,3B,4600,MIN,BAL,5.53,Miley,0.350,7%,L,R,0.369,2%,0.255,5%,3,3,0,2%,4%,0%,8.6,9.3,9.3,0.9,17.6,10.0,2.2,19.0,4.1
Jose Abreu,7,1B,4600,CWS,@COL,4.83,Hoffman,0.346,1%,R,R,0.357,-2%,0.199,-4%,3,3,0,31%,4%,0%,10.2,9.0,8.8,1.2,16.5,11.9,2.6,13.0,2.8
Adrian Beltre,5,3B,4600,TEX,LAA,5.68,Chavez,0.312,-2%,R,R,0.338,-8%,0.179,-10%,4,4,0,2%,1%,0%,8.8,9.0,9.0,1.9,16.1,7.8,1.7,16.0,3.5
Didi Gregorius,2,SS,4600,NYY,MIL,5.42,Suter,,-5%,L,L,0.289,-6%,0.086,-36%,4,4,0,3%,3%,9%,9.0,8.0,8.0,1.0,15.0,7.7,1.7,4.0,0.9
Ian Desmond,1,1B/OF,4600,COL,CWS,5.67,Quintana,0.314,-1%,L,R,0.340,7%,0.163,8%,x,x,-,0%,0%,0%,6.1,7.6,7.6,0.5,14.7,0.0,0.0,0.0,0.0
Max Kepler,,OF,4600,MIN,BAL,5.53,Miley,0.303,-4%,L,L,0.237,-15%,0.091,-34%,x,x,-,0%,0%,0%,11.2,7.8,7.8,0.1,15.6,0.0,0.0,0.0,0.0
Shin-soo Choo,5,OF,4500,TEX,LAA,5.68,Chavez,0.327,2%,R,L,0.364,7%,0.190,24%,1,1,0,1%,1%,0%,6.2,8.4,8.4,0.8,16.0,9.8,2.2,8.0,1.8
Mark Reynolds,5,1B,4500,COL,CWS,5.67,Quintana,0.314,-1%,L,R,0.300,-10%,0.149,-17%,4,4,0,12%,4%,0%,5.6,8.7,8.9,0.4,17.4,8.8,2.0,12.0,2.7
Justin Turner,6,3B,4500,LAD,KC,5.08,Kennedy,0.320,0%,R,R,0.391,5%,0.216,10%,3,3,0,-4%,5%,3%,10.8,9.4,9.4,2.6,16.1,9.2,2.0,4.0,0.9
Steven Souza Jr.,3,OF,4500,TB,BOS,4.39,Porcello,0.321,0%,R,R,0.335,2%,0.199,6%,5,5,-2,-4%,0%,0%,10.4,9.0,8.9,0.1,17.6,7.2,1.6,5.0,1.1
Khris Davis,4,OF,4500,OAK,@SEA,4.45,Moore,,-1%,R,R,0.361,2%,0.283,4%,x,x,-,0%,0%,0%,11.0,8.8,9.0,0.5,17.5,0.0,0.0,0.0,0.0
Justin Bour,3,1B,4500,MIA,@SF,3.83,Samardzija,0.328,2%,R,L,0.359,2%,0.240,5%,5,5,0,-7%,-1%,0%,7.1,8.9,8.9,0.3,17.6,7.6,1.7,14.0,3.1
Mike Trout,,OF,4500,LAA,@TEX,4.82,Ross,0.268,-11%,R,R,0.423,1%,0.288,6%,x,x,-,0%,0%,0%,12.1,12.5,12.5,5.4,19.6,0.0,0.0,0.0,0.0
Eric Hosmer,2,1B,4500,KC,@LAD,3.92,McCarthy,0.310,-2%,R,L,0.364,6%,0.184,17%,4,4,0,-4%,5%,3%,10.2,8.4,8.1,1.9,14.2,8.8,2.0,6.0,1.3
Brandon Belt,1,1B/OF,4500,SF,MIA,4.67,TBA,,%,,L,,%,,%,5,5,0,-4%,-1%,0%,10.3,8.4,8.3,1.0,15.7,7.5,1.7,16.0,3.6
A.J. Pollock,2,OF,4500,ARI,CIN,5.10,Castillo,,-1%,R,R,0.365,1%,0.173,-7%,x,x,-,0%,0%,0%,5.5,9.1,9.1,1.3,16.8,0.0,0.0,0.0,0.0
Starling Marte,,OF,4500,PIT,@CHC,3.37,Arrieta,0.255,-14%,R,R,0.351,0%,0.155,3%,x,x,-,0%,0%,0%,8.2,7.8,7.8,-1.9,17.4,0.0,0.0,0.0,0.0
Melky Cabrera,4,OF,4500,CWS,@COL,4.83,Hoffman,0.291,-2%,R,S,0.328,1%,0.137,-1%,2,2,0,28%,4%,0%,10.2,7.6,7.7,1.0,14.4,10.4,2.3,0.0,0.0
Scooter Gennett,5,2B/OF,4500,CIN,@ARI,4.40,Walker,0.310,-2%,R,L,0.333,7%,0.172,12%,5,2,-2,9%,0%,0%,12.3,10.1,10.1,-1.4,21.7,8.1,1.8,16.0,3.6
Trea Turner,,SS,4500,WAS,ATL,5.49,Teheran,0.264,-12%,R,R,0.377,7%,0.210,17%,x,x,-,0%,0%,0%,13.4,10.9,10.9,1.0,20.8,0.0,0.0,0.0,0.0
David Dahl,,OF,4500,COL,CWS,5.67,Quintana,0.289,-7%,L,L,0.320,-7%,0.063,-26%,x,x,-,0%,0%,0%,0.0,0.0,0.0,0.0,0.0,0.0,0.0,0.0,0.0
Ian Happ,5,2B/OF,4500,CHC,PIT,4.63,Nova,0.356,8%,R,S,0.367,4%,0.305,18%,4,4,0,-2%,2%,0%,9.0,9.1,9.1,0.1,18.1,8.1,1.8,14.0,3.1
Andrelton Simmons,2,SS,4400,LAA,@TEX,4.82,Ross,0.268,-11%,R,R,0.307,1%,0.097,-8%,6,6,-1,8%,1%,0%,8.0,7.6,7.6,1.2,14.1,6.6,1.5,11.0,2.5
Carlos Santana,3,1B,4400,CLE,DET,5.17,Verlander,0.288,-7%,R,S,0.356,2%,0.232,19%,7,7,0,4%,0%,-2%,9.1,7.5,7.8,0.6,15.0,7.5,1.7,16.0,3.6
Justin Upton,3,OF,4400,DET,@CLE,4.33,Clevinger,0.343,1%,R,R,0.351,-1%,0.230,1%,3,3,0,5%,1%,-2%,9.1,8.8,8.8,1.0,16.6,9.1,2.1,3.0,0.7
Josh Reddick,5,OF,4400,HOU,@TOR,4.27,Stroman,0.298,-5%,R,L,0.366,11%,0.192,23%,2,2,1,2%,1%,0%,18.4,9.6,9.6,1.5,17.6,9.6,2.2,3.0,0.7
Logan Forsythe,,2B/3B,4400,LAD,KC,5.08,Kennedy,0.320,0%,R,R,0.320,-4%,0.128,-21%,x,x,-,0%,0%,0%,10.1,7.0,7.0,0.3,13.6,0.0,0.0,0.0,0.0
Marwin Gonzalez,1,3B/OF,4400,HOU,@TOR,4.27,Stroman,0.298,-5%,R,S,0.329,-1%,0.166,-2%,5,9,1,2%,1%,0%,10.0,9.5,9.5,1.7,17.2,7.3,1.7,14.0,3.2
Joe Mauer,,1B,4300,MIN,BAL,5.53,Miley,0.303,-4%,L,L,0.310,-4%,0.096,-17%,x,x,-,0%,0%,0%,8.5,7.4,7.4,1.2,13.7,0.0,0.0,0.0,0.0
Nomar Mazara,6,OF,4300,TEX,LAA,5.68,Chavez,0.327,2%,R,L,0.337,5%,0.191,17%,3,3,0,2%,1%,0%,8.1,8.3,8.3,0.7,15.8,8.7,2.0,7.0,1.6
Mike Moustakas,2,3B,4300,KC,@LAD,3.92,McCarthy,0.310,-2%,R,L,0.357,6%,0.228,10%,6,6,0,-1%,6%,3%,12.3,9.1,9.1,1.3,16.8,8.9,2.1,0.0,0.0
Cameron Maybin,4,OF,4300,LAA,@TEX,4.82,Ross,0.268,-11%,R,R,0.326,2%,0.112,1%,1,1,0,8%,1%,0%,4.4,8.9,8.9,0.0,17.8,8.1,1.9,6.0,1.4
Buster Posey,4,1B/C,4300,SF,MIA,4.67,TBA,,%,,R,,%,,%,4,4,0,-5%,-1%,0%,6.2,8.3,8.3,1.8,14.8,7.7,1.8,7.0,1.6
Tommy Pham,,OF,4300,STL,NYM,4.97,Wheeler,0.321,2%,R,R,0.351,0%,0.210,1%,3,2,-1,-1%,4%,0%,11.5,9.7,9.7,0.4,18.9,8.5,2.0,17.0,4.0
Michael Conforto,,OF,4300,NYM,@STL,4.53,Wainwright,0.321,0%,R,L,0.369,5%,0.248,9%,x,x,-,0%,0%,0%,7.3,10.1,10.1,0.6,19.6,0.0,0.0,0.0,0.0
Chris Davis,,1B,4300,BAL,@MIN,5.47,Mejia,,-4%,L,L,0.325,-7%,0.210,-19%,x,x,-,0%,0%,0%,6.3,7.4,7.4,-0.9,15.8,0.0,0.0,0.0,0.0
Chris Taylor,1,2B/OF,4300,LAD,KC,5.08,Kennedy,0.320,0%,R,R,0.296,-5%,0.157,5%,5,6,-1,-4%,4%,2%,9.3,9.3,9.3,0.4,18.1,7.1,1.7,0.0,0.0
Yonder Alonso,2,1B,4300,OAK,@SEA,4.45,Moore,,1%,R,L,0.336,4%,0.152,6%,3,3,1,0%,2%,0%,7.7,8.9,8.9,0.6,17.3,8.3,1.9,16.0,3.7
Raimel Tapia,2,OF,4300,COL,CWS,5.67,Quintana,0.289,-7%,L,L,,-7%,,-22%,7,7,-3,11%,3%,0%,11.0,8.0,8.0,0.0,15.9,7.1,1.7,5.0,1.2
Willson Contreras,3,C,4200,CHC,PIT,4.63,Nova,0.297,-5%,R,R,0.343,-1%,0.206,2%,6,7,-1,0%,2%,0%,10.0,7.2,7.2,-0.2,14.6,6.6,1.6,0.0,0.0
Mark Trumbo,3,OF,4200,BAL,@MIN,5.47,Mejia,0.334,3%,L,R,0.334,-3%,0.234,2%,5,4,0,4%,4%,0%,7.7,7.4,7.4,0.0,14.9,8.9,2.1,16.0,3.8
Michael A. Taylor,,OF,4200,WAS,ATL,5.49,Teheran,0.264,-12%,R,R,0.286,-4%,0.154,-4%,x,x,-,0%,0%,0%,9.2,8.7,8.7,0.1,17.3,0.0,0.0,0.0,0.0
Rougned Odor,9,2B,4200,TEX,LAA,5.68,Chavez,0.327,2%,R,L,0.329,3%,0.234,16%,5,5,0,1%,1%,0%,12.2,7.0,7.4,-0.3,15.0,8.9,2.1,5.0,1.2
Chris Owings,3,OF/SS,4200,ARI,CIN,5.10,Castillo,,-1%,R,R,0.297,0%,0.134,-2%,5,5,0,4%,0%,0%,9.9,8.8,8.8,1.0,16.5,7.7,1.8,0.0,0.0
Eduardo Escobar,3,3B/SS,4200,MIN,BAL,5.53,Miley,0.350,7%,L,S,0.330,5%,0.178,15%,2,6,3,2%,3%,0%,7.4,7.4,7.4,-0.2,14.9,8.8,2.1,0.0,0.0
Cody Bellinger,8,1B/OF,4200,LAD,KC,5.08,Kennedy,0.319,0%,R,L,0.384,4%,0.365,18%,4,4,0,-2%,6%,3%,4.2,10.5,10.5,0.0,21.0,9.7,2.3,27.0,6.4
Dexter Fowler,1,OF,4200,STL,NYM,4.97,Wheeler,0.342,5%,R,S,0.343,-3%,0.184,7%,x,x,-,0%,0%,0%,11.9,8.5,8.5,0.6,16.3,0.0,0.0,0.0,0.0
J.D. Martinez,4,OF,4200,DET,@CLE,4.33,Clevinger,0.343,1%,R,R,0.371,-2%,0.244,-3%,5,5,-1,5%,1%,-2%,8.4,9.4,9.4,-0.6,19.4,8.6,2.0,7.0,1.7
Dee Gordon,2,2B,4200,MIA,@SF,3.83,Samardzija,0.328,2%,R,L,0.316,1%,0.077,4%,1,1,0,5%,-1%,0%,8.7,8.7,8.7,1.7,15.8,9.0,2.1,7.0,1.7
Whit Merrifield,0,2B,4200,KC,@LAD,3.92,McCarthy,0.304,-3%,R,R,0.305,-4%,0.136,-1%,1,1,0,-9%,4%,2%,11.8,8.2,8.2,1.0,15.5,7.1,1.7,12.0,2.9
Ben Gamel,3,OF,4200,SEA,OAK,5.55,Smith,,1%,R,L,0.330,0%,0.098,-11%,2,2,1,-3%,2%,0%,4.7,7.9,7.9,0.4,15.4,7.3,1.7,7.0,1.7
Jonathan Schoop,3,2B,4200,BAL,@MIN,5.47,Mejia,0.334,3%,L,R,0.286,-13%,0.140,-27%,3,6,0,4%,4%,0%,6.5,8.5,8.3,0.8,15.7,8.1,1.9,16.0,3.8
Daniel Descalso,3,2B/OF,4200,ARI,CIN,5.10,Castillo,,1%,R,L,0.323,4%,0.163,13%,1,8,4,5%,0%,0%,10.2,7.3,7.3,0.8,13.8,8.1,1.9,0.0,0.0
Domingo Santana,2,OF,4200,MIL,@NYY,4.08,Severino,0.309,-2%,R,R,0.333,-5%,0.171,-11%,5,x,-1,0%,3%,8%,12.2,8.9,8.9,1.5,16.3,8.2,2.0,20.0,4.8
DJ LeMahieu,7,2B,4100,COL,CWS,5.67,Quintana,0.314,-1%,L,R,0.345,0%,0.096,-3%,2,2,0,12%,3%,0%,6.4,7.7,7.6,0.5,14.7,9.1,2.2,7.0,1.7
Aaron Altherr,0,OF,4100,PHI,SD,4.39,Chacin,0.286,-7%,R,R,0.332,1%,0.178,-6%,x,x,-,0%,0%,0%,8.4,8.9,8.9,1.0,16.8,0.0,0.0,2.0,0.5
Mallex Smith,3,OF,4100,TB,BOS,4.39,Porcello,0.314,-1%,R,L,0.355,6%,0.128,4%,1,1,3,-1%,0%,0%,7.3,8.7,8.7,-0.2,17.7,8.7,2.1,11.0,2.7
Anthony Rendon,0,3B,4100,WAS,ATL,5.49,Teheran,0.264,-12%,R,R,0.340,-3%,0.174,1%,5,6,1,0%,3%,0%,9.6,9.3,9.3,-1.2,19.8,7.3,1.8,5.0,1.2
Francisco Lindor,8,SS,4100,CLE,DET,5.17,Verlander,0.288,-7%,R,S,0.338,-1%,0.160,-1%,2,2,0,4%,0%,-2%,8.2,7.9,8.2,0.4,16.1,8.3,2.0,7.0,1.7
Gerardo Parra,1,OF,4100,COL,CWS,5.67,Quintana,0.289,-7%,L,L,0.266,-12%,0.070,-46%,5,x,0,11%,4%,0%,13.9,8.3,8.3,0.8,15.9,7.0,1.7,9.0,2.2
Xander Bogaerts,0,SS,4100,BOS,@TB,4.61,Cobb,0.329,0%,R,R,0.336,-2%,0.133,-1%,3,3,0,-10%,0%,0%,6.5,8.5,8.5,1.3,15.8,7.5,1.8,5.0,1.2
Zack Cozart,1,SS,4100,CIN,@ARI,4.40,Walker,0.320,0%,R,R,0.333,0%,0.183,0%,2,x,0,11%,0%,0%,3.8,9.1,9.1,0.8,17.5,8.4,2.0,14.0,3.4
Denard Span,1,OF,4100,SF,MIA,4.67,TBA,,%,,L,,%,,%,1,1,0,-1%,-1%,0%,10.6,8.3,8.3,0.6,16.0,7.7,1.9,2.0,0.5
Todd Frazier,5,3B,4100,CWS,@COL,4.83,Hoffman,0.346,1%,R,R,0.326,-3%,0.217,-7%,4,5,0,27%,4%,0%,9.9,7.9,7.9,0.4,15.4,10.8,2.6,8.0,2.0
Lonnie Chisenhall,4,OF,4100,CLE,DET,5.17,Verlander,0.288,-7%,R,L,0.326,1%,0.172,11%,6,6,0,4%,0%,-2%,8.7,9.3,9.3,1.0,17.6,7.2,1.8,9.0,2.2
Curtis Granderson,3,OF,4100,NYM,@STL,4.53,Wainwright,0.321,0%,R,L,0.364,5%,0.235,10%,1,x,0,-1%,4%,0%,13.7,7.7,7.7,0.5,15.0,9.3,2.3,0.0,0.0
Matt Holliday,,1B,4000,NYY,MIL,5.42,Suter,,2%,L,R,0.374,4%,0.203,3%,x,x,-,0%,0%,0%,6.1,9.0,9.0,0.8,17.3,0.0,0.0,0.0,0.0
Trevor Story,7,SS,4000,COL,CWS,5.67,Quintana,0.314,-1%,L,R,0.402,8%,0.313,15%,6,6,0,13%,4%,0%,6.5,6.6,6.6,0.9,12.4,9.5,2.4,5.0,1.3
Elvis Andrus,4,SS,4000,TEX,LAA,5.68,Chavez,0.312,-2%,R,R,0.317,-2%,0.121,1%,2,2,0,2%,1%,0%,13.1,9.5,9.5,1.2,17.8,8.4,2.1,10.0,2.5
Michael Brantley,4,OF,4000,CLE,DET,5.17,Verlander,0.288,-7%,R,L,0.373,7%,0.169,22%,3,3,0,4%,0%,-1%,9.4,8.1,8.1,1.8,14.4,8.5,2.1,9.0,2.3
Travis Shaw,2,3B,4000,MIL,@NYY,4.08,Severino,0.311,-2%,R,L,0.345,1%,0.208,-3%,4,4,0,0%,4%,9%,12.9,9.8,9.8,1.5,18.2,9.2,2.3,7.0,1.8
Delino DeShields,,OF,4000,TEX,LAA,5.68,Chavez,0.312,-2%,R,R,0.296,-2%,0.100,-4%,x,x,-,0%,0%,0%,8.6,7.6,7.6,1.0,14.3,0.0,0.0,0.0,0.0
C.J. Cron,,1B,4000,LAA,@TEX,4.82,Ross,0.268,-11%,R,R,0.327,3%,0.179,3%,x,x,-,0%,0%,0%,5.6,5.1,5.1,0.3,9.9,0.0,0.0,5.0,1.3
Yasmany Tomas,,OF,4000,ARI,CIN,5.10,Castillo,,-1%,R,R,0.309,-6%,0.175,-10%,x,x,-,0%,0%,0%,4.2,7.9,7.9,0.3,15.5,0.0,0.0,0.0,0.0
Gregor Blanco,2,OF,4000,ARI,CIN,5.10,Castillo,,1%,R,L,0.320,3%,0.118,13%,x,x,-,0%,0%,0%,4.7,8.1,8.1,0.9,15.2,0.0,0.0,0.0,0.0
Lorenzo Cain,,OF,4000,KC,@LAD,3.92,McCarthy,0.304,-3%,R,R,0.329,-3%,0.129,-12%,3,3,0,-9%,4%,2%,6.7,8.1,8.1,0.6,15.6,7.4,1.9,7.0,1.8
Christian Yelich,3,OF,4000,MIA,@SF,3.83,Samardzija,0.328,2%,R,L,0.364,6%,0.165,17%,3,3,0,-2%,-1%,0%,8.4,8.2,8.1,1.3,15.0,8.7,2.2,12.0,3.0
Ryan Braun,2,OF,4000,MIL,@NYY,4.08,Severino,0.309,-2%,R,R,0.358,-5%,0.225,-4%,3,3,0,-1%,3%,8%,9.9,10.1,10.1,2.5,17.6,9.5,2.4,0.0,0.0
Starlin Castro,,2B,4000,NYY,MIL,5.42,Suter,,2%,L,R,0.305,-2%,0.116,-17%,x,x,-,0%,0%,0%,5.5,8.5,8.5,1.2,15.9,0.0,0.0,0.0,0.0
Salvador Perez,2,C,4000,KC,@LAD,3.92,McCarthy,0.304,-3%,R,R,0.323,2%,0.194,4%,5,5,0,-5%,6%,3%,8.9,8.1,8.1,0.3,15.9,7.4,1.9,19.0,4.8
Lucas Duda,1,1B,4000,NYM,@STL,4.53,Wainwright,0.321,0%,R,L,0.358,7%,0.242,12%,6,6,-1,-3%,4%,0%,9.0,8.5,8.5,-0.1,17.0,8.6,2.1,0.0,0.0
Billy Hamilton,4,OF,4000,CIN,@ARI,4.40,Walker,0.310,-2%,R,S,0.280,2%,0.067,-15%,1,1,0,9%,0%,0%,8.5,8.6,8.6,1.2,15.9,9.4,2.4,29.0,7.3
David Peralta,2,OF,4000,ARI,CIN,5.10,Castillo,,1%,R,L,0.370,6%,0.195,8%,x,x,-,0%,0%,0%,7.1,8.9,8.9,0.6,17.3,0.0,0.0,0.0,0.0
Daniel Palka,,1B/OF,4000,MIN,BAL,5.53,Miley,0.303,-4%,L,L,,-7%,,-22%,x,x,-,0%,0%,0%,0.0,0.0,0.0,0.0,0.0,0.0,0.0,0.0,0.0
Eric Young Jr.,,OF,4000,LAA,@TEX,4.82,Ross,0.308,-3%,R,S,0.281,2%,0.133,17%,x,x,-,0%,0%,0%,3.0,7.6,7.6,-0.4,15.5,0.0,0.0,0.0,0.0
Ryan Zimmerman,1,1B,4000,WAS,ATL,5.49,Teheran,0.264,-12%,R,R,0.315,-6%,0.181,-12%,3,4,1,1%,3%,0%,5.6,10.0,10.0,1.2,18.9,7.4,1.9,3.0,0.8
Scott Schebler,3,OF,4000,CIN,@ARI,4.40,Walker,0.310,-2%,R,L,0.343,0%,0.223,0%,6,6,0,9%,0%,0%,6.9,8.0,8.0,-0.3,16.3,7.9,2.0,0.0,0.0
Adam Eaton,,OF,4000,WAS,ATL,5.49,Teheran,0.340,4%,R,L,0.361,5%,0.172,28%,x,x,-,0%,0%,0%,10.9,10.6,10.6,3.0,18.2,0.0,0.0,0.0,0.0
Byron Buxton,,OF,3900,MIN,BAL,5.53,Miley,0.350,7%,L,R,0.266,-1%,0.129,-1%,8,8,1,2%,3%,0%,7.6,5.7,5.7,-0.9,12.2,7.5,1.9,5.0,1.3
Hunter Pence,4,OF,3900,SF,MIA,4.67,TBA,,%,,R,,%,,%,3,3,0,-4%,-1%,0%,8.5,6.6,6.6,0.3,12.9,7.4,1.9,2.0,0.5
Manny Machado,4,3B,3900,BAL,@MIN,5.47,Mejia,0.334,3%,L,R,0.336,-3%,0.170,-19%,2,3,0,4%,4%,0%,7.2,7.7,7.7,-1.1,16.6,10.1,2.6,16.0,4.1
Jedd Gyorko,1,3B,3900,STL,NYM,4.97,Wheeler,0.321,2%,R,R,0.328,-1%,0.210,5%,4,4,0,-1%,4%,0%,11.9,8.6,8.6,1.1,16.1,8.0,2.1,2.0,0.5
Eric Thames,4,1B/OF,3900,MIL,@NYY,4.08,Severino,0.311,-2%,R,L,0.407,6%,0.328,15%,2,2,0,1%,4%,9%,7.4,9.9,9.9,0.4,19.4,11.0,2.8,7.0,1.8
Corey Dickerson,5,OF,3900,TB,BOS,4.39,Porcello,0.314,-1%,R,L,0.362,5%,0.264,19%,2,2,0,0%,0%,0%,5.5,9.5,9.5,2.0,17.1,8.3,2.1,0.0,0.0
Joc Pederson,5,OF,3900,LAD,KC,5.08,Kennedy,0.319,0%,R,L,0.365,6%,0.243,9%,6,5,-1,-2%,5%,3%,10.0,7.3,7.3,0.5,14.0,8.8,2.3,19.0,4.9
Nicholas Castellanos,,3B,3900,DET,@CLE,4.33,Clevinger,0.343,1%,R,R,0.322,-1%,0.174,-3%,7,7,-2,3%,0%,-2%,8.5,7.5,7.6,0.7,14.5,7.5,1.9,0.0,0.0
Avisail Garcia,0,OF,3900,CWS,@COL,4.83,Hoffman,0.346,1%,R,R,0.305,-3%,0.136,-5%,x,x,-,0%,0%,0%,2.8,8.3,8.3,-0.6,17.2,0.0,0.0,0.0,0.0
Josh Donaldson,3,3B,3900,TOR,HOU,4.73,Fiers,0.346,6%,R,R,0.391,-3%,0.259,-5%,3,3,0,2%,1%,0%,4.0,7.7,7.7,0.4,14.9,9.2,2.4,26.0,6.7
Joey Gallo,1,1B/3B,3900,TEX,LAA,5.68,Chavez,0.327,2%,R,L,0.333,3%,0.282,8%,x,x,-,0%,0%,0%,5.6,8.0,8.0,-0.3,16.4,0.0,0.0,0.0,0.0
Kendrys Morales,2,1B,3900,TOR,HOU,4.73,Fiers,0.294,-6%,R,S,0.338,-1%,0.217,13%,5,5,0,1%,1%,0%,5.9,7.7,7.7,0.1,15.3,7.2,1.8,3.0,0.8
Brian Dozier,3,2B,3900,MIN,BAL,5.53,Miley,0.350,7%,L,R,0.372,7%,0.236,4%,1,1,0,2%,3%,0%,5.5,8.4,8.4,1.9,15.0,10.4,2.7,2.0,0.5
Carlos Gonzalez,0,OF,3900,COL,CWS,5.67,Quintana,0.289,-7%,L,L,0.297,-14%,0.167,-22%,x,x,-,0%,0%,0%,5.7,6.1,6.1,-0.1,12.4,0.0,0.0,0.0,0.0
Jed Lowrie,3,2B,3900,OAK,@SEA,4.45,Moore,,1%,R,S,0.311,-1%,0.137,9%,5,5,-2,-2%,2%,0%,7.0,7.8,7.8,0.5,15.2,6.9,1.8,3.0,0.8
Dustin Pedroia,2,2B,3900,BOS,@TB,4.61,Cobb,0.329,0%,R,R,0.345,-3%,0.121,-8%,2,2,0,-9%,0%,0%,12.1,7.6,7.6,1.8,13.4,7.1,1.8,0.0,0.0
Evan Gattis,1,C,3900,HOU,@TOR,4.27,Stroman,0.312,-2%,R,R,0.335,0%,0.229,0%,4,x,1,3%,1%,0%,11.4,7.9,7.9,0.9,14.9,8.5,2.2,3.0,0.8
Hanley Ramirez,1,1B,3900,BOS,@TB,4.61,Cobb,0.329,0%,R,R,0.330,-6%,0.178,-14%,5,x,0,-11%,0%,0%,11.1,7.8,7.8,0.8,14.9,7.4,1.9,0.0,0.0
Josh Bell,2,1B,3900,PIT,@CHC,3.37,Arrieta,0.257,-14%,R,S,0.342,3%,0.207,3%,4,4,0,-4%,2%,0%,9.1,7.7,7.7,0.4,15.1,6.9,1.8,17.0,4.4
Trey Mancini,3,1B/OF,3800,BAL,@MIN,5.47,Mejia,0.334,3%,L,R,0.364,3%,0.274,12%,6,5,0,4%,3%,0%,4.9,8.2,8.2,-0.6,16.9,8.7,2.3,3.0,0.8
Yoan Moncada,,2B/3B,3800,CWS,@COL,4.83,Hoffman,0.291,-2%,R,S,,2%,,6%,x,x,-,0%,0%,0%,0.0,0.0,0.0,0.0,0.0,0.0,0.0,0.0,0.0
Pat Valaika,1,2B/SS,3800,COL,CWS,5.67,Quintana,0.314,-1%,L,R,0.336,3%,0.220,10%,x,x,-,0%,0%,0%,5.0,6.3,6.3,-2.2,14.9,0.0,0.0,0.0,0.0
Alex Avila,7,1B/C,3800,DET,@CLE,4.33,Clevinger,0.270,-5%,R,L,0.357,11%,0.188,24%,2,2,0,14%,0%,-2%,5.9,8.5,8.5,1.4,15.6,8.9,2.3,3.0,0.8
Stephen Cardullo,,OF,3800,COL,CWS,5.67,Quintana,0.314,-1%,L,R,0.250,1%,0.060,1%,x,x,-,0%,0%,0%,2.8,2.8,2.8,-0.8,6.3,0.0,0.0,0.0,0.0
Kole Calhoun,6,OF,3800,LAA,@TEX,4.82,Ross,0.308,-3%,R,L,0.328,1%,0.162,1%,2,2,0,8%,1%,0%,6.6,7.0,7.1,0.5,13.7,8.4,2.2,0.0,0.0
Jose Bautista,5,OF,3800,TOR,HOU,4.73,Fiers,0.346,6%,R,R,0.375,1%,0.249,3%,1,1,0,2%,1%,0%,6.6,7.9,7.7,0.5,14.9,9.4,2.5,6.0,1.6
Matt Carpenter,3,1B,3800,STL,NYM,4.97,Wheeler,0.342,5%,R,L,0.386,6%,0.251,20%,1,1,0,-1%,3%,0%,7.2,8.3,8.3,1.4,15.1,9.6,2.5,9.0,2.4
Eduardo Nunez,,3B/OF,3800,SF,MIA,4.67,TBA,,%,,R,,%,,%,x,x,-,0%,0%,0%,9.3,8.0,8.0,1.2,14.7,0.0,0.0,0.0,0.0
Jackie Bradley Jr.,1,OF,3800,BOS,@TB,4.61,Cobb,0.299,-5%,R,L,0.357,4%,0.241,17%,x,x,-,0%,0%,0%,10.7,8.1,8.1,0.7,15.6,0.0,0.0,0.0,0.0
Joe Panik,1,2B,3800,SF,MIA,4.67,TBA,,%,,L,,%,,%,2,2,0,-1%,-1%,0%,8.3,6.9,6.9,0.2,13.6,7.5,2.0,5.0,1.3
Matt Joyce,4,OF,3800,OAK,@SEA,4.45,Moore,,1%,R,L,0.324,5%,0.186,8%,1,1,2,0%,2%,0%,6.8,6.7,6.7,0.0,13.4,8.5,2.2,0.0,0.0
Yolmer Sanchez,1,2B,3800,CWS,@COL,4.83,Hoffman,0.291,-2%,R,S,0.258,-3%,0.100,-8%,5,x,1,27%,3%,0%,6.6,6.6,6.6,0.9,12.2,8.1,2.1,17.0,4.5
Aledmys Diaz,,SS,3800,STL,NYM,4.97,Wheeler,0.321,2%,R,R,0.354,4%,0.202,12%,x,x,-,0%,0%,0%,3.5,6.2,6.2,-0.9,13.4,0.0,0.0,0.0,0.0
Brian Goodwin,3,OF,3800,WAS,ATL,5.49,Teheran,0.340,4%,R,L,0.331,2%,0.211,11%,1,1,0,-2%,3%,0%,5.3,7.7,7.7,-1.5,16.8,8.1,2.1,0.0,0.0
Maikel Franco,,3B,3800,PHI,SD,4.39,Chacin,0.286,-7%,R,R,0.307,-1%,0.165,-7%,5,3,-1,2%,3%,0%,8.1,6.5,6.5,-0.3,13.2,7.4,1.9,14.0,3.7
Jarrod Dyson,1,OF,3800,SEA,OAK,5.55,Smith,,1%,R,L,0.313,4%,0.128,17%,8,8,0,-3%,1%,0%,6.0,7.1,7.1,1.1,13.0,7.3,1.9,23.0,6.1
Jacoby Ellsbury,,OF,3700,NYY,MIL,5.42,Suter,,-5%,L,L,0.301,-2%,0.097,-10%,6,7,-1,1%,3%,7%,6.0,7.9,7.9,1.7,14.1,7.6,2.1,9.0,2.4
Eddie Rosario,,OF,3700,MIN,BAL,5.53,Miley,0.303,-4%,L,L,0.303,-5%,0.125,-26%,6,9,0,0%,3%,0%,8.1,7.2,7.2,-0.9,15.2,6.9,1.9,3.0,0.8
Yasmani Grandal,4,C,3700,LAD,KC,5.08,Kennedy,0.319,0%,R,S,0.342,2%,0.224,15%,7,7,0,-2%,5%,3%,9.7,7.2,7.2,0.0,14.3,7.8,2.1,5.0,1.4
Adrian Gonzalez,1,1B,3700,LAD,KC,5.08,Kennedy,0.319,0%,R,L,0.351,7%,0.194,20%,x,x,-,0%,0%,0%,4.8,5.2,5.2,0.5,9.8,0.0,0.0,0.0,0.0
Evan Longoria,1,3B,3700,TB,BOS,4.39,Porcello,0.321,0%,R,R,0.331,-3%,0.198,-3%,3,3,0,-4%,0%,0%,6.0,7.4,7.6,0.4,14.9,7.2,1.9,12.0,3.2
Aaron Hicks,,OF,3700,NYY,MIL,5.42,Suter,,2%,L,S,0.322,1%,0.168,9%,x,x,-,0%,0%,0%,3.9,9.4,9.4,0.4,18.4,0.0,0.0,0.0,0.0
Jay Bruce,4,OF,3700,NYM,@STL,4.53,Wainwright,0.321,0%,R,L,0.347,7%,0.264,15%,4,4,0,-1%,4%,0%,9.0,9.0,9.0,-0.1,18.2,8.8,2.4,17.0,4.6
Carlos Beltran,,OF,3700,HOU,@TOR,4.27,Stroman,0.298,-5%,R,S,0.340,3%,0.204,5%,x,x,-,0%,0%,0%,5.9,7.1,7.1,-0.1,14.3,0.0,0.0,0.0,0.0
Alex Bregman,2,3B,3700,HOU,@TOR,4.27,Stroman,0.312,-2%,R,R,0.318,-3%,0.179,-2%,8,8,0,2%,1%,0%,8.8,7.1,7.1,0.4,13.7,7.3,2.0,0.0,0.0
Freddie Freeman,4,1B/3B,3700,ATL,@WAS,3.51,Strasburg,0.270,-11%,R,L,0.414,7%,0.285,27%,3,3,0,-1%,3%,0%,12.8,12.5,12.5,2.6,22.3,9.1,2.5,11.0,3.0
Cesar Hernandez,,2B,3700,PHI,SD,4.39,Chacin,0.351,7%,R,S,0.318,0%,0.098,6%,x,x,-,0%,0%,0%,5.1,7.7,7.7,1.2,14.3,0.0,0.0,0.0,0.0
Eugenio Suarez,,3B,3700,CIN,@ARI,4.40,Walker,0.320,0%,R,R,0.315,-3%,0.155,-6%,x,x,-,0%,0%,0%,4.5,7.8,7.8,0.5,15.1,0.0,0.0,0.0,0.0
Josh Harrison,,2B/3B,3700,PIT,@CHC,3.37,Arrieta,0.255,-14%,R,R,0.307,-5%,0.107,-12%,x,x,-,0%,0%,0%,4.4,7.6,7.6,0.9,14.3,0.0,0.0,0.0,0.0
Albert Pujols,1,1B,3700,LAA,@TEX,4.82,Ross,0.268,-11%,R,R,0.323,1%,0.190,-2%,3,3,0,8%,1%,0%,5.1,6.8,6.8,0.2,13.3,7.9,2.1,0.0,0.0
Willy Garcia,,OF,3700,CWS,@COL,4.83,Hoffman,0.346,1%,R,R,0.282,-2%,0.148,1%,8,x,1,28%,4%,0%,6.5,5.6,5.6,0.1,11.2,7.6,2.1,10.0,2.7
Mitch Haniger,1,OF,3700,SEA,OAK,5.55,Smith,,-1%,R,R,0.358,3%,0.198,7%,7,7,-1,-5%,2%,0%,3.9,9.0,9.0,1.6,16.5,7.0,1.9,5.0,1.4
Russell Martin,5,C,3700,TOR,HOU,4.73,Fiers,0.346,6%,R,R,0.331,1%,0.190,11%,2,2,0,1%,1%,0%,7.5,7.3,7.3,0.3,14.3,8.4,2.3,12.0,3.2
Ben Zobrist,3,2B/OF,3700,CHC,PIT,4.63,Nova,0.356,8%,R,S,0.339,-1%,0.171,9%,1,5,2,-2%,2%,0%,5.0,6.6,6.6,0.4,12.8,8.3,2.2,0.0,0.0
Victor Martinez,1,1B,3700,DET,@CLE,4.33,Clevinger,0.270,-5%,R,S,0.308,-7%,0.154,-5%,6,6,0,15%,1%,-2%,5.6,6.4,6.4,0.2,12.6,7.2,1.9,0.0,0.0
Adam Engel,4,OF,3700,CWS,@COL,4.83,Hoffman,0.346,1%,R,R,0.312,-1%,0.118,-1%,1,1,4,27%,3%,0%,7.3,7.9,7.9,1.4,14.4,10.0,2.7,3.0,0.8
Yuli Gurriel,1,1B,3700,HOU,@TOR,4.27,Stroman,0.312,-2%,R,R,0.352,5%,0.187,9%,7,7,0,2%,1%,0%,12.4,7.5,7.5,0.0,15.0,8.1,2.2,3.0,0.8
Kennys Vargas,2,1B,3700,MIN,BAL,5.53,Miley,0.350,7%,L,S,0.330,7%,0.159,2%,5,x,0,2%,4%,0%,6.5,7.0,7.0,0.0,13.9,8.9,2.4,3.0,0.8
Matt Davidson,,1B/3B,3700,CWS,@COL,4.83,Hoffman,0.346,1%,R,R,0.327,-1%,0.286,13%,x,x,-,0%,0%,0%,3.6,7.8,7.8,-1.1,16.7,0.0,0.0,0.0,0.0
Robinson Chirinos,,C,3700,TEX,LAA,5.68,Chavez,0.312,-2%,R,R,0.333,-1%,0.253,4%,x,x,-,0%,0%,0%,9.8,9.0,9.0,0.3,17.6,0.0,0.0,0.0,0.0
Jefry Marte,,1B,3700,LAA,@TEX,4.82,Ross,0.268,-11%,R,R,0.298,-3%,0.184,-3%,x,x,-,0%,0%,0%,5.5,5.1,5.1,-0.5,10.8,0.0,0.0,0.0,0.0
Mike Zunino,,C,3600,SEA,OAK,5.55,Smith,,-1%,R,R,0.278,-4%,0.196,6%,9,9,-1,-4%,2%,0%,3.5,6.9,6.9,-1.8,15.7,6.0,1.7,0.0,0.0
Wil Myers,1,1B,3600,SD,@PHI,3.61,Nola,0.283,-8%,R,R,0.334,1%,0.206,11%,1,3,2,5%,3%,0%,8.2,8.4,8.3,0.9,15.7,8.9,2.5,2.0,0.6
Chase Headley,1,3B,3600,NYY,MIL,5.42,Suter,,2%,L,S,0.310,-1%,0.125,-1%,5,5,0,-2%,3%,8%,6.2,7.0,7.0,1.1,13.0,7.9,2.2,7.0,1.9
Deven Marrero,,3B,3600,BOS,@TB,4.61,Cobb,0.329,0%,R,R,0.215,-8%,0.040,-18%,x,x,-,0%,0%,0%,9.6,6.1,6.1,-1.4,13.6,0.0,0.0,0.0,0.0
Adam Lind,2,1B,3600,WAS,ATL,5.49,Teheran,0.340,4%,R,L,0.350,8%,0.211,17%,6,x,0,-1%,3%,0%,8.3,7.8,7.8,0.9,14.6,8.8,2.4,0.0,0.0
J.T. Realmuto,1,C,3600,MIA,@SF,3.83,Samardzija,0.292,-6%,R,R,0.320,-1%,0.126,-10%,7,7,-2,-5%,-1%,0%,8.8,7.9,7.9,1.1,14.8,6.1,1.7,8.0,2.2
Matt Chapman,1,3B,3600,OAK,@SEA,4.45,Moore,,-1%,R,R,,-1%,,2%,7,8,-1,-6%,2%,0%,3.3,3.3,3.3,-0.7,7.4,6.5,1.8,7.0,1.9
Franklin Barreto,,2B/SS,3600,OAK,@SEA,4.45,Moore,,-1%,R,R,0.289,-2%,0.235,5%,x,x,-,0%,0%,0%,6.0,7.4,7.4,-0.7,15.4,0.0,0.0,0.0,0.0
Miguel Cabrera,7,1B,3600,DET,@CLE,4.33,Clevinger,0.343,1%,R,R,0.390,-3%,0.220,-5%,4,4,0,6%,1%,-2%,8.2,7.5,7.5,0.9,14.2,9.1,2.5,3.0,0.8
Devon Travis,,2B,3600,TOR,HOU,4.73,Fiers,0.346,6%,R,R,0.339,0%,0.165,-3%,x,x,-,0%,0%,0%,9.8,7.0,7.0,-0.2,14.3,0.0,0.0,0.0,0.0
Brandon Drury,1,2B,3600,ARI,CIN,5.10,Castillo,,-1%,R,R,0.337,2%,0.169,-2%,6,6,0,3%,0%,0%,5.2,7.2,7.2,-0.2,14.5,6.9,1.9,4.0,1.1
Yunel Escobar,1,3B,3600,LAA,@TEX,4.82,Ross,0.268,-11%,R,R,0.329,-2%,0.099,-1%,4,4,0,9%,1%,0%,5.2,6.9,6.9,0.9,12.8,6.5,1.8,16.0,4.4
Brad Miller,3,2B,3600,TB,BOS,4.39,Porcello,0.314,-1%,R,L,0.338,7%,0.211,21%,6,6,0,0%,0%,0%,7.7,6.9,6.9,0.5,13.4,7.7,2.1,3.0,0.8
Yoenis Cespedes,2,OF,3600,NYM,@STL,4.53,Wainwright,0.318,0%,R,R,0.367,1%,0.246,1%,3,3,0,2%,4%,0%,5.2,8.2,8.2,-2.5,19.0,9.3,2.6,0.0,0.0
Alen Hanson,,2B/OF,3600,CWS,@COL,4.83,Hoffman,0.291,-2%,R,S,0.262,-2%,0.083,-5%,x,x,-,0%,0%,0%,7.4,5.4,5.4,-0.7,11.5,0.0,0.0,2.0,0.6
Keon Broxton,,OF,3600,MIL,@NYY,4.08,Severino,0.309,-2%,R,R,0.319,-4%,0.201,-4%,8,6,-1,-2%,3%,7%,5.7,8.5,8.5,0.0,16.9,7.0,1.9,0.0,0.0
Kyle Seager,7,3B,3600,SEA,OAK,5.55,Smith,,1%,R,L,0.350,5%,0.195,6%,5,5,0,-2%,2%,0%,5.5,7.0,6.9,-0.1,13.9,8.4,2.3,3.0,0.8
Leury Garcia,,OF,3600,CWS,@COL,4.83,Hoffman,0.291,-2%,R,S,0.342,7%,0.194,24%,x,x,-,0%,0%,0%,8.1,7.6,7.6,0.9,14.3,0.0,0.0,0.0,0.0
Gregory Polanco,,OF,3600,PIT,@CHC,3.37,Arrieta,0.257,-14%,R,L,0.326,6%,0.166,8%,6,6,0,-5%,2%,0%,8.4,6.9,6.9,0.1,13.6,6.9,1.9,18.0,5.0
Yasiel Puig,,OF,3600,LAD,KC,5.08,Kennedy,0.320,0%,R,R,0.326,-3%,0.171,-1%,8,x,0,-4%,5%,3%,8.1,8.1,8.1,-0.7,16.9,8.0,2.2,3.0,0.8
Tyler Saladino,,2B/SS,3600,CWS,@COL,4.83,Hoffman,0.346,1%,R,R,0.274,-4%,0.111,0%,x,x,-,0%,0%,0%,4.6,5.3,5.3,0.6,10.1,0.0,0.0,0.0,0.0
Manuel Margot,,OF,3600,SD,@PHI,3.61,Nola,0.283,-8%,R,R,0.293,-3%,0.145,1%,2,2,0,0%,2%,0%,9.2,7.1,7.1,-0.3,14.5,6.8,1.9,8.0,2.2
Hernan Perez,1,3B/OF,3600,MIL,@NYY,4.08,Severino,0.309,-2%,R,R,0.290,-1%,0.129,-7%,x,x,-,0%,0%,0%,6.1,7.9,7.9,0.2,15.7,0.0,0.0,0.0,0.0
Robbie Grossman,3,OF,3600,MIN,BAL,5.53,Miley,0.350,7%,L,S,0.344,3%,0.123,-5%,4,2,-2,2%,3%,0%,5.9,7.3,7.3,0.8,13.9,8.1,2.3,8.0,2.2
Jacob May,,OF,3600,CWS,@COL,4.83,Hoffman,0.291,-2%,R,S,,2%,,6%,x,x,-,0%,0%,0%,1.4,1.8,1.8,-0.3,4.0,0.0,0.0,0.0,0.0
Danny Valencia,,1B,3600,SEA,OAK,5.55,Smith,,-1%,R,R,0.334,-6%,0.177,-3%,6,6,-1,-5%,2%,0%,8.0,7.3,7.3,-0.5,15.0,6.3,1.8,0.0,0.0
Jason Kipnis,4,2B,3500,CLE,DET,5.17,Verlander,0.288,-7%,R,L,0.356,7%,0.178,13%,1,1,0,4%,0%,-1%,6.9,7.2,7.2,-0.8,15.2,8.3,2.4,5.0,1.4
Freddy Galvis,3,SS,3500,PHI,SD,4.39,Chacin,0.351,7%,R,S,0.298,4%,0.145,11%,2,2,0,-2%,3%,0%,8.4,6.3,6.5,-0.1,13.1,8.0,2.3,0.0,0.0
Adam Jones,3,OF,3500,BAL,@MIN,5.47,Mejia,0.334,3%,L,R,0.323,-2%,0.168,-9%,4,2,0,4%,4%,0%,3.9,7.1,7.1,0.2,14.0,8.4,2.4,4.0,1.1
Guillermo Heredia,,OF,3500,SEA,OAK,5.55,Smith,,-1%,R,R,0.308,-2%,0.075,-10%,x,x,-,0%,0%,0%,6.4,6.2,6.2,0.3,12.0,0.0,0.0,0.0,0.0
Nick Franklin,,OF,3500,LAA,@TEX,4.82,Ross,0.308,-3%,R,S,0.303,7%,0.173,22%,9,9,-1,7%,1%,0%,4.2,4.5,4.5,-2.3,11.3,6.1,1.7,5.0,1.4
Francisco Mejia,,C,3500,CLE,DET,5.17,Verlander,0.288,-7%,R,S,,2%,,6%,x,x,-,0%,0%,0%,0.0,0.0,0.0,0.0,0.0,0.0,0.0,0.0,0.0
Jorge Bonifacio,,OF,3500,KC,@LAD,3.92,McCarthy,0.304,-3%,R,R,0.339,1%,0.201,6%,2,2,0,-9%,5%,3%,7.9,7.4,7.4,1.0,13.8,7.0,2.0,8.0,2.3
Chris Iannetta,,C,3500,ARI,CIN,5.10,Castillo,,-1%,R,R,0.263,-17%,0.148,-13%,x,x,-,0%,0%,0%,5.8,7.7,7.7,-0.5,15.9,0.0,0.0,0.0,0.0
Jordan Patterson,,OF,3500,COL,CWS,5.67,Quintana,0.289,-7%,L,L,,-7%,,-22%,x,x,-,0%,0%,0%,0.0,0.0,0.0,0.0,0.0,0.0,0.0,0.0,0.0
Jayson Werth,,OF,3500,WAS,ATL,5.49,Teheran,0.264,-12%,R,R,0.303,-12%,0.142,-22%,x,x,-,0%,0%,0%,8.1,8.1,8.1,0.0,16.2,0.0,0.0,0.0,0.0
Greg Bird,,1B,3500,NYY,MIL,5.42,Suter,,-5%,L,L,0.323,-6%,0.152,-21%,x,x,-,0%,0%,0%,5.8,4.2,4.2,-2.7,11.1,0.0,0.0,0.0,0.0
Nick Williams,1,OF,3500,PHI,SD,4.39,Chacin,0.351,7%,R,L,,2%,,6%,3,x,2,-3%,3%,0%,5.0,5.0,5.0,1.8,8.2,6.5,1.9,2.0,0.6
Tyler Naquin,,OF,3500,CLE,DET,5.17,Verlander,0.288,-7%,R,L,0.372,3%,0.216,8%,x,x,-,0%,0%,0%,4.4,4.4,4.4,-0.5,9.3,0.0,0.0,0.0,0.0
Daniel Nava,2,OF,3500,PHI,SD,4.39,Chacin,0.351,7%,R,S,0.304,6%,0.089,17%,1,1,0,-2%,2%,0%,6.7,7.3,7.3,1.0,13.7,8.2,2.3,3.0,0.9
Jesus Aguilar,1,1B,3500,MIL,@NYY,4.08,Severino,0.309,-2%,R,R,0.334,-1%,0.227,10%,6,7,-2,0%,4%,9%,11.7,9.0,9.0,-0.6,18.5,8.2,2.3,5.0,1.4
Asdrubal Cabrera,3,2B/SS,3500,NYM,@STL,4.53,Wainwright,0.321,0%,R,S,0.332,3%,0.190,12%,2,2,0,0%,4%,0%,7.5,7.7,7.7,0.1,15.4,8.5,2.4,0.0,0.0
Jason Heyward,2,OF,3500,CHC,PIT,4.63,Nova,0.356,8%,R,L,0.322,5%,0.135,11%,7,8,-1,-2%,2%,0%,6.0,6.8,6.8,0.7,12.8,7.8,2.2,0.0,0.0
Ronald Torreyes,,3B/SS,3500,NYY,MIL,5.42,Suter,,2%,L,R,0.290,2%,0.029,-5%,9,9,-2,-3%,3%,8%,7.4,5.9,5.9,0.1,11.7,6.5,1.9,0.0,0.0
Hunter Renfroe,,OF,3500,SD,@PHI,3.61,Nola,0.283,-8%,R,R,0.293,-6%,0.215,0%,4,4,0,6%,3%,0%,7.6,7.0,7.0,-0.3,14.2,6.8,1.9,7.0,2.0
Chris Carter,,1B,3500,NYY,MIL,5.42,Suter,,2%,L,R,0.342,3%,0.252,4%,x,x,-,0%,0%,0%,3.7,5.9,5.9,-0.6,12.3,0.0,0.0,0.0,0.0
Austin Barnes,,C,3500,LAD,KC,5.08,Kennedy,0.320,0%,R,R,0.329,-1%,0.132,-2%,x,x,-,0%,0%,0%,10.9,9.1,9.1,0.6,17.6,0.0,0.0,0.0,0.0
Tim Anderson,2,SS,3500,CWS,@COL,4.83,Hoffman,0.346,1%,R,R,0.279,-5%,0.139,5%,7,6,-1,31%,4%,0%,5.2,6.3,6.3,-0.3,12.9,8.2,2.3,17.0,4.9
Orlando Arcia,,SS,3500,MIL,@NYY,4.08,Severino,0.309,-2%,R,R,0.297,-2%,0.142,2%,9,9,-1,-2%,3%,8%,9.9,6.6,6.6,0.4,12.8,6.4,1.8,0.0,0.0
Ketel Marte,,SS,3400,ARI,CIN,5.10,Castillo,,1%,R,S,0.300,4%,0.073,-13%,7,x,-1,5%,0%,0%,6.2,6.2,6.2,0.7,11.7,6.1,1.8,3.0,0.9
Jeremy Hazelbaker,,OF,3400,ARI,CIN,5.10,Castillo,,1%,R,L,0.356,5%,0.241,13%,x,x,-,0%,0%,0%,4.9,4.9,4.9,-0.3,10.1,0.0,0.0,0.0,0.0
Adam Frazier,,OF,3400,PIT,@CHC,3.37,Arrieta,0.257,-14%,R,L,0.318,0%,0.121,6%,1,1,0,-2%,1%,0%,4.9,8.3,8.3,0.6,15.9,6.9,2.0,0.0,0.0
Andrew Romine,,2B/OF,3400,DET,@CLE,4.33,Clevinger,0.270,-5%,R,S,0.282,-1%,0.095,13%,x,x,-,0%,0%,0%,5.0,6.3,6.3,0.3,12.2,0.0,0.0,0.0,0.0
Bradley Zimmer,1,OF,3400,CLE,DET,5.17,Verlander,0.288,-7%,R,L,0.355,4%,0.184,9%,8,8,-1,3%,0%,-2%,5.8,7.8,7.8,1.1,14.6,7.1,2.1,12.0,3.5
Jon Jay,0,OF,3400,CHC,PIT,4.63,Nova,0.356,8%,R,L,0.303,-2%,0.096,13%,x,x,-,0%,0%,0%,6.1,6.1,6.1,1.2,11.1,0.0,0.0,0.0,0.0
Ender Inciarte,2,OF,3400,ATL,@WAS,3.51,Strasburg,0.270,-11%,R,L,0.332,4%,0.111,16%,1,1,0,1%,2%,0%,8.4,8.7,8.5,1.4,15.6,7.5,2.2,7.0,2.1
Chris Herrmann,3,C/OF,3400,ARI,CIN,5.10,Castillo,,1%,R,L,0.304,4%,0.203,14%,2,x,4,4%,0%,0%,6.3,6.5,6.5,-1.2,14.1,7.6,2.2,0.0,0.0
David Wright,,3B,3400,NYM,@STL,4.53,Wainwright,0.318,0%,R,R,0.343,-6%,0.162,-6%,x,x,-,0%,0%,0%,0.0,0.0,0.0,0.0,0.0,0.0,0.0,0.0,0.0
Jordy Mercer,,SS,3400,PIT,@CHC,3.37,Arrieta,0.255,-14%,R,R,0.289,-7%,0.106,-15%,8,8,-1,2%,2%,0%,5.4,6.5,6.4,0.6,12.3,5.1,1.5,9.0,2.6
Arismendy Alcantara,,2B/OF,3400,CIN,@ARI,4.40,Walker,0.310,-2%,R,S,0.234,-3%,0.086,-2%,x,x,-,0%,0%,0%,3.8,3.8,3.8,-1.4,9.0,0.0,0.0,0.0,0.0
T.J. Rivera,1,1B/3B,3400,NYM,@STL,4.53,Wainwright,0.318,0%,R,R,0.370,5%,0.181,10%,5,5,0,5%,4%,0%,8.4,6.6,6.6,0.3,12.8,7.7,2.3,9.0,2.6
Mike Tauchman,,OF,3400,COL,CWS,5.67,Quintana,0.289,-7%,L,L,,-7%,,-22%,x,x,-,0%,0%,0%,6.0,6.0,6.0,1.8,10.2,0.0,0.0,0.0,0.0
Tommy Joseph,2,1B,3400,PHI,SD,4.39,Chacin,0.286,-7%,R,R,0.320,-3%,0.206,-9%,4,4,0,2%,3%,0%,9.1,7.2,7.2,-0.2,14.6,7.4,2.2,10.0,2.9
Nick Ahmed,,SS,3400,ARI,CIN,5.10,Castillo,,-1%,R,R,0.243,-9%,0.110,-8%,x,x,-,0%,0%,0%,5.6,6.7,6.7,-0.7,14.2,0.0,0.0,0.0,0.0
Andrew Knapp,2,C,3400,PHI,SD,4.39,Chacin,0.351,7%,R,S,0.354,4%,0.163,7%,6,x,2,-2%,3%,0%,7.3,6.5,6.5,0.8,12.1,6.6,1.9,0.0,0.0
Jason Castro,,C,3400,MIN,BAL,5.53,Miley,0.303,-4%,L,L,0.270,-9%,0.112,-28%,9,x,-1,0%,3%,0%,6.0,6.1,6.1,0.3,11.8,5.5,1.6,3.0,0.9
Travis d'Arnaud,,C,3400,NYM,@STL,4.53,Wainwright,0.318,0%,R,R,0.298,-3%,0.151,-7%,8,8,0,3%,4%,0%,6.9,7.3,7.3,-2.1,16.8,6.8,2.0,0.0,0.0
Seth Smith,,OF,3400,BAL,@MIN,5.47,Mejia,,-4%,L,L,0.291,-9%,0.114,-27%,x,x,-,0%,0%,0%,4.8,7.4,7.4,0.1,14.7,0.0,0.0,0.0,0.0
Addison Russell,,SS,3400,CHC,PIT,4.63,Nova,0.297,-5%,R,R,0.310,1%,0.156,-5%,x,x,-,0%,0%,0%,3.5,6.9,6.9,-0.3,14.1,0.0,0.0,0.0,0.0
Kevin Kiermaier,,OF,3400,TB,BOS,4.39,Porcello,0.314,-1%,R,L,0.325,5%,0.169,11%,x,x,-,0%,0%,0%,10.3,7.5,7.5,0.4,14.5,0.0,0.0,0.0,0.0
Ryan Schimpf,,3B,3400,SD,@PHI,3.61,Nola,0.325,1%,R,L,0.351,3%,0.303,3%,x,x,-,0%,0%,0%,7.5,6.9,6.9,-0.4,14.2,0.0,0.0,0.0,0.0
Wilson Ramos,,C,3400,TB,BOS,4.39,Porcello,0.321,0%,R,R,0.307,-3%,0.150,-6%,x,x,-,0%,0%,0%,10.3,10.3,10.3,0.8,19.7,0.0,0.0,0.0,0.0
Matt Adams,1,1B,3400,ATL,@WAS,3.51,Strasburg,0.270,-11%,R,L,0.337,8%,0.215,11%,6,6,0,-1%,3%,0%,4.8,8.8,8.8,-1.0,18.6,7.7,2.3,22.0,6.5
Christian Walker,,1B,3400,ARI,CIN,5.10,Castillo,,-1%,R,R,,-1%,,2%,x,x,-,0%,0%,0%,0.0,0.0,0.0,0.0,0.0,0.0,0.0,0.0,0.0
Rajai Davis,,OF,3400,OAK,@SEA,4.45,Moore,,-1%,R,R,0.299,-6%,0.137,-10%,9,x,-4,-8%,2%,0%,5.8,6.2,6.2,-0.1,12.5,5.7,1.7,10.0,2.9
Stephen Piscotty,1,OF,3400,STL,NYM,4.97,Wheeler,0.321,2%,R,R,0.335,-3%,0.167,-6%,2,3,1,0%,4%,0%,7.6,7.0,7.0,0.7,13.4,8.1,2.4,5.0,1.5
John Jaso,1,1B/OF,3400,PIT,@CHC,3.37,Arrieta,0.257,-14%,R,L,0.347,4%,0.173,10%,2,x,2,-5%,2%,0%,7.6,5.7,5.7,0.1,11.4,6.5,1.9,0.0,0.0
Jose Peraza,,2B/SS,3400,CIN,@ARI,4.40,Walker,0.320,0%,R,R,0.287,-2%,0.080,-7%,7,7,-1,13%,0%,0%,4.4,6.4,6.4,0.1,12.7,7.8,2.3,0.0,0.0
Gorkys Hernandez,,OF,3300,SF,MIA,4.67,TBA,,%,,R,,%,,%,8,8,-3,-2%,-1%,0%,8.0,5.5,5.5,0.5,10.4,5.5,1.7,0.0,0.0
Jose Osuna,,1B/OF,3300,PIT,@CHC,3.37,Arrieta,0.255,-14%,R,R,0.329,0%,0.247,9%,x,x,-,0%,0%,0%,8.9,7.5,7.5,0.0,15.0,0.0,0.0,0.0,0.0
Marcus Semien,2,SS,3300,OAK,@SEA,4.45,Moore,,-1%,R,R,0.297,-5%,0.154,-9%,2,2,0,-7%,2%,0%,7.7,7.5,7.5,1.4,13.6,7.4,2.2,14.0,4.2
Howie Kendrick,,2B/OF,3300,PHI,SD,4.39,Chacin,0.286,-7%,R,R,0.327,-1%,0.126,1%,x,x,-,0%,0%,0%,8.9,8.8,8.8,0.9,16.8,0.0,0.0,0.0,0.0
Franklin Gutierrez,,OF,3300,LAD,KC,5.08,Kennedy,0.320,0%,R,R,0.311,-4%,0.229,1%,x,x,-,0%,0%,0%,5.3,4.8,4.8,-0.3,10.0,0.0,0.0,0.0,0.0
Cory Spangenberg,,3B/OF,3300,SD,@PHI,3.61,Nola,0.325,1%,R,L,0.310,1%,0.134,14%,5,5,0,-2%,2%,0%,6.9,6.4,6.4,0.6,12.2,6.5,2.0,0.0,0.0
Leonys Martin,,OF,3300,SEA,OAK,5.55,Smith,,1%,R,L,0.272,0%,0.115,17%,x,x,-,0%,0%,0%,4.6,4.1,4.1,-0.5,8.8,0.0,0.0,0.0,0.0
Mikie Mahtook,,OF,3300,DET,@CLE,4.33,Clevinger,0.343,1%,R,R,0.253,-8%,0.111,-15%,8,8,-1,4%,0%,-2%,6.8,5.3,5.3,-0.1,10.7,5.8,1.8,0.0,0.0
Jose Pirela,,OF,3300,SD,@PHI,3.61,Nola,0.283,-8%,R,R,0.267,-5%,0.135,-2%,3,1,-2,2%,3%,0%,6.9,9.0,9.0,1.5,16.5,6.6,2.0,0.0,0.0
Charlie Tilson,,OF,3300,CWS,@COL,4.83,Hoffman,0.291,-2%,R,L,,2%,,6%,x,x,-,0%,0%,0%,0.0,0.0,0.0,0.0,0.0,0.0,0.0,0.0,0.0
Bobby Bradley,,1B,3300,CLE,DET,5.17,Verlander,,%,R,,,%,,%,x,x,-,0%,0%,0%,0.0,0.0,0.0,0.0,0.0,0.0,0.0,0.0,0.0
Matt Kemp,0,OF,3300,ATL,@WAS,3.51,Strasburg,0.293,-6%,R,R,0.326,-3%,0.194,-4%,4,4,0,2%,3%,0%,3.7,8.0,8.0,0.0,16.0,7.6,2.3,10.0,3.0
Troy Tulowitzki,3,SS,3300,TOR,HOU,4.73,Fiers,0.346,6%,R,R,0.322,-7%,0.168,-8%,6,6,0,1%,1%,0%,7.2,6.0,6.0,-0.2,12.1,7.2,2.2,21.0,6.4
Ben Revere,1,OF,3300,LAA,@TEX,4.82,Ross,0.308,-3%,R,L,0.290,-2%,0.084,9%,7,8,2,12%,1%,0%,6.5,5.4,5.4,-0.2,11.0,6.7,2.0,2.0,0.6
Brian McCann,,C,3300,HOU,@TOR,4.27,Stroman,0.298,-5%,R,L,0.327,0%,0.187,1%,6,5,0,1%,1%,0%,4.7,7.9,7.9,0.7,15.2,7.2,2.2,3.0,0.9
Javier Baez,1,2B/SS,3300,CHC,PIT,4.63,Nova,0.297,-5%,R,R,0.295,-5%,0.146,-12%,8,x,-1,0%,2%,0%,6.1,7.1,7.1,-1.0,15.1,6.0,1.8,0.0,0.0
Kevin Pillar,,OF,3300,TOR,HOU,4.73,Fiers,0.346,6%,R,R,0.298,-3%,0.123,-4%,8,8,0,1%,1%,0%,4.3,7.4,7.4,0.1,14.6,7.0,2.1,3.0,0.9
Trevor Plouffe,,3B,3300,TB,BOS,4.39,Porcello,0.321,0%,R,R,0.300,-5%,0.173,2%,x,x,-,0%,0%,0%,5.8,5.4,5.4,-0.2,11.0,0.0,0.0,0.0,0.0
Nick Hundley,,C,3300,SF,MIA,4.67,TBA,,%,,R,,%,,%,x,x,-,0%,0%,0%,8.2,6.1,6.1,-0.1,12.2,0.0,0.0,0.0,0.0
Ian Kinsler,2,2B,3300,DET,@CLE,4.33,Clevinger,0.343,1%,R,R,0.335,-2%,0.153,-3%,1,x,0,4%,0%,-2%,5.6,7.7,7.7,0.3,15.2,8.2,2.5,2.0,0.6
Alex Gordon,,OF,3300,KC,@LAD,3.92,McCarthy,0.310,-2%,R,L,0.307,-5%,0.156,-3%,8,8,1,-5%,5%,3%,7.8,5.3,5.3,0.1,10.4,6.2,1.9,0.0,0.0
Yan Gomes,,C,3300,CLE,DET,5.17,Verlander,0.294,-6%,R,R,0.260,-13%,0.156,-8%,9,9,0,2%,1%,-2%,5.8,5.8,5.8,-0.4,12.0,5.0,1.5,2.0,0.6
Jonathan Villar,1,2B,3300,MIL,@NYY,4.08,Severino,0.311,-2%,R,S,0.325,0%,0.142,-7%,1,1,0,-1%,2%,7%,8.4,7.9,7.9,-0.1,15.9,9.7,2.9,6.0,1.8
Manny Pina,,C,3300,MIL,@NYY,4.08,Severino,0.309,-2%,R,R,0.335,0%,0.205,11%,x,x,-,0%,0%,0%,7.9,7.5,7.5,0.4,14.5,0.0,0.0,0.0,0.0
Kyle Schwarber,6,OF,3300,CHC,PIT,4.63,Nova,0.356,8%,R,L,0.350,7%,0.252,13%,5,x,0,-3%,2%,0%,4.8,6.8,6.8,0.0,13.5,8.5,2.6,19.0,5.8
Jonathan Lucroy,1,C,3300,TEX,LAA,5.68,Chavez,0.312,-2%,R,R,0.337,0%,0.156,-3%,7,7,0,2%,1%,0%,5.6,5.8,5.8,0.0,11.7,7.1,2.2,7.0,2.1
Tim Beckham,,SS,3300,TB,BOS,4.39,Porcello,0.321,0%,R,R,0.311,-1%,0.185,2%,x,x,-,0%,0%,0%,5.7,7.1,7.1,-0.3,14.4,0.0,0.0,0.0,0.0
Wilmer Flores,,1B/3B,3300,NYM,@STL,4.53,Wainwright,0.318,0%,R,R,0.288,-6%,0.123,-22%,x,x,-,0%,0%,0%,6.8,7.0,7.0,0.4,13.7,0.0,0.0,0.0,0.0
Joey Rickard,5,OF,3300,BAL,@MIN,5.47,Mejia,0.334,3%,L,R,0.336,6%,0.147,13%,1,1,4,4%,3%,0%,6.1,6.2,6.2,0.1,12.2,8.3,2.5,10.0,3.0
Neil Walker,,2B,3300,NYM,@STL,4.53,Wainwright,0.321,0%,R,S,0.340,3%,0.184,14%,x,x,-,0%,0%,0%,9.5,8.2,8.2,0.6,15.8,0.0,0.0,0.0,0.0
Colby Rasmus,,OF,3300,TB,BOS,4.39,Porcello,0.314,-1%,R,L,0.325,2%,0.218,7%,x,x,-,0%,0%,0%,7.4,8.1,8.1,0.3,15.9,0.0,0.0,0.0,0.0
Martin Prado,,3B,3300,MIA,@SF,3.83,Samardzija,0.292,-6%,R,R,0.303,-10%,0.103,-18%,6,6,0,-5%,-1%,0%,7.0,6.4,6.4,1.8,11.0,5.3,1.6,0.0,0.0
Brandon Crawford,,SS,3300,SF,MIA,4.67,TBA,,%,,L,,%,,%,7,6,-1,-3%,-1%,0%,3.6,6.3,6.3,-0.1,12.7,6.3,1.9,11.0,3.3
Jurickson Profar,,OF/SS,3300,TEX,LAA,5.68,Chavez,0.327,2%,R,S,0.305,6%,0.108,17%,x,x,-,0%,0%,0%,4.0,4.0,4.0,-0.2,8.2,0.0,0.0,0.0,0.0
Peter O'Brien,,OF,3300,LAD,KC,5.08,Kennedy,0.320,0%,R,R,0.199,-5%,0.143,1%,x,x,-,0%,0%,0%,0.0,0.0,0.0,0.0,0.0,0.0,0.0,0.0,0.0
Greg Allen,,OF,3200,CLE,DET,5.17,Verlander,0.288,-7%,R,S,,2%,,6%,x,x,-,0%,0%,0%,0.0,0.0,0.0,0.0,0.0,0.0,0.0,0.0,0.0
Franchy Cordero,,OF,3200,SD,@PHI,3.61,Nola,0.325,1%,R,L,0.303,1%,0.183,7%,x,x,-,0%,0%,0%,5.2,6.8,6.8,-1.7,15.3,0.0,0.0,0.0,0.0
Matt Duffy,,2B/3B,3200,TB,BOS,4.39,Porcello,0.321,0%,R,R,0.325,2%,0.129,10%,x,x,-,0%,0%,0%,0.0,0.0,0.0,0.0,0.0,0.0,0.0,0.0,0.0
Eric Sogard,,2B/SS,3200,MIL,@NYY,4.08,Severino,0.311,-2%,R,L,0.310,4%,0.077,0%,x,x,-,0%,0%,0%,6.1,8.9,8.9,1.7,16.1,0.0,0.0,0.0,0.0
Luis Valbuena,2,1B/3B,3200,LAA,@TEX,4.82,Ross,0.308,-3%,R,L,0.334,5%,0.208,14%,5,5,1,7%,1%,0%,4.6,5.8,5.8,-0.4,12.0,7.3,2.3,0.0,0.0
Jeimer Candelario,,1B/3B,3200,CHC,PIT,4.63,Nova,0.356,8%,R,S,0.182,-2%,0.111,4%,x,x,-,0%,0%,0%,5.3,5.3,5.3,-0.9,11.4,0.0,0.0,0.0,0.0
Rey Fuentes,,OF,3200,ARI,CIN,5.10,Castillo,,1%,R,L,0.296,0%,0.076,-6%,8,x,0,4%,0%,0%,4.6,4.5,4.5,0.4,8.7,5.4,1.7,0.0,0.0
Derek Dietrich,0,3B,3200,MIA,@SF,3.83,Samardzija,0.328,2%,R,L,0.346,4%,0.175,7%,x,x,-,0%,0%,0%,7.1,6.1,6.1,-0.2,12.4,0.0,0.0,0.0,0.0
Ryon Healy,4,1B/3B,3200,OAK,@SEA,4.45,Moore,,-1%,R,R,0.335,-5%,0.214,-6%,4,6,2,-8%,2%,0%,7.0,7.8,7.7,-1.1,16.5,6.8,2.1,14.0,4.4
Christian Arroyo,,3B/SS,3200,SF,MIA,4.67,TBA,,%,,R,,%,,%,x,x,-,0%,0%,0%,4.0,5.4,5.4,0.3,10.5,0.0,0.0,0.0,0.0
Jarrett Parker,,OF,3200,SF,MIA,4.67,TBA,,%,,L,,%,,%,x,x,-,0%,0%,0%,3.0,3.0,3.0,-3.2,9.2,0.0,0.0,0.0,0.0
Lewis Brinson,,OF,3200,MIL,@NYY,4.08,Severino,0.309,-2%,R,R,,-1%,,2%,x,x,-,0%,0%,0%,3.4,3.4,3.4,0.0,6.8,0.0,0.0,0.0,0.0
Rob Refsnyder,,1B/OF,3200,NYY,MIL,5.42,Suter,,2%,L,R,0.293,2%,0.069,-4%,x,x,-,0%,0%,0%,3.0,3.1,3.1,-0.3,6.5,0.0,0.0,0.0,0.0
Rhys Hoskins,,1B,3200,PHI,SD,4.39,Chacin,,%,R,,,%,,%,x,x,-,0%,0%,0%,0.0,0.0,0.0,0.0,0.0,0.0,0.0,0.0,0.0
Randal Grichuk,2,OF,3200,STL,NYM,4.97,Wheeler,0.321,2%,R,R,0.334,1%,0.245,4%,7,7,-1,-1%,4%,0%,7.6,7.5,7.5,-0.7,15.6,7.9,2.5,0.0,0.0
Brandon Moss,,OF,3200,KC,@LAD,3.92,McCarthy,0.310,-2%,R,L,0.309,-1%,0.233,11%,x,x,-,0%,0%,0%,5.7,5.9,5.9,-0.9,12.7,0.0,0.0,2.0,0.6
Bruce Maxwell,2,C,3200,OAK,@SEA,4.45,Moore,,1%,R,L,0.359,4%,0.132,3%,6,7,0,-1%,2%,0%,7.0,6.2,6.2,-0.3,12.6,6.5,2.0,7.0,2.2
Socrates Brito,,OF,3200,ARI,CIN,5.10,Castillo,,1%,R,L,0.284,-1%,0.196,9%,x,x,-,0%,0%,0%,0.0,0.0,0.0,0.0,0.0,0.0,0.0,0.0,0.0
Caleb Joseph,,C,3200,BAL,@MIN,5.47,Mejia,0.334,3%,L,R,0.276,0%,0.156,13%,x,x,-,0%,0%,0%,6.7,5.6,5.6,-1.5,12.7,0.0,0.0,0.0,0.0
Pablo Sandoval,,3B,3200,BOS,@TB,4.61,Cobb,0.299,-5%,R,S,0.314,11%,0.162,37%,x,x,-,0%,0%,0%,3.4,5.3,5.3,-1.0,11.6,0.0,0.0,0.0,0.0
Dustin Garneau,,C,3200,COL,CWS,5.67,Quintana,0.314,-1%,L,R,0.244,0%,0.127,5%,x,x,-,0%,0%,0%,5.8,4.7,4.7,-0.4,9.7,0.0,0.0,0.0,0.0
Stephen Vogt,2,C,3200,MIL,@NYY,4.08,Severino,0.311,-2%,R,L,0.331,5%,0.188,10%,7,8,-1,1%,4%,9%,9.5,5.9,5.9,-0.6,12.5,7.7,2.4,0.0,0.0
Mason Williams,,OF,3200,NYY,MIL,5.42,Suter,,-5%,L,L,,-7%,,-22%,x,x,-,0%,0%,0%,6.4,6.4,6.4,0.9,11.9,0.0,0.0,0.0,0.0
Chris Young,1,OF,3200,BOS,@TB,4.61,Cobb,0.329,0%,R,R,0.308,-6%,0.175,-6%,7,x,-2,-11%,0%,0%,8.0,7.0,7.0,0.2,13.9,6.4,2.0,0.0,0.0
Jesse Winker,,OF,3200,CIN,@ARI,4.40,Walker,0.310,-2%,R,L,,2%,,6%,x,x,-,0%,0%,0%,7.0,7.0,7.0,7.0,7.0,0.0,0.0,0.0,0.0
Odubel Herrera,1,OF,3200,PHI,SD,4.39,Chacin,0.351,7%,R,L,0.335,3%,0.142,10%,7,6,-2,-2%,2%,0%,3.5,6.5,6.5,0.4,12.7,7.1,2.2,0.0,0.0
Jose Reyes,1,3B/SS,3200,NYM,@STL,4.53,Wainwright,0.321,0%,R,S,0.285,-6%,0.118,-10%,7,7,-2,2%,3%,0%,9.9,7.2,7.2,0.3,14.0,6.6,2.1,6.0,1.9
Dixon Machado,,2B/SS,3100,DET,@CLE,4.33,Clevinger,0.343,1%,R,R,0.302,-2%,0.078,-7%,x,x,-,0%,0%,0%,7.7,5.6,5.6,0.0,11.2,0.0,0.0,0.0,0.0
Brett Nicholas,,C,3100,TEX,LAA,5.68,Chavez,0.327,2%,R,L,0.351,2%,0.281,11%,x,x,-,0%,0%,0%,0.0,0.0,0.0,0.0,0.0,0.0,0.0,0.0,0.0
Ryan Hanigan,1,C,3100,COL,CWS,5.67,Quintana,0.314,-1%,L,R,0.300,6%,0.119,17%,x,x,-,0%,0%,0%,3.9,5.3,5.3,-1.4,12.0,0.0,0.0,0.0,0.0
Yadier Molina,1,C,3100,STL,NYM,4.97,Wheeler,0.321,2%,R,R,0.313,-2%,0.113,-5%,5,5,0,0%,4%,0%,5.9,7.0,7.0,0.7,13.4,6.9,2.2,10.0,3.2
Alex Presley,,OF,3100,DET,@CLE,4.33,Clevinger,0.270,-5%,R,L,0.263,-2%,0.097,1%,x,x,-,0%,0%,0%,4.5,6.7,6.7,-1.2,14.7,0.0,0.0,0.0,0.0
Brandon Guyer,,OF,3100,CLE,DET,5.17,Verlander,0.294,-6%,R,R,0.288,-11%,0.104,-19%,x,x,-,0%,0%,0%,4.5,3.9,3.9,-1.3,9.2,0.0,0.0,0.0,0.0
Austin Romine,,C,3100,NYY,MIL,5.42,Suter,,2%,L,R,0.272,1%,0.136,10%,8,x,-1,-1%,3%,8%,5.5,5.2,5.2,-0.6,11.0,6.8,2.2,0.0,0.0
Jared Hoying,,OF,3100,TEX,LAA,5.68,Chavez,0.327,2%,R,L,0.239,-3%,0.065,-6%,x,x,-,0%,0%,0%,4.5,5.2,5.2,-2.8,13.1,0.0,0.0,0.0,0.0
Martin Maldonado,1,C,3100,LAA,@TEX,4.82,Ross,0.268,-11%,R,R,0.273,-4%,0.122,-9%,8,7,-1,8%,1%,0%,4.4,5.6,5.6,-0.9,12.1,5.5,1.8,5.0,1.6
Omar Narvaez,,C,3100,CWS,@COL,4.83,Hoffman,0.291,-2%,R,L,0.272,-4%,0.027,-27%,x,x,-,0%,0%,0%,5.0,4.5,4.5,0.2,8.7,0.0,0.0,0.0,0.0
JaCoby Jones,,OF,3100,DET,@CLE,4.33,Clevinger,0.343,1%,R,R,0.267,-2%,0.093,-2%,x,x,-,0%,0%,0%,0.8,3.8,3.8,-2.7,10.2,0.0,0.0,0.0,0.0
Shane Robinson,,OF,3100,LAA,@TEX,4.82,Ross,0.268,-11%,R,R,0.252,-2%,0.079,6%,x,x,-,0%,0%,0%,3.8,3.8,3.8,2.8,4.7,0.0,0.0,0.0,0.0
Chris Gimenez,,C,3100,MIN,BAL,5.53,Miley,0.350,7%,L,R,0.342,6%,0.233,19%,x,x,-,0%,0%,0%,7.8,6.2,6.2,-0.4,12.8,0.0,0.0,0.0,0.0
Abraham Almonte,,OF,3100,CLE,DET,5.17,Verlander,0.288,-7%,R,S,0.316,5%,0.169,21%,x,x,-,0%,0%,0%,3.6,5.8,5.8,0.1,11.4,0.0,0.0,0.0,0.0
Paul DeJong,2,2B/SS,3100,STL,NYM,4.97,Wheeler,0.321,2%,R,R,0.305,-2%,0.207,6%,8,x,-1,-1%,4%,0%,8.0,7.0,7.0,0.0,13.9,6.7,2.2,33.0,10.6
Nick Markakis,,OF,3100,ATL,@WAS,3.51,Strasburg,0.270,-11%,R,L,0.343,7%,0.119,28%,5,5,-1,1%,3%,0%,6.0,7.0,7.1,1.2,13.0,6.5,2.1,30.0,9.7
Craig Gentry,,OF,3100,BAL,@MIN,5.47,Mejia,0.334,3%,L,R,0.300,3%,0.088,0%,9,x,-1,3%,2%,0%,7.9,6.1,6.1,-1.1,13.3,6.4,2.1,2.0,0.6
James McCann,,C,3100,DET,@CLE,4.33,Clevinger,0.343,1%,R,R,0.248,-14%,0.083,-42%,x,x,-,0%,0%,0%,6.9,6.2,6.2,-0.9,13.3,0.0,0.0,0.0,0.0
Erik Gonzalez,,2B/SS,3100,CLE,DET,5.17,Verlander,0.294,-6%,R,R,0.376,0%,0.139,1%,x,x,-,0%,0%,0%,8.0,6.7,6.7,-0.3,13.7,0.0,0.0,8.0,2.6
Chase Utley,4,1B/2B,3100,LAD,KC,5.08,Kennedy,0.319,0%,R,L,0.314,4%,0.154,6%,1,1,2,-4%,4%,3%,6.7,6.4,6.4,-0.6,13.4,7.4,2.4,14.0,4.5
Mitch Moreland,3,1B,3100,BOS,@TB,4.61,Cobb,0.299,-5%,R,L,0.339,4%,0.211,11%,4,4,0,-2%,0%,0%,6.5,7.4,7.4,0.7,14.2,7.6,2.5,5.0,1.6
Pete Kozma,,3B/SS,3100,TEX,LAA,5.68,Chavez,0.312,-2%,R,R,0.169,-8%,0.000,-20%,x,x,-,0%,0%,0%,3.0,2.8,2.8,-1.7,7.4,0.0,0.0,0.0,0.0
Phillip Ervin,,OF,3000,CIN,@ARI,4.40,Walker,0.320,0%,R,R,,-1%,,2%,x,x,-,0%,0%,0%,0.0,0.0,0.0,0.0,0.0,0.0,0.0,0.0,0.0
Cristhian Adames,,2B/SS,3000,COL,CWS,5.67,Quintana,0.314,-1%,L,S,0.265,1%,0.089,4%,x,x,-,0%,0%,0%,0.0,0.0,0.0,0.0,0.0,0.0,0.0,0.0,0.0
Kaleb Cowart,,3B,3000,LAA,@TEX,4.82,Ross,0.308,-3%,R,S,0.226,-3%,0.115,1%,x,x,-,0%,0%,0%,16.0,16.0,16.0,16.0,16.0,0.0,0.0,0.0,0.0
Tyler Collins,,OF,3000,DET,@CLE,4.33,Clevinger,0.270,-5%,R,L,0.313,5%,0.158,9%,x,x,-,0%,0%,0%,6.4,5.8,5.8,-2.4,14.0,0.0,0.0,0.0,0.0
Ryan Rua,,1B/OF,3000,TEX,LAA,5.68,Chavez,0.312,-2%,R,R,0.289,-3%,0.139,-3%,x,x,-,0%,0%,0%,3.4,5.7,5.7,-1.3,12.7,0.0,0.0,0.0,0.0
Alexi Amarista,,2B/SS,3000,COL,CWS,5.67,Quintana,0.289,-7%,L,L,0.217,-8%,0.023,-41%,x,x,-,0%,0%,0%,2.2,5.7,5.7,-0.5,11.8,0.0,0.0,0.0,0.0
Erick Aybar,,SS,3000,SD,@PHI,3.61,Nola,0.325,1%,R,S,0.286,2%,0.089,1%,6,6,0,-2%,2%,0%,6.1,5.5,5.5,-0.5,11.4,5.8,1.9,12.0,4.0
Jorge Soler,,OF,3000,KC,@LAD,3.92,McCarthy,0.304,-3%,R,R,0.306,-2%,0.151,-4%,x,x,-,0%,0%,0%,5.2,4.9,4.9,0.2,9.6,0.0,0.0,0.0,0.0
Cheslor Cuthbert,,3B,3000,KC,@LAD,3.92,McCarthy,0.304,-3%,R,R,0.291,-2%,0.128,-2%,x,x,-,0%,0%,0%,5.1,4.0,4.0,-1.0,9.0,0.0,0.0,0.0,0.0
Andy Ibanez,,2B,3000,TEX,LAA,5.68,Chavez,,%,R,,,%,,%,x,x,-,0%,0%,0%,0.0,0.0,0.0,0.0,0.0,0.0,0.0,0.0,0.0
Ezequiel Carrera,,OF,3000,TOR,HOU,4.73,Fiers,0.294,-6%,R,L,0.307,-1%,0.104,1%,7,x,-3,1%,0%,0%,6.3,6.3,6.3,1.0,11.7,5.8,1.9,0.0,0.0
Yangervis Solarte,,2B,3000,SD,@PHI,3.61,Nola,0.325,1%,R,S,0.343,3%,0.175,9%,x,x,-,0%,0%,0%,13.1,7.4,7.4,0.6,14.2,0.0,0.0,0.0,0.0
Adam Rosales,,SS,3000,OAK,@SEA,4.45,Moore,,-1%,R,R,0.286,-6%,0.174,1%,x,x,-,0%,0%,0%,6.5,5.0,5.0,0.4,9.6,0.0,0.0,0.0,0.0
Kike Hernandez,,OF/SS,3000,LAD,KC,5.08,Kennedy,0.320,0%,R,R,,-1%,,2%,x,x,-,0%,0%,0%,7.0,6.9,6.9,0.6,13.1,0.0,0.0,0.0,0.0
Jesus Sucre,,C,3000,TB,BOS,4.39,Porcello,0.321,0%,R,R,0.229,-8%,0.103,-6%,9,x,-1,-3%,0%,0%,7.5,6.6,6.6,-0.4,13.6,4.3,1.4,2.0,0.7
Mac Williamson,,OF,3000,SF,MIA,4.67,TBA,,%,,R,,%,,%,x,x,-,0%,0%,0%,4.9,4.9,4.9,-0.7,10.5,0.0,0.0,0.0,0.0
David Freese,,3B,3000,PIT,@CHC,3.37,Arrieta,0.255,-14%,R,R,0.320,-5%,0.136,-10%,5,5,0,3%,2%,0%,5.3,6.7,6.7,0.9,12.4,5.9,2.0,2.0,0.7
Tom Murphy,,C,3000,COL,CWS,5.67,Quintana,0.314,-1%,L,R,0.194,-1%,0.089,2%,x,x,-,0%,0%,0%,1.8,1.8,1.8,-0.9,4.5,0.0,0.0,0.0,0.0
Ji-Man Choi,0,1B/OF,3000,NYY,MIL,5.42,Suter,,-5%,L,L,,-7%,,-22%,x,x,-,0%,0%,0%,17.0,17.0,17.0,15.6,18.4,0.0,0.0,0.0,0.0
Kelby Tomlinson,,3B/SS,3000,SF,MIA,4.67,TBA,,%,,R,,%,,%,x,x,-,0%,0%,0%,6.4,6.0,6.0,1.4,10.6,0.0,0.0,2.0,0.7
Austin Jackson,,OF,3000,CLE,DET,5.17,Verlander,0.294,-6%,R,R,0.300,-4%,0.103,-13%,x,x,-,0%,0%,0%,8.8,6.7,6.7,0.1,13.3,0.0,0.0,0.0,0.0
J.J. Hardy,,SS,3000,BAL,@MIN,5.47,Mejia,0.334,3%,L,R,0.288,3%,0.140,12%,x,x,-,0%,0%,0%,4.8,4.7,4.7,-0.7,10.2,0.0,0.0,0.0,0.0
Jorge Polanco,0,SS,3000,MIN,BAL,5.53,Miley,0.350,7%,L,S,0.298,2%,0.144,12%,x,x,-,0%,0%,0%,5.7,6.3,6.3,1.2,11.3,0.0,0.0,0.0,0.0
John Hicks,,1B/C,3000,DET,@CLE,4.33,Clevinger,0.343,1%,R,R,0.267,-3%,0.123,-1%,x,x,-,0%,0%,0%,8.1,9.2,9.2,1.5,16.9,0.0,0.0,0.0,0.0
Devin Mesoraco,,C,2900,CIN,@ARI,4.40,Walker,0.320,0%,R,R,0.281,-5%,0.133,-4%,x,x,-,0%,0%,0%,6.1,6.8,6.8,-0.3,13.8,0.0,0.0,0.0,0.0
Sandy Leon,,C,2900,BOS,@TB,4.61,Cobb,0.299,-5%,R,S,0.301,0%,0.116,-3%,8,8,0,-3%,0%,0%,8.1,6.2,6.2,-1.8,14.1,5.5,1.9,2.0,0.7
Andrew Toles,,OF,2900,LAD,KC,5.08,Kennedy,0.319,0%,R,L,0.350,3%,0.186,8%,x,x,-,0%,0%,0%,9.8,7.0,7.0,0.4,13.7,0.0,0.0,0.0,0.0
Jose Martinez,,1B/OF,2900,STL,NYM,4.97,Wheeler,0.321,2%,R,R,0.327,-1%,0.173,3%,x,x,-,0%,0%,0%,8.8,7.3,7.3,0.2,14.3,0.0,0.0,0.0,0.0
Willie Calhoun,,2B,2900,LAD,KC,5.08,Kennedy,,%,R,,,%,,%,x,x,-,0%,0%,0%,0.0,0.0,0.0,0.0,0.0,0.0,0.0,0.0,0.0
Jose Iglesias,,SS,2900,DET,@CLE,4.33,Clevinger,0.343,1%,R,R,0.277,-6%,0.066,-23%,9,9,-1,4%,0%,-1%,4.2,5.6,5.6,-0.9,12.1,6.0,2.1,0.0,0.0
Billy Burns,,OF,2900,KC,@LAD,3.92,McCarthy,0.310,-2%,R,S,0.276,-4%,0.080,-4%,x,x,-,0%,0%,0%,0.0,0.0,0.0,0.0,0.0,0.0,0.0,0.0,0.0
Welington Castillo,5,C,2900,BAL,@MIN,5.47,Mejia,0.334,3%,L,R,0.347,7%,0.191,8%,7,7,0,4%,4%,0%,4.1,6.8,6.8,-0.7,14.4,7.9,2.7,0.0,0.0
Mark Canha,,OF,2900,OAK,@SEA,4.45,Moore,,-1%,R,R,0.329,6%,0.208,13%,x,x,-,0%,0%,0%,2.4,5.4,5.4,-3.5,14.4,0.0,0.0,0.0,0.0
Miguel Montero,0,C,2900,TOR,HOU,4.73,Fiers,0.294,-6%,R,L,0.323,7%,0.159,16%,x,x,-,0%,0%,0%,4.7,5.7,5.7,-0.5,12.0,0.0,0.0,0.0,0.0
Taylor Motter,,2B/SS,2900,SEA,OAK,5.55,Smith,,-1%,R,R,0.264,-5%,0.155,4%,x,x,-,0%,0%,0%,5.6,6.2,6.2,-0.7,13.2,0.0,0.0,0.0,0.0
Renato Nunez,,3B,2900,OAK,@SEA,4.45,Moore,,-1%,R,R,,-1%,,2%,x,x,-,0%,0%,0%,0.0,0.0,0.0,0.0,0.0,0.0,0.0,0.0,0.0
Danny Santana,,2B/OF,2900,ATL,@WAS,3.51,Strasburg,0.270,-11%,R,S,0.260,-3%,0.101,-4%,x,x,-,0%,0%,0%,7.2,6.3,6.3,-2.5,15.0,0.0,0.0,0.0,0.0
David Fletcher,,SS,2900,LAA,@TEX,4.82,Ross,0.268,-11%,R,R,,-1%,,2%,x,x,-,0%,0%,0%,0.0,0.0,0.0,0.0,0.0,0.0,0.0,0.0,0.0
Tyler Flowers,,C,2900,ATL,@WAS,3.51,Strasburg,0.293,-6%,R,R,0.327,2%,0.140,1%,x,x,-,0%,0%,0%,6.8,7.6,7.6,1.5,13.8,0.0,0.0,0.0,0.0
Giovanny Urshela,,3B,2900,CLE,DET,5.17,Verlander,0.294,-6%,R,R,0.258,-5%,0.110,-4%,x,x,-,0%,0%,0%,0.0,0.0,0.0,0.0,0.0,0.0,0.0,0.0,0.0
Clint Frazier,2,OF,2900,NYY,MIL,5.42,Suter,,2%,L,R,,3%,,8%,7,x,1,-1%,3%,8%,6.6,6.6,6.6,-2.4,15.6,7.7,2.7,31.0,10.7
Jaycob Brugman,1,OF,2900,OAK,@SEA,4.45,Moore,,1%,R,L,0.312,1%,0.095,-1%,8,9,0,-4%,2%,0%,5.1,5.4,5.4,0.4,10.4,5.9,2.0,5.0,1.7
Kolten Wong,,2B,2900,STL,NYM,4.97,Wheeler,0.342,5%,R,L,0.328,5%,0.147,17%,x,x,-,0%,0%,0%,8.3,7.7,7.7,2.4,13.1,0.0,0.0,0.0,0.0
Wilmer Difo,0,2B/SS,2900,WAS,ATL,5.49,Teheran,0.340,4%,R,S,0.276,-1%,0.059,-12%,x,x,-,0%,0%,0%,6.2,6.2,6.2,1.1,11.2,0.0,0.0,2.0,0.7
Jhonny Peralta,,3B,2900,BOS,@TB,4.61,Cobb,0.329,0%,R,R,0.326,-1%,0.120,-19%,x,x,-,0%,0%,0%,3.0,2.6,2.6,-0.2,5.4,0.0,0.0,0.0,0.0
Chad Huffman,,OF,2900,STL,NYM,4.97,Wheeler,0.321,2%,R,R,,-1%,,2%,x,x,-,0%,0%,0%,5.0,5.0,5.0,5.0,5.0,0.0,0.0,0.0,0.0
Brett Phillips,,OF,2900,MIL,@NYY,4.08,Severino,0.311,-2%,R,L,,2%,,6%,x,x,-,0%,0%,0%,2.7,2.7,2.7,0.2,5.2,0.0,0.0,0.0,0.0
Paulo Orlando,,OF,2900,KC,@LAD,3.92,McCarthy,0.304,-3%,R,R,0.292,-3%,0.109,-14%,x,x,-,0%,0%,0%,3.0,3.2,3.2,-0.8,7.3,0.0,0.0,0.0,0.0
Trayce Thompson,,OF,2900,LAD,KC,5.08,Kennedy,0.320,0%,R,R,0.331,0%,0.210,2%,x,x,-,0%,0%,0%,4.0,4.0,4.0,-1.1,9.1,0.0,0.0,0.0,0.0
Josh Phegley,,C,2900,OAK,@SEA,4.45,Moore,,-1%,R,R,0.286,-3%,0.171,-1%,x,x,-,0%,0%,0%,3.0,3.7,3.7,-1.0,8.3,0.0,0.0,0.0,0.0
Dustin Fowler,,OF,2900,NYY,MIL,5.42,Suter,,-5%,L,L,,-7%,,-22%,x,x,-,0%,0%,0%,0.0,0.0,0.0,0.0,0.0,0.0,0.0,0.0,0.0
Corey Ray,,OF,2900,MIL,@NYY,4.08,Severino,,%,R,,,%,,%,x,x,-,0%,0%,0%,0.0,0.0,0.0,0.0,0.0,0.0,0.0,0.0,0.0
Gleyber Torres,,SS,2900,NYY,MIL,5.42,Suter,,%,L,,,%,,%,x,x,-,0%,0%,0%,0.0,0.0,0.0,0.0,0.0,0.0,0.0,0.0,0.0
Kevan Smith,4,C,2900,CWS,@COL,4.83,Hoffman,0.346,1%,R,R,0.322,0%,0.072,-7%,6,8,2,29%,4%,0%,5.3,5.2,5.2,0.5,9.9,7.9,2.7,5.0,1.7
Jake Bauers,,1B,2900,TB,BOS,4.39,Porcello,,%,R,,,%,,%,x,x,-,0%,0%,0%,0.0,0.0,0.0,0.0,0.0,0.0,0.0,0.0,0.0
Derek Fisher,,OF,2900,HOU,@TOR,4.27,Stroman,0.298,-5%,R,L,,2%,,6%,x,x,-,0%,0%,0%,10.4,10.4,10.4,1.1,19.7,0.0,0.0,0.0,0.0
Tyler Moore,0,1B/OF,2900,MIA,@SF,3.83,Samardzija,0.292,-6%,R,R,0.286,-1%,0.201,8%,x,x,-,0%,0%,0%,11.9,9.5,9.5,-1.6,20.5,0.0,0.0,0.0,0.0
Brock Holt,,2B/OF,2900,BOS,@TB,4.61,Cobb,0.299,-5%,R,L,0.316,-1%,0.116,5%,x,x,-,0%,0%,0%,2.8,2.8,2.8,0.6,5.0,0.0,0.0,0.0,0.0
Peter Bourjos,,OF,2800,TB,BOS,4.39,Porcello,0.321,0%,R,R,0.283,-1%,0.154,11%,x,x,-,0%,0%,0%,8.2,5.4,5.4,-0.6,11.4,0.0,0.0,0.0,0.0
Hanser Alberto,,2B/SS,2800,TEX,LAA,5.68,Chavez,0.312,-2%,R,R,0.221,-5%,0.050,-10%,x,x,-,0%,0%,0%,0.0,0.0,0.0,0.0,0.0,0.0,0.0,0.0,0.0
Stephen Drew,0,3B/SS,2800,WAS,ATL,5.49,Teheran,0.340,4%,R,L,0.312,8%,0.205,18%,7,x,0,-1%,3%,0%,5.9,6.8,6.8,-1.3,14.9,7.5,2.7,0.0,0.0
Kurt Suzuki,1,C,2800,ATL,@WAS,3.51,Strasburg,0.293,-6%,R,R,0.283,-5%,0.106,-10%,7,x,-1,3%,3%,0%,9.5,7.8,7.8,-0.9,16.5,5.7,2.0,12.0,4.3
Jose Rondon,,SS,2800,SD,@PHI,3.61,Nola,0.283,-8%,R,R,,-1%,,2%,x,x,-,0%,0%,0%,0.0,0.0,0.0,0.0,0.0,0.0,0.0,0.0,0.0
Albert Almora Jr.,,OF,2800,CHC,PIT,4.63,Nova,0.297,-5%,R,R,0.276,-6%,0.092,-13%,x,x,-,0%,0%,0%,3.5,5.6,5.6,0.2,11.1,0.0,0.0,0.0,0.0
Jake Marisnick,,OF,2800,HOU,@TOR,4.27,Stroman,0.312,-2%,R,R,0.286,0%,0.136,-6%,x,x,-,0%,0%,0%,6.1,7.4,7.4,-0.6,15.5,0.0,0.0,0.0,0.0
Geovany Soto,,C,2800,CWS,@COL,4.83,Hoffman,0.346,1%,R,R,0.296,-3%,0.177,-1%,x,x,-,0%,0%,0%,3.3,6.4,6.4,-3.0,15.8,0.0,0.0,0.0,0.0
Alex Verdugo,,OF,2800,LAD,KC,5.08,Kennedy,0.319,0%,R,L,,2%,,6%,x,x,-,0%,0%,0%,0.0,0.0,0.0,0.0,0.0,0.0,0.0,0.0,0.0
Tyler Austin,,OF,2800,NYY,MIL,5.42,Suter,,2%,L,R,0.458,6%,0.370,16%,x,x,-,0%,0%,0%,5.3,5.3,5.3,-2.0,12.5,0.0,0.0,0.0,0.0
Cameron Rupp,,C,2800,PHI,SD,4.39,Chacin,0.286,-7%,R,R,0.274,-9%,0.139,-16%,x,x,-,0%,0%,0%,5.9,5.5,5.5,-0.3,11.3,0.0,0.0,0.0,0.0
Ryan Raburn,,OF,2800,WAS,ATL,5.49,Teheran,0.264,-12%,R,R,0.289,-7%,0.150,-9%,x,x,-,0%,0%,0%,5.7,5.8,5.8,0.1,11.5,0.0,0.0,0.0,0.0
Joey Wendle,,2B,2800,OAK,@SEA,4.45,Moore,,1%,R,L,0.251,-2%,0.049,-6%,x,x,-,0%,0%,0%,0.0,0.0,0.0,0.0,0.0,0.0,0.0,0.0,0.0
Christian Vazquez,,C,2800,BOS,@TB,4.61,Cobb,0.329,0%,R,R,0.263,-5%,0.067,-18%,x,x,-,0%,0%,0%,6.9,6.0,6.0,-1.3,13.4,0.0,0.0,0.0,0.0
Mark Zagunis,,OF,2800,CHC,PIT,4.63,Nova,0.297,-5%,R,R,,-1%,,2%,x,x,-,0%,0%,0%,2.8,2.8,2.8,-0.2,5.7,0.0,0.0,0.0,0.0
Tommy La Stella,,2B/3B,2800,CHC,PIT,4.63,Nova,0.356,8%,R,L,0.327,0%,0.131,0%,x,x,-,0%,0%,0%,3.2,4.6,4.6,-0.7,9.9,0.0,0.0,5.0,1.8
Tony Wolters,,C,2800,COL,CWS,5.67,Quintana,0.289,-7%,L,L,0.281,-7%,0.056,-26%,8,8,0,11%,3%,0%,2.9,5.4,5.4,1.2,9.5,5.8,2.1,0.0,0.0
Greg Garcia,,2B/3B,2800,STL,NYM,4.97,Wheeler,0.342,5%,R,L,0.335,3%,0.109,9%,x,x,-,0%,0%,0%,6.4,5.1,5.1,0.1,10.2,0.0,0.0,0.0,0.0
Rene Rivera,,C,2800,NYM,@STL,4.53,Wainwright,0.318,0%,R,R,0.242,-10%,0.109,-19%,x,x,-,0%,0%,0%,7.2,6.2,6.2,-0.5,13.0,0.0,0.0,0.0,0.0
Steve Pearce,1,OF,2800,TOR,HOU,4.73,Fiers,0.346,6%,R,R,0.333,-5%,0.185,-15%,x,x,-,0%,0%,0%,5.1,6.1,6.1,-1.6,13.8,0.0,0.0,0.0,0.0
Cody Asche,,1B,2800,CWS,@COL,4.83,Hoffman,0.291,-2%,R,L,0.283,-1%,0.150,7%,x,x,-,0%,0%,0%,3.3,3.3,3.3,-1.2,7.8,0.0,0.0,0.0,0.0
Roberto Perez,,C,2800,CLE,DET,5.17,Verlander,0.294,-6%,R,R,0.269,-3%,0.113,-5%,x,x,-,0%,0%,0%,7.6,4.7,4.7,-1.2,10.5,0.0,0.0,0.0,0.0
Domingo Leyba,,SS,2800,ARI,CIN,5.10,Castillo,,1%,R,S,,2%,,6%,x,x,-,0%,0%,0%,0.0,0.0,0.0,0.0,0.0,0.0,0.0,0.0,0.0
Matt Wieters,0,C,2800,WAS,ATL,5.49,Teheran,0.340,4%,R,S,0.305,-3%,0.156,-11%,x,x,-,0%,0%,0%,5.6,6.5,6.5,-0.5,13.5,0.0,0.0,0.0,0.0
Alex Dickerson,,OF,2800,SD,@PHI,3.61,Nola,0.325,1%,R,L,0.341,3%,0.216,13%,x,x,-,0%,0%,0%,0.0,0.0,0.0,0.0,0.0,0.0,0.0,0.0,0.0
Yandy Diaz,,3B/OF,2800,CLE,DET,5.17,Verlander,0.294,-6%,R,R,0.233,-4%,0.022,-7%,x,x,-,0%,0%,0%,4.3,4.3,4.3,1.2,7.4,0.0,0.0,0.0,0.0
Harrison Bader,,OF,2800,STL,NYM,4.97,Wheeler,0.321,2%,R,R,,-1%,,2%,x,x,-,0%,0%,0%,0.0,0.0,0.0,0.0,0.0,0.0,0.0,0.0,0.0
Amed Rosario,,SS,2800,NYM,@STL,4.53,Wainwright,0.318,0%,R,R,,-1%,,2%,x,x,-,0%,0%,0%,0.0,0.0,0.0,0.0,0.0,0.0,0.0,0.0,0.0
Jack Reinheimer,,SS,2800,ARI,CIN,5.10,Castillo,,-1%,R,R,,-1%,,2%,x,x,-,0%,0%,0%,0.0,0.0,0.0,0.0,0.0,0.0,0.0,0.0,0.0
Dalton Pompey,,OF,2800,TOR,HOU,4.73,Fiers,0.294,-6%,R,S,0.263,-1%,0.158,6%,x,x,-,0%,0%,0%,0.0,0.0,0.0,0.0,0.0,0.0,0.0,0.0,0.0
Elias Diaz,,C,2800,PIT,@CHC,3.37,Arrieta,0.255,-14%,R,R,0.289,-2%,0.113,-2%,x,x,-,0%,0%,0%,3.7,7.0,7.0,-0.8,14.7,0.0,0.0,0.0,0.0
Scott Kingery,,2B,2800,PHI,SD,4.39,Chacin,,%,R,,,%,,%,x,x,-,0%,0%,0%,0.0,0.0,0.0,0.0,0.0,0.0,0.0,0.0,0.0
Rowdy Tellez,,1B,2800,TOR,HOU,4.73,Fiers,,%,R,,,%,,%,x,x,-,0%,0%,0%,0.0,0.0,0.0,0.0,0.0,0.0,0.0,0.0,0.0
Rob Segedin,,3B/OF,2800,LAD,KC,5.08,Kennedy,0.320,0%,R,R,0.305,-1%,0.118,0%,x,x,-,0%,0%,0%,5.0,5.0,5.0,5.0,5.0,0.0,0.0,0.0,0.0
Dawel Lugo,,3B/SS,2800,ARI,CIN,5.10,Castillo,,-1%,R,R,,-1%,,2%,x,x,-,0%,0%,0%,0.0,0.0,0.0,0.0,0.0,0.0,0.0,0.0,0.0
Ryan Cordell,,OF,2700,MIL,@NYY,4.08,Severino,0.309,-2%,R,R,,-1%,,2%,x,x,-,0%,0%,0%,0.0,0.0,0.0,0.0,0.0,0.0,0.0,0.0,0.0
Jim Adduci,,OF,2700,DET,@CLE,4.33,Clevinger,0.270,-5%,R,L,0.374,3%,0.205,8%,x,x,-,0%,0%,0%,6.6,8.8,8.8,0.9,16.6,0.0,0.0,0.0,0.0
Brandon Nimmo,,OF,2700,NYM,@STL,4.53,Wainwright,0.321,0%,R,L,0.313,1%,0.060,-5%,x,x,-,0%,0%,0%,4.0,4.0,4.0,0.3,7.7,0.0,0.0,0.0,0.0
Andre Ethier,,OF,2700,LAD,KC,5.08,Kennedy,0.319,0%,R,L,0.379,12%,0.209,25%,x,x,-,0%,0%,0%,0.0,0.0,0.0,0.0,0.0,0.0,0.0,0.0,0.0
Tyler Smith,,SS,2700,SEA,OAK,5.55,Smith,,-1%,R,R,,-1%,,2%,x,x,-,0%,0%,0%,3.5,3.5,3.5,0.1,6.9,0.0,0.0,0.0,0.0
Derek Norris,,C,2700,TB,BOS,4.39,Porcello,0.321,0%,R,R,0.271,-12%,0.148,-11%,x,x,-,0%,0%,0%,8.4,5.9,5.9,-1.5,13.3,0.0,0.0,0.0,0.0
Ty Kelly,,2B/OF,2700,PHI,SD,4.39,Chacin,0.351,7%,R,S,0.263,-1%,0.141,4%,x,x,-,0%,0%,0%,3.6,3.5,3.5,-0.7,7.8,0.0,0.0,0.0,0.0
Dansby Swanson,,SS,2700,ATL,@WAS,3.51,Strasburg,0.293,-6%,R,R,0.272,-5%,0.092,-18%,x,x,-,0%,0%,0%,3.0,5.8,5.8,-0.2,11.8,0.0,0.0,2.0,0.7
Grant Green,,2B/SS,2700,WAS,@COL,5.49,Hoffman,0.346,1%,R,R,0.196,-4%,0.059,-3%,x,x,-,0%,0%,0%,0.0,0.0,0.0,0.0,0.0,0.0,0.0,0.0,0.0
Ronald Guzman,,1B,2700,TEX,LAA,5.68,Chavez,0.327,2%,R,L,,2%,,6%,x,x,-,0%,0%,0%,0.0,0.0,0.0,0.0,0.0,0.0,0.0,0.0,0.0
Shawn O'Malley,,2B/SS,2700,SEA,OAK,5.55,Smith,,1%,R,S,0.291,0%,0.089,-3%,x,x,-,0%,0%,0%,0.0,0.0,0.0,0.0,0.0,0.0,0.0,0.0,0.0
Jace Peterson,,2B/OF,2700,ATL,@WAS,3.51,Strasburg,0.270,-11%,R,L,0.303,4%,0.106,10%,x,x,-,0%,0%,0%,2.0,3.9,3.9,0.2,7.6,0.0,0.0,0.0,0.0
Jacob Stallings,,C,2700,PIT,@CHC,3.37,Arrieta,0.255,-14%,R,R,,-1%,,2%,x,x,-,0%,0%,0%,6.0,6.0,6.0,-2.5,14.5,0.0,0.0,0.0,0.0
Tyler Wade,,SS,2700,NYY,MIL,5.42,Suter,,-5%,L,L,,-7%,,-22%,x,x,-,0%,0%,0%,4.4,4.4,4.4,1.3,7.5,0.0,0.0,0.0,0.0
Aaron Hill,,2B/3B,2700,SF,MIA,4.67,TBA,,%,,R,,%,,%,x,x,-,0%,0%,0%,3.4,3.7,3.7,-0.7,8.1,0.0,0.0,0.0,0.0
Chase d'Arnaud,,SS,2700,SD,@PHI,3.61,Nola,0.283,-8%,R,R,0.278,-2%,0.086,-8%,x,x,-,0%,0%,0%,3.9,3.8,3.8,-2.2,9.8,0.0,0.0,0.0,0.0
Drew Stubbs,,OF,2700,TEX,LAA,5.68,Chavez,0.312,-2%,R,R,0.310,-2%,0.206,11%,x,x,-,0%,0%,0%,1.4,1.4,1.4,-0.6,3.4,0.0,0.0,0.0,0.0
D.J. Peterson,,3B,2700,SEA,OAK,5.55,Smith,,-1%,R,R,,-1%,,2%,x,x,-,0%,0%,0%,0.0,0.0,0.0,0.0,0.0,0.0,0.0,0.0,0.0
JT Riddle,3,SS,2700,MIA,@SF,3.83,Samardzija,0.328,2%,R,L,0.288,0%,0.133,3%,8,8,0,1%,-1%,0%,6.2,5.3,5.3,-0.7,11.3,5.4,2.0,7.0,2.6
Ehire Adrianza,1,2B/SS,2700,MIN,BAL,5.53,Miley,0.350,7%,L,S,0.272,1%,0.103,3%,7,x,1,2%,3%,0%,6.9,6.8,6.8,1.0,12.6,7.0,2.6,3.0,1.1
Zack Collins,,C,2700,CWS,@COL,4.83,Hoffman,,%,R,,,%,,%,x,x,-,0%,0%,0%,0.0,0.0,0.0,0.0,0.0,0.0,0.0,0.0,0.0
Matt Szczur,,OF,2700,SD,@PHI,3.61,Nola,0.283,-8%,R,R,0.298,-2%,0.113,-8%,x,x,-,0%,0%,0%,5.8,5.4,5.4,0.3,10.6,0.0,0.0,0.0,0.0
Brandon Phillips,1,2B,2700,ATL,@WAS,3.51,Strasburg,0.293,-6%,R,R,0.323,3%,0.126,5%,2,2,0,3%,3%,0%,3.7,7.5,7.5,0.2,14.7,7.5,2.8,2.0,0.7
Miguel Andujar,,3B,2700,NYY,MIL,5.42,Suter,,2%,L,R,,3%,,8%,x,x,-,0%,0%,0%,26.0,26.0,26.0,26.0,26.0,0.0,0.0,0.0,0.0
Andrew Susac,,C,2700,MIL,@NYY,4.08,Severino,0.309,-2%,R,R,0.254,-6%,0.137,-2%,x,x,-,0%,0%,0%,0.0,0.0,0.0,0.0,0.0,0.0,0.0,0.0,0.0
Adonis Garcia,,3B,2700,ATL,@WAS,3.51,Strasburg,0.293,-6%,R,R,0.292,-5%,0.141,-4%,x,x,-,0%,0%,0%,9.1,6.8,6.8,-0.1,13.7,0.0,0.0,0.0,0.0
Nolan Fontana,,2B,2700,LAA,@TEX,4.82,Ross,0.308,-3%,R,L,,2%,,6%,x,x,-,0%,0%,0%,1.4,1.4,1.4,-1.7,4.5,0.0,0.0,0.0,0.0
Jorge Mateo,,SS,2700,NYY,MIL,5.42,Suter,,2%,L,R,,3%,,8%,x,x,-,0%,0%,0%,0.0,0.0,0.0,0.0,0.0,0.0,0.0,0.0,0.0
Jarrod Saltalamacchia,,C,2700,TOR,HOU,4.73,Fiers,0.294,-6%,R,S,0.287,1%,0.182,13%,x,x,-,0%,0%,0%,1.2,1.2,1.2,-0.9,3.2,0.0,0.0,0.0,0.0
Boog Powell,,OF,2600,SEA,OAK,5.55,Smith,,1%,R,L,0.230,0%,0.000,-2%,x,x,-,0%,0%,0%,3.8,3.5,3.5,0.4,6.5,0.0,0.0,0.0,0.0
Tucker Barnhart,2,C,2600,CIN,@ARI,4.40,Walker,0.310,-2%,R,S,0.317,8%,0.118,13%,8,8,0,8%,0%,0%,6.3,5.1,5.1,0.4,9.8,6.5,2.5,21.0,8.1
Jae-gyun Hwang,,3B,2600,SF,MIA,4.67,TBA,,%,,R,,%,,%,x,x,-,0%,0%,0%,4.4,4.4,4.4,-1.2,10.0,0.0,0.0,5.0,1.9
Darrell Ceciliani,,OF,2600,TOR,HOU,4.73,Fiers,0.294,-6%,R,L,0.253,-2%,0.128,2%,x,x,-,0%,0%,0%,12.5,12.5,12.5,-5.2,30.2,0.0,0.0,0.0,0.0
Francisco Pena,,C,2600,BAL,@MIN,5.47,Mejia,0.334,3%,L,R,,3%,,8%,x,x,-,0%,0%,0%,13.0,13.0,13.0,-0.2,26.2,0.0,0.0,0.0,0.0
Ryan O'Hearn,,1B,2600,KC,@LAD,3.92,McCarthy,,%,R,,,%,,%,x,x,-,0%,0%,0%,0.0,0.0,0.0,0.0,0.0,0.0,0.0,0.0,0.0
Rickie Weeks Jr.,,1B,2600,TB,BOS,4.39,Porcello,0.321,0%,R,R,0.266,-8%,0.107,-16%,x,x,-,0%,0%,0%,3.6,5.7,5.7,-0.3,11.8,0.0,0.0,0.0,0.0
Jake Smolinski,,OF,2600,OAK,@SEA,4.45,Moore,,-1%,R,R,0.236,-13%,0.086,-23%,x,x,-,0%,0%,0%,0.0,0.0,0.0,0.0,0.0,0.0,0.0,0.0,0.0
Travis Jankowski,,OF,2600,SD,@PHI,3.61,Nola,0.325,1%,R,L,0.303,8%,0.086,12%,x,x,-,0%,0%,0%,3.4,4.3,4.3,0.2,8.4,0.0,0.0,0.0,0.0
Marco Hernandez,,3B/SS,2600,BOS,@TB,4.61,Cobb,0.299,-5%,R,L,0.281,0%,0.082,-3%,x,x,-,0%,0%,0%,4.0,3.9,3.9,0.5,7.3,0.0,0.0,0.0,0.0
Ryan Flaherty,,2B/SS,2600,BAL,@MIN,5.47,Mejia,,-4%,L,L,0.269,-5%,0.141,-14%,x,x,-,0%,0%,0%,5.7,5.7,5.7,-1.0,12.4,0.0,0.0,0.0,0.0
Kevin Newman,,SS,2600,PIT,@CHC,3.37,Arrieta,,%,R,,,%,,%,x,x,-,0%,0%,0%,0.0,0.0,0.0,0.0,0.0,0.0,0.0,0.0,0.0
Darwin Barney,,2B/3B,2600,TOR,HOU,4.73,Fiers,0.346,6%,R,R,0.272,-6%,0.106,-2%,9,x,-1,0%,1%,0%,5.9,4.3,4.3,-0.7,9.3,4.7,1.8,2.0,0.8
Hyun Soo Kim,,OF,2600,BAL,@MIN,5.47,Mejia,,-4%,L,L,0.158,-10%,0.000,-27%,x,x,-,0%,0%,0%,2.0,4.1,4.1,0.5,7.6,0.0,0.0,0.0,0.0
Ryan LaMarre,,OF,2600,OAK,@SEA,4.45,Moore,,-1%,R,R,0.108,-5%,0.000,-4%,x,x,-,0%,0%,0%,1.0,1.0,1.0,-0.4,2.4,0.0,0.0,0.0,0.0
Danny Ortiz,,OF,2600,PIT,@CHC,3.37,Arrieta,0.257,-14%,R,L,,2%,,6%,x,x,-,0%,0%,0%,0.0,0.0,0.0,0.0,0.0,0.0,0.0,0.0,0.0
Luis Urias,,2B,2600,SD,@PHI,3.61,Nola,0.283,-8%,R,R,,-1%,,2%,x,x,-,0%,0%,0%,0.0,0.0,0.0,0.0,0.0,0.0,0.0,0.0,0.0
Matt den Dekker,,OF,2600,DET,@CLE,4.33,Clevinger,0.270,-5%,R,L,0.330,2%,0.205,12%,x,x,-,0%,0%,0%,3.5,3.5,3.5,1.4,5.6,0.0,0.0,0.0,0.0
Conor Gillaspie,,3B,2600,SF,MIA,4.67,TBA,,%,,L,,%,,%,x,x,-,0%,0%,0%,3.2,3.2,3.2,-1.1,7.6,0.0,0.0,3.0,1.2
Brock Stassi,,1B/OF,2600,PHI,SD,4.39,Chacin,0.351,7%,R,L,0.303,1%,0.175,7%,x,x,-,0%,0%,0%,2.6,4.3,4.3,-0.8,9.5,0.0,0.0,0.0,0.0
Kirk Nieuwenhuis,,OF,2600,MIL,@NYY,4.08,Severino,0.311,-2%,R,L,0.308,4%,0.183,8%,x,x,-,0%,0%,0%,5.2,5.2,5.2,-0.8,11.1,0.0,0.0,0.0,0.0
Scott Van Slyke,,1B/OF,2600,LAD,KC,5.08,Kennedy,0.320,0%,R,R,0.260,-10%,0.121,-13%,x,x,-,0%,0%,0%,4.6,3.9,3.9,-1.4,9.3,0.0,0.0,0.0,0.0
Andres Blanco,0,2B/3B,2600,PHI,SD,4.39,Chacin,0.351,7%,R,S,0.316,-1%,0.161,1%,8,8,-1,-2%,3%,0%,2.7,3.4,3.4,-1.2,8.0,6.3,2.4,0.0,0.0
Patrick Kivlehan,,OF,2600,CIN,@ARI,4.40,Walker,0.320,0%,R,R,0.265,-3%,0.143,0%,x,x,-,0%,0%,0%,6.1,6.5,6.5,-2.8,15.8,0.0,0.0,4.0,1.5
Jacob Nottingham,,C,2600,MIL,@NYY,4.08,Severino,,%,R,,,%,,%,x,x,-,0%,0%,0%,0.0,0.0,0.0,0.0,0.0,0.0,0.0,0.0,0.0
Luis Sardinas,,3B/SS,2600,BAL,@MIN,5.47,Mejia,0.334,3%,L,S,0.307,7%,0.128,18%,x,x,-,0%,0%,0%,3.2,3.1,3.1,-0.2,6.3,0.0,0.0,0.0,0.0
Michael Reed,,OF,2600,MIL,@NYY,4.08,Severino,0.309,-2%,R,R,,-1%,,2%,x,x,-,0%,0%,0%,0.0,0.0,0.0,0.0,0.0,0.0,0.0,0.0,0.0
Steve Selsky,,OF,2600,BOS,@TB,4.61,Cobb,0.329,0%,R,R,0.269,-2%,0.093,-2%,x,x,-,0%,0%,0%,2.5,2.5,2.5,-1.0,6.0,0.0,0.0,0.0,0.0
Christian Bethancourt,,C,2600,SD,@PHI,3.61,Nola,0.283,-8%,R,R,0.254,-4%,0.129,5%,x,x,-,0%,0%,0%,0.0,0.0,0.0,0.0,0.0,0.0,0.0,0.0,0.0
J.D. Davis,,3B,2600,HOU,@TOR,4.27,Stroman,,%,R,,,%,,%,x,x,-,0%,0%,0%,0.0,0.0,0.0,0.0,0.0,0.0,0.0,0.0,0.0
Cliff Pennington,,2B/3B,2600,LAA,@TEX,4.82,Ross,0.308,-3%,R,S,0.278,2%,0.091,9%,x,x,-,0%,0%,0%,6.1,5.0,5.0,0.0,10.0,0.0,0.0,0.0,0.0
Anthony Alford,,OF,2500,TOR,HOU,4.73,Fiers,0.346,6%,R,R,,-1%,,2%,x,x,-,0%,0%,0%,1.7,1.7,1.7,-1.2,4.6,0.0,0.0,0.0,0.0
Richard Urena,,SS,2500,TOR,HOU,4.73,Fiers,0.294,-6%,R,S,,2%,,6%,x,x,-,0%,0%,0%,0.0,0.0,0.0,0.0,0.0,0.0,0.0,0.0,0.0
Destin Hood,,OF,2500,MIA,@SF,3.83,Samardzija,0.292,-6%,R,R,,-1%,,2%,x,x,-,0%,0%,0%,0.0,0.0,0.0,0.0,0.0,0.0,0.0,0.0,0.0
Magneuris Sierra,,OF,2500,STL,NYM,4.97,Wheeler,0.342,5%,R,L,,2%,,6%,x,x,-,0%,0%,0%,8.6,8.6,8.6,4.8,12.4,0.0,0.0,0.0,0.0
Luke Voit,1,1B,2500,STL,NYM,4.97,Wheeler,0.321,2%,R,R,,-1%,,2%,6,6,-1,0%,4%,0%,8.9,8.9,8.9,-2.3,20.0,7.0,2.8,10.0,4.0
Gift Ngoepe,,2B/SS,2500,PIT,@CHC,3.37,Arrieta,0.255,-14%,R,R,0.302,-2%,0.093,-2%,x,x,-,0%,0%,0%,3.5,5.4,5.4,-0.8,11.5,0.0,0.0,0.0,0.0
Terrance Gore,,OF,2500,KC,@LAD,3.92,McCarthy,0.304,-3%,R,R,,-1%,,2%,x,x,-,0%,0%,0%,0.0,0.0,0.0,0.0,0.0,0.0,0.0,0.0,0.0
Francisco Cervelli,,C,2500,PIT,@CHC,3.37,Arrieta,0.255,-14%,R,R,0.320,-2%,0.091,-7%,7,7,0,0%,2%,0%,4.5,6.3,6.3,0.6,12.0,5.2,2.1,9.0,3.6
Jett Bandy,,C,2500,MIL,@NYY,4.08,Severino,0.309,-2%,R,R,0.272,-6%,0.131,-12%,x,x,-,0%,0%,0%,1.6,6.2,6.2,-0.6,13.0,0.0,0.0,0.0,0.0
Gavin Cecchini,,2B,2500,NYM,@STL,4.53,Wainwright,0.318,0%,R,R,,-1%,,2%,x,x,-,0%,0%,0%,6.3,6.3,6.3,-0.3,12.8,0.0,0.0,0.0,0.0
Adeiny Hechavarria,,SS,2500,TB,BOS,4.39,Porcello,0.321,0%,R,R,0.265,-5%,0.074,-8%,7,x,1,-3%,0%,0%,3.9,5.1,5.1,-0.8,10.9,5.0,2.0,0.0,0.0
Sam Travis,,1B,2500,BOS,@TB,4.61,Cobb,0.329,0%,R,R,,-1%,,2%,x,x,-,0%,0%,0%,7.4,7.4,7.4,0.6,14.2,0.0,0.0,0.0,0.0
Kyle Higashioka,,C,2500,NYY,MIL,5.42,Suter,,2%,L,R,,3%,,8%,x,x,-,0%,0%,0%,0.8,0.8,0.8,-0.3,1.9,0.0,0.0,0.0,0.0
Paul Janish,,3B/SS,2500,BAL,@MIN,5.47,Mejia,0.334,3%,L,R,0.200,0%,0.044,1%,x,x,-,0%,0%,0%,1.6,1.6,1.6,-0.8,3.9,0.0,0.0,0.0,0.0
Jeff Mathis,,C,2500,ARI,CIN,5.10,Castillo,,-1%,R,R,0.203,-12%,0.090,-15%,x,x,-,0%,0%,0%,5.9,4.0,4.0,-1.2,9.2,0.0,0.0,0.0,0.0
Juan Graterol,,C,2500,LAA,@TEX,4.82,Ross,0.268,-11%,R,R,0.279,-2%,0.059,-4%,x,x,-,0%,0%,0%,3.4,3.4,3.4,0.9,5.9,0.0,0.0,0.0,0.0
Curt Casali,,C,2500,TB,BOS,4.39,Porcello,0.321,0%,R,R,0.287,-3%,0.205,3%,x,x,-,0%,0%,0%,0.0,0.0,0.0,0.0,0.0,0.0,0.0,0.0,0.0
Chris Heisey,,OF,2500,WAS,ATL,5.49,Teheran,0.264,-12%,R,R,0.293,-1%,0.194,2%,x,x,-,0%,0%,0%,5.6,5.6,5.6,0.3,10.9,0.0,0.0,0.0,0.0
Carlos Ruiz,,C,2500,SEA,OAK,5.55,Smith,,-1%,R,R,0.258,-14%,0.060,-41%,x,x,-,0%,0%,0%,6.4,4.8,4.8,-0.1,9.6,0.0,0.0,0.0,0.0
Justin Ruggiano,,OF,2500,SF,MIA,4.67,TBA,,%,,R,,%,,%,x,x,-,0%,0%,0%,3.6,4.6,4.6,-1.3,10.5,0.0,0.0,0.0,0.0
Jorge Alfaro,,C,2500,PHI,SD,4.39,Chacin,0.286,-7%,R,R,,-1%,,2%,x,x,-,0%,0%,0%,0.0,0.0,0.0,0.0,0.0,0.0,0.0,0.0,0.0
Alcides Escobar,,SS,2500,KC,@LAD,3.92,McCarthy,0.304,-3%,R,R,0.264,-3%,0.077,-7%,7,7,1,-10%,4%,2%,8.2,5.0,5.0,-0.1,10.1,5.3,2.1,8.0,3.2
Roman Quinn,,OF,2500,PHI,SD,4.39,Chacin,0.351,7%,R,S,0.293,1%,0.048,-1%,x,x,-,0%,0%,0%,0.0,0.0,0.0,0.0,0.0,0.0,0.0,0.0,0.0
Juan Lagares,,OF,2500,NYM,@STL,4.53,Wainwright,0.318,0%,R,R,0.273,-8%,0.102,-14%,x,x,-,0%,0%,0%,8.1,5.6,5.6,-1.1,12.3,0.0,0.0,0.0,0.0
Matt Olson,1,1B/OF,2500,OAK,@SEA,4.45,Moore,,1%,R,L,0.333,2%,0.241,12%,x,x,-,0%,0%,0%,9.7,8.1,8.1,-3.3,19.5,0.0,0.0,0.0,0.0
Chris Coghlan,,3B/OF,2500,TOR,HOU,4.73,Fiers,0.294,-6%,R,L,0.318,3%,0.173,12%,x,x,-,0%,0%,0%,4.4,4.3,4.3,-0.8,9.4,0.0,0.0,0.0,0.0
Tuffy Gosewisch,,C,2500,SEA,OAK,5.55,Smith,,-1%,R,R,0.198,-10%,0.053,-18%,x,x,-,0%,0%,0%,1.3,1.3,1.3,-0.1,2.6,0.0,0.0,0.0,0.0
Carlos Perez,,C,2500,LAA,@TEX,4.82,Ross,0.268,-11%,R,R,0.273,4%,0.119,14%,x,x,-,0%,0%,0%,0.0,0.0,0.0,0.0,0.0,0.0,0.0,0.0,0.0
Micah Johnson,,2B,2500,ATL,@WAS,3.51,Strasburg,0.270,-11%,R,L,0.279,-1%,0.049,-7%,x,x,-,0%,0%,0%,0.0,0.0,0.0,0.0,0.0,0.0,0.0,0.0,0.0
Norichika Aoki,0,OF,2400,HOU,@TOR,4.27,Stroman,0.298,-5%,R,L,0.325,-1%,0.114,30%,9,x,0,3%,0%,0%,4.7,5.0,5.0,-0.1,10.1,5.8,2.4,7.0,2.9
Rio Ruiz,,3B,2400,ATL,@WAS,3.51,Strasburg,0.270,-11%,R,L,0.238,-3%,0.120,1%,x,x,-,0%,0%,0%,4.7,5.5,5.5,-0.9,12.0,0.0,0.0,0.0,0.0
Harold Ramirez,,OF,2400,TOR,HOU,4.73,Fiers,0.346,6%,R,R,,-1%,,2%,x,x,-,0%,0%,0%,0.0,0.0,0.0,0.0,0.0,0.0,0.0,0.0,0.0
Travis Demeritte,,2B/SS,2400,ATL,@WAS,3.51,Strasburg,,%,R,,,%,,%,x,x,-,0%,0%,0%,0.0,0.0,0.0,0.0,0.0,0.0,0.0,0.0,0.0
Daniel Robertson,,OF,2400,CLE,DET,5.17,Verlander,0.294,-6%,R,R,0.239,-4%,0.068,-7%,x,x,-,0%,0%,0%,4.5,4.6,4.6,-1.2,10.4,0.0,0.0,0.0,0.0
Carson Kelly,,C,2400,STL,NYM,4.97,Wheeler,0.321,2%,R,R,,-1%,,2%,x,x,-,0%,0%,0%,0.0,0.0,0.0,0.0,0.0,0.0,0.0,0.0,0.0
Daniel Robertson,,2B/3B,2400,TB,BOS,4.39,Porcello,0.321,0%,R,R,,-1%,,2%,x,x,-,0%,0%,0%,7.1,5.6,5.6,0.5,10.6,0.0,0.0,0.0,0.0
Ichiro Suzuki,,OF,2400,MIA,@SF,3.83,Samardzija,0.328,2%,R,L,0.260,-10%,0.058,-21%,x,x,-,0%,0%,0%,5.0,4.5,4.5,-0.9,9.9,0.0,0.0,0.0,0.0
Josh Rutledge,,2B/3B,2400,BOS,@TB,4.61,Cobb,0.329,0%,R,R,0.270,-3%,0.042,-19%,x,x,-,0%,0%,0%,3.9,4.6,4.6,-0.2,9.4,0.0,0.0,0.0,0.0
Michael Morse,,1B,2400,SF,MIA,4.67,TBA,,%,,R,,%,,%,x,x,-,0%,0%,0%,2.4,2.4,2.4,-0.3,5.1,0.0,0.0,0.0,0.0
Tomas Telis,,C,2400,MIA,@SF,3.83,Samardzija,0.328,2%,R,S,0.229,-1%,0.085,1%,x,x,-,0%,0%,0%,0.0,0.0,0.0,0.0,0.0,0.0,0.0,0.0,0.0
Kevin Plawecki,,C,2400,NYM,@STL,4.53,Wainwright,0.318,0%,R,R,0.256,-1%,0.058,-20%,x,x,-,0%,0%,0%,3.7,3.7,3.7,-1.0,8.3,0.0,0.0,0.0,0.0
Alex Mejia,,SS,2400,STL,NYM,4.97,Wheeler,0.321,2%,R,R,,-1%,,2%,x,x,-,0%,0%,0%,4.8,4.8,4.8,-4.8,14.3,0.0,0.0,0.0,0.0
Drew Robinson,2,2B/OF,2400,TEX,LAA,5.68,Chavez,0.327,2%,R,L,,2%,,6%,9,x,0,1%,1%,0%,9.5,9.5,9.5,-3.9,22.9,7.1,3.0,20.0,8.3
Michael Martinez,,2B/3B,2400,CLE,DET,5.17,Verlander,0.288,-7%,R,S,0.251,-2%,0.070,-5%,x,x,-,0%,0%,0%,3.4,3.4,3.4,1.9,4.9,0.0,0.0,0.0,0.0
Phil Gosselin,,2B,2400,PIT,@CHC,3.37,Arrieta,0.255,-14%,R,R,0.308,-1%,0.123,9%,x,x,-,0%,0%,0%,2.1,2.1,2.1,-0.9,5.1,0.0,0.0,0.0,0.0
Anthony Santander,,OF,2400,BAL,@MIN,5.47,Mejia,0.334,3%,L,S,,3%,,8%,x,x,-,0%,0%,0%,0.0,0.0,0.0,0.0,0.0,0.0,0.0,0.0,0.0
Matt Reynolds,,3B/SS,2400,NYM,@STL,4.53,Wainwright,0.318,0%,R,R,0.227,-5%,0.111,-2%,x,x,-,0%,0%,0%,7.6,7.6,7.6,2.3,12.9,0.0,0.0,0.0,0.0
Allen Cordoba,,OF/SS,2400,SD,@PHI,3.61,Nola,0.283,-8%,R,R,0.293,-2%,0.096,-7%,x,x,-,0%,0%,0%,2.4,5.0,5.0,-0.7,10.7,0.0,0.0,0.0,0.0
Victor Caratini,,C,2400,CHC,PIT,4.63,Nova,0.356,8%,R,S,,2%,,6%,x,x,-,0%,0%,0%,1.3,1.3,1.3,0.2,2.5,0.0,0.0,0.0,0.0
David Washington,,1B,2400,BAL,@MIN,5.47,Mejia,,-4%,L,L,,-7%,,-22%,x,x,-,0%,0%,0%,0.0,0.0,0.0,0.0,0.0,0.0,0.0,0.0,0.0
Chris Bostick,,2B,2400,PIT,@CHC,3.37,Arrieta,0.255,-14%,R,R,,-1%,,2%,x,x,-,0%,0%,0%,1.0,1.0,1.0,-0.4,2.4,0.0,0.0,0.0,0.0
Pedro Severino,,C,2400,WAS,ATL,5.49,Teheran,0.264,-12%,R,R,0.417,1%,0.222,4%,x,x,-,0%,0%,0%,0.0,0.0,0.0,0.0,0.0,0.0,0.0,0.0,0.0
Dwight Smith Jr.,,OF,2400,TOR,HOU,4.73,Fiers,0.294,-6%,R,L,,2%,,6%,x,x,-,0%,0%,0%,5.6,5.6,5.6,0.5,10.6,0.0,0.0,0.0,0.0
Ruben Tejada,0,3B/SS,2400,BAL,@MIN,5.47,Mejia,0.334,3%,L,R,0.308,6%,0.086,12%,x,x,-,0%,0%,0%,3.7,3.7,3.7,0.1,7.4,0.0,0.0,0.0,0.0
Johan Camargo,,3B,2400,ATL,@WAS,3.51,Strasburg,0.270,-11%,R,S,0.270,-1%,0.113,2%,8,x,-1,0%,3%,0%,5.9,7.1,7.1,1.4,12.7,4.8,2.0,17.0,7.1
Ryder Jones,,3B,2300,SF,MIA,4.67,TBA,,%,,L,,%,,%,x,x,-,0%,0%,0%,1.3,1.3,1.3,-0.9,3.5,0.0,0.0,0.0,0.0
Carlos Asuaje,1,2B,2300,SD,@PHI,3.61,Nola,0.325,1%,R,L,0.312,1%,0.071,1%,7,7,0,-2%,3%,0%,5.0,4.8,4.8,0.0,9.6,6.1,2.7,12.0,5.2
Eric Fryer,,C,2300,STL,NYM,4.97,Wheeler,0.321,2%,R,R,0.283,-3%,0.066,-14%,x,x,-,0%,0%,0%,3.3,3.1,3.1,0.1,6.0,0.0,0.0,0.0,0.0
Shane Peterson,0,OF,2300,TB,BOS,4.39,Porcello,0.314,-1%,R,L,0.308,1%,0.122,0%,8,8,-1,0%,0%,0%,6.3,7.3,7.3,0.6,13.9,6.1,2.7,5.0,2.2
Raul Mondesi,,2B,2300,KC,@LAD,3.92,McCarthy,0.310,-2%,R,S,0.210,-5%,0.111,1%,x,x,-,0%,0%,0%,4.5,4.1,4.1,-1.6,9.8,0.0,0.0,0.0,0.0
Tim Federowicz,,C,2300,SF,MIA,4.67,TBA,,%,,R,,%,,%,x,x,-,0%,0%,0%,2.0,2.0,2.0,2.0,2.0,0.0,0.0,0.0,0.0
Daniel Vogelbach,,1B,2300,SEA,OAK,5.55,Smith,,1%,R,L,,2%,,6%,x,x,-,0%,0%,0%,3.4,3.4,3.4,0.7,6.1,0.0,0.0,0.0,0.0
Kyle Lewis,,OF,2300,SEA,OAK,5.55,Smith,,%,R,,,%,,%,x,x,-,0%,0%,0%,0.0,0.0,0.0,0.0,0.0,0.0,0.0,0.0,0.0
Tzu-Wei Lin,0,3B/SS,2300,BOS,@TB,4.61,Cobb,0.299,-5%,R,L,0.354,2%,0.080,3%,9,9,0,-10%,0%,0%,7.7,7.7,7.7,0.7,14.7,5.2,2.3,0.0,0.0
Christian Colon,,2B/3B,2300,MIA,@SF,3.83,Samardzija,0.292,-6%,R,R,0.260,-5%,0.045,-18%,x,x,-,0%,0%,0%,3.1,2.8,2.8,0.2,5.3,0.0,0.0,0.0,0.0
Rafael Bautista,,OF,2300,WAS,ATL,5.49,Teheran,0.264,-12%,R,R,,-1%,,2%,x,x,-,0%,0%,0%,2.5,2.5,2.5,-1.0,6.0,0.0,0.0,0.0,0.0
Steve Lombardozzi,,2B/OF,2300,MIA,@SF,3.83,Samardzija,0.328,2%,R,S,0.265,0%,0.040,-5%,x,x,-,0%,0%,0%,0.0,0.0,0.0,0.0,0.0,0.0,0.0,0.0,0.0
Luke Maile,,C,2300,TOR,HOU,4.73,Fiers,0.346,6%,R,R,0.193,-10%,0.099,-7%,x,x,-,0%,0%,0%,2.6,3.1,3.1,-1.1,7.2,0.0,0.0,0.0,0.0
Austin Slater,,OF,2300,SF,MIA,4.67,TBA,,%,,R,,%,,%,x,x,-,0%,0%,0%,3.9,6.8,6.8,-0.3,13.9,0.0,0.0,0.0,0.0
Jabari Blash,,OF,2300,SD,@PHI,3.61,Nola,0.283,-8%,R,R,0.281,-3%,0.106,-3%,x,x,-,0%,0%,0%,4.2,4.0,4.0,-0.9,8.9,0.0,0.0,0.0,0.0
Ryan Goins,,2B/SS,2300,TOR,HOU,4.73,Fiers,0.294,-6%,R,L,0.286,7%,0.124,12%,x,x,-,0%,0%,0%,4.2,5.2,5.2,-0.6,11.0,0.0,0.0,0.0,0.0
Jose Lobaton,1,C,2200,WAS,ATL,5.49,Teheran,0.340,4%,R,S,0.272,4%,0.119,15%,8,x,0,-1%,3%,0%,3.3,3.6,3.6,-1.6,8.8,6.0,2.7,0.0,0.0
Danny Espinosa,,2B,2200,LAA,@TEX,4.82,Ross,0.308,-3%,R,S,0.286,-2%,0.149,-7%,x,x,-,0%,0%,0%,3.0,5.2,5.2,-0.8,11.1,0.0,0.0,0.0,0.0
Mike Freeman,,1B/2B,2200,LAD,KC,5.08,Kennedy,0.319,0%,R,L,0.134,-4%,0.077,0%,x,x,-,0%,0%,0%,2.6,2.6,2.6,-3.3,8.5,0.0,0.0,0.0,0.0
Hector Sanchez,,C,2200,SD,@PHI,3.61,Nola,0.325,1%,R,S,0.307,2%,0.225,15%,x,x,-,0%,0%,0%,1.1,1.1,1.1,-0.9,3.2,0.0,0.0,0.0,0.0
Ildemaro Vargas,,2B,2200,ARI,CIN,5.10,Castillo,,1%,R,S,,2%,,6%,x,x,-,0%,0%,0%,0.0,0.0,0.0,0.0,0.0,0.0,0.0,0.0,0.0
Nick Senzel,,3B,2200,CIN,@ARI,4.40,Walker,,%,R,,,%,,%,x,x,-,0%,0%,0%,0.0,0.0,0.0,0.0,0.0,0.0,0.0,0.0,0.0
Mike Aviles,,2B/OF,2100,MIA,@SF,3.83,Samardzija,0.292,-6%,R,R,0.244,-4%,0.075,-6%,x,x,-,0%,0%,0%,2.0,2.0,2.0,2.0,2.0,0.0,0.0,0.0,0.0
Austin Hedges,0,C,2100,SD,@PHI,3.61,Nola,0.283,-8%,R,R,0.255,0%,0.156,7%,8,8,-1,6%,4%,0%,5.8,6.4,6.4,-1.4,14.2,5.6,2.7,5.0,2.4
Eloy Jimenez,,OF,2100,CHC,PIT,4.63,Nova,0.297,-5%,R,R,,-1%,,2%,x,x,-,0%,0%,0%,0.0,0.0,0.0,0.0,0.0,0.0,0.0,0.0,0.0
Stuart Turner,,C,2100,CIN,@ARI,4.40,Walker,0.320,0%,R,R,,-1%,,2%,x,x,-,0%,0%,0%,3.4,3.4,3.4,-1.7,8.6,0.0,0.0,0.0,0.0
Kyle Tucker,,OF,2100,HOU,@TOR,4.27,Stroman,,%,R,,,%,,%,x,x,-,0%,0%,0%,0.0,0.0,0.0,0.0,0.0,0.0,0.0,0.0,0.0
Orlando Calixte,,OF,2100,SF,MIA,4.67,TBA,,%,,R,,%,,%,x,x,-,0%,0%,0%,3.7,3.7,3.7,-0.9,8.3,0.0,0.0,0.0,0.0
Chad Pinder,,2B/SS,2100,OAK,@SEA,4.45,Moore,,-1%,R,R,0.322,0%,0.240,10%,x,x,-,0%,0%,0%,6.8,7.5,7.5,-0.3,15.4,0.0,0.0,0.0,0.0
Chris Marrero,,OF,2100,SF,MIA,4.67,TBA,,%,,R,,%,,%,x,x,-,0%,0%,0%,3.8,3.6,3.6,-2.2,9.5,0.0,0.0,0.0,0.0
Drew Butera,,C,2000,KC,@LAD,3.92,McCarthy,0.304,-3%,R,R,0.297,0%,0.144,1%,x,x,-,0%,0%,0%,2.2,4.5,4.5,-2.5,11.4,0.0,0.0,0.0,0.0
Willy Adames,,SS,2000,TB,BOS,4.39,Porcello,0.321,0%,R,R,,-1%,,2%,x,x,-,0%,0%,0%,0.0,0.0,0.0,0.0,0.0,0.0,0.0,0.0,0.0
Mike Ohlman,,C,2000,TOR,HOU,4.73,Fiers,0.346,6%,R,R,,-1%,,2%,x,x,-,0%,0%,0%,2.5,2.5,2.5,-1.0,6.0,0.0,0.0,0.0,0.0
Ryan Lavarnway,,1B/C,2000,OAK,@SEA,4.45,Moore,,-1%,R,R,0.219,-5%,0.115,-1%,x,x,-,0%,0%,0%,0.0,0.0,0.0,0.0,0.0,0.0,0.0,0.0,0.0
Ramon Torres,,SS,2000,KC,@LAD,3.92,McCarthy,0.310,-2%,R,S,0.362,2%,0.069,2%,x,x,-,0%,0%,0%,7.3,7.3,7.3,0.9,13.7,0.0,0.0,0.0,0.0
Chris Stewart,,C,2000,PIT,@CHC,3.37,Arrieta,0.255,-14%,R,R,0.262,-4%,0.061,6%,x,x,-,0%,0%,0%,2.9,3.5,3.5,-0.3,7.3,0.0,0.0,0.0,0.0
Adrian Sanchez,,2B/SS,2000,WAS,ATL,5.49,Teheran,0.264,-12%,R,R,,-1%,,2%,x,x,-,0%,0%,0%,0.0,0.0,0.0,0.0,0.0,0.0,0.0,0.0,0.0
Taylor Featherston,,2B,2000,TB,BOS,4.39,Porcello,0.321,0%,R,R,0.194,-9%,0.122,0%,x,x,-,0%,0%,0%,7.0,6.5,6.5,-0.3,13.4,0.0,0.0,0.0,0.0
Anthony Recker,,C,2000,ATL,@WAS,3.51,Strasburg,0.293,-6%,R,R,0.264,-4%,0.085,-11%,x,x,-,0%,0%,0%,0.0,0.0,0.0,0.0,0.0,0.0,0.0,0.0,0.0
Luis Torrens,,C,2000,SD,@PHI,3.61,Nola,0.283,-8%,R,R,0.225,-5%,0.018,-9%,x,x,-,0%,0%,0%,3.7,3.0,3.0,-0.3,6.3,0.0,0.0,0.0,0.0
Max Moroff,,2B/SS,2000,PIT,@CHC,3.37,Arrieta,0.257,-14%,R,S,0.129,-2%,0.000,0%,x,x,-,0%,0%,0%,3.3,3.2,3.2,-1.2,7.6,0.0,0.0,0.0,0.0
Yadiel Rivera,,2B/SS,2000,MIL,@NYY,4.08,Severino,0.309,-2%,R,R,0.180,-6%,0.038,-6%,x,x,-,0%,0%,0%,0.0,0.0,0.0,0.0,0.0,0.0,0.0,0.0,0.0
Johnny Giavotella,1,2B,2000,BAL,@MIN,5.47,Mejia,0.334,3%,L,R,0.269,-3%,0.060,-18%,8,x,0,4%,3%,0%,0.0,0.0,0.0,0.0,0.0,6.8,3.4,0.0,0.0
Lane Adams,,OF,2000,ATL,@WAS,3.51,Strasburg,0.293,-6%,R,R,,-1%,,2%,x,x,-,0%,0%,0%,9.0,9.0,9.0,-3.7,21.7,0.0,0.0,0.0,0.0
Jaff Decker,,OF,2000,OAK,@SEA,4.45,Moore,,1%,R,L,0.264,-1%,0.065,-7%,x,x,-,0%,0%,0%,2.2,4.4,4.4,-1.6,10.4,0.0,0.0,0.0,0.0
A.J. Ellis,,C,2000,MIA,@SF,3.83,Samardzija,0.292,-6%,R,R,0.278,-5%,0.082,-15%,x,x,-,0%,0%,0%,4.2,4.1,4.1,0.6,7.7,0.0,0.0,0.0,0.0
Tony Kemp,,2B/OF,2000,HOU,@TOR,4.27,Stroman,0.298,-5%,R,L,0.282,-1%,0.118,0%,x,x,-,0%,0%,0%,0.0,0.0,0.0,0.0,0.0,0.0,0.0,0.0,0.0
Brett Eibner,,OF,2000,LAD,KC,5.08,Kennedy,0.320,0%,R,R,0.229,-7%,0.121,-5%,x,x,-,0%,0%,0%,4.9,4.9,4.9,-2.0,11.8,0.0,0.0,0.0,0.0
Hunter Dozier,,3B,2000,KC,@LAD,3.92,McCarthy,0.304,-3%,R,R,,-1%,,2%,x,x,-,0%,0%,0%,0.0,0.0,0.0,0.0,0.0,0.0,0.0,0.0,0.0
Teoscar Hernandez,,OF,2000,HOU,@TOR,4.27,Stroman,0.312,-2%,R,R,0.265,-3%,0.172,2%,x,x,-,0%,0%,0%,0.0,0.0,0.0,0.0,0.0,0.0,0.0,0.0,0.0
John Bormann,,C,2000,PIT,@CHC,3.37,Arrieta,0.255,-14%,R,R,,-1%,,2%,x,x,-,0%,0%,0%,0.0,0.0,0.0,0.0,0.0,0.0,0.0,0.0,0.0
Ronald Acuna,,OF,2000,ATL,@WAS,3.51,Strasburg,0.293,-6%,R,R,,-1%,,2%,x,x,-,0%,0%,0%,0.0,0.0,0.0,0.0,0.0,0.0,0.0,0.0,0.0
Miguel Rojas,,3B/SS,2000,MIA,@SF,3.83,Samardzija,0.292,-6%,R,R,0.306,6%,0.074,-4%,x,x,-,0%,0%,0%,6.5,7.1,7.1,0.3,14.0,0.0,0.0,0.0,0.0
Colin Moran,,3B,2000,HOU,@TOR,4.27,Stroman,0.298,-5%,R,L,,2%,,6%,x,x,-,0%,0%,0%,0.0,0.0,0.0,0.0,0.0,0.0,0.0,0.0,0.0
Juan Centeno,,C,2000,HOU,@TOR,4.27,Stroman,0.298,-5%,R,L,0.308,1%,0.171,9%,x,x,-,0%,0%,0%,17.5,17.5,17.5,12.6,22.4,0.0,0.0,0.0,0.0
Ian Parmley,,OF,2000,TOR,HOU,4.73,Fiers,0.294,-6%,R,L,,2%,,6%,x,x,-,0%,0%,0%,0.0,0.0,0.0,0.0,0.0,0.0,0.0,0.0,0.0
Emilio Bonifacio,,OF,2000,ATL,@WAS,3.51,Strasburg,0.270,-11%,R,S,0.189,-7%,0.028,-12%,x,x,-,0%,0%,0%,2.2,2.2,2.2,-0.3,4.6,0.0,0.0,0.0,0.0
