"id","last_name","first_name","team","position","opponent","games","pa","ab","singles","doubles","triples","home_runs","walks","strikeouts","sb","cs","runs","rbi","hbp","sac_flies","gidp","errors","outs","matchup","odds","weather","injury","bvp","price_fanduel","price_yahoo","price_draftkings","price_draftday","price_starstreet","price_fantasyfeud","price_fanthrowdown","price_starfantasyleagues","price_fantasyaces","positions_fanduel","positions_yahoo","positions_draftkings","positions_draftday","positions_starstreet","positions_fantasyfeud","positions_fanthrowdown","positions_starfantasyleagues","positions_fantasyaces","price_victiv","positions_victiv"
7391,"Davis","Khris","OAK","OF","DET",1,4.62,4.18,0.56,0.2,0.02,0.29,0.42,1.18,0.03,0.02,0.62,0.72,0,0.02,0,0,3.17,"DET (Norris L) R Ord 3 Starting ","-1.5 (+169) (o/u 8.5) (-129)","68 O CF 9-13 3% H49%outdoor","","",3600,20,3800,0,0,0,0,0,0,"OF","OF","OF","DH;OF",NA,NA,NA,NA,NA,0,NA
1105,"Cruz","Nelson","SEA","OF","TEX",1,4.53,4,0.71,0.18,0.01,0.24,0.51,1.14,0.03,0.01,0.58,0.71,0,0.02,0,0,2.88,"TEX (Cashner R) R Ord 4 Starting ","-1.5 (+150) (o/u 8.5) (-143)","57 N LR 4-7 2% H49% retractable","","3ab .333/.333/.333 0sb 0hr",4600,24,4500,0,0,0,0,0,0,"OF","OF","OF","DH;OF",NA,NA,NA,NA,NA,0,NA
769,"Cano","Robinson","SEA","2B","TEX",1,4.64,4.22,0.86,0.23,0.01,0.2,0.4,0.64,0.02,0.02,0.61,0.73,0,0.02,0,0,2.96,"TEX (Cashner R) L Ord 3 Starting ","-1.5 (+150) (o/u 8.5) (-143)","57 N LR 4-7 2% H49% retractable","","9ab .222/.300/.222 0sb 0hr",4100,18,4200,0,0,0,0,0,0,"2B","2B","2B","2B;DH",NA,NA,NA,NA,NA,0,NA
6344,"Segura","Jean","SEA","SS","TEX",1,4.87,4.61,0.99,0.2,0.03,0.09,0.23,0.8,0.27,0.08,0.66,0.47,0,0.02,0,0,3.32,"TEX (Cashner R) R Ord 1 Starting ","-1.5 (+150) (o/u 8.5) (-143)","57 N LR 4-7 2% H49% retractable","","15ab .267/.267/.400 1sb 0hr",4000,21,4300,0,0,0,0,0,0,"SS","SS","SS","2B;SS;DH",NA,NA,NA,NA,NA,0,NA
7531,"Altuve","Jose","HOU","2B","@ LAA",1,4.24,3.93,0.91,0.25,0.02,0.11,0.29,0.5,0.22,0.06,0.55,0.6,0,0.02,0,0,2.55,"@LAA (Shoemaker R) R Ord 3 Starting ","+1.5 (-230) (o/u 8.0) (-117)","62 N RL 4-9 43% H57%outdoor","","20ab .400/.455/.750 0sb 2hr",3900,19,4400,0,0,0,0,0,0,"2B","2B","2B","2B;DH",NA,NA,NA,NA,NA,0,NA
5151,"Votto","Joey","CIN","1B","SF",1,4.24,3.5,0.68,0.21,0.01,0.17,0.72,0.75,0.05,0.01,0.6,0.62,0,0.02,0,0,2.41,"SF (Cueto R) L Ord 3 Starting ","+1.5 (-148) (o/u 8.5) (+111)","53 O RF 3-16 3% H49%outdoor","","3ab .333/.333/1.333 0sb 1hr",4400,25,4700,0,0,0,0,0,0,"1B","1B","1B","1B;DH",NA,NA,NA,NA,NA,0,NA
727,"Cabrera","Miguel","DET","1B","@ OAK",1,4.48,3.95,0.83,0.22,0.01,0.19,0.51,0.87,0.02,0.01,0.54,0.65,0,0.02,0,0,2.73,"@OAK (Gray R) R Ord 3 Starting ","+1.5 (-184) (o/u 8.5) (+119)","68 O CF 9-13 3% H49%outdoor","","7ab .429/.500/.857 0sb 1hr",4100,21,4500,0,0,0,0,0,0,"1B","1B","1B","1B;DH",NA,NA,NA,NA,NA,0,NA
1178,"Davis","Rajai","OAK","OF","DET",1,4.85,4.51,0.74,0.24,0.05,0.1,0.32,0.96,0.26,0.09,0.63,0.45,0,0.02,0,0,3.44,"DET (Norris L) R Ord 1 Starting ","-1.5 (+169) (o/u 8.5) (-129)","68 O CF 9-13 3% H49%outdoor","","3ab .000/.400/.000 0sb 0hr",2700,10,3600,0,0,0,0,0,0,"OF","OF","OF","DH;OF",NA,NA,NA,NA,NA,0,NA
6653,"Hamilton","Billy","CIN","OF","SF",1,4.46,4.13,0.77,0.14,0.04,0.04,0.31,0.78,0.52,0.09,0.61,0.3,0,0.02,0,0,3.12,"SF (Cueto R) S Ord 1 Starting ","+1.5 (-148) (o/u 8.5) (+111)","53 O RF 3-16 3% H49%outdoor","","3ab .333/.333/.667 0sb 0hr",3800,17,4300,0,0,0,0,0,0,"OF","OF","OF","DH;OF",NA,NA,NA,NA,NA,0,NA
6207,"Belt","Brandon","SF","1B/OF","@ CIN",1,4.42,3.77,0.58,0.26,0.03,0.16,0.62,1.1,0.01,0.01,0.68,0.48,0,0.03,0,0.06,2.68,"@CIN (Feldman R) L Ord 2 Starting ","-1.5 (+136) (o/u 8.5) (-120)","53 O RF 3-16 3% H49%outdoor","","7ab .286/.286/.286 1sb 0hr",3200,17,4200,0,0,0,0,0,0,"1B","1B","1B;OF","1B;DH",NA,NA,NA,NA,NA,0,NA
7662,"Springer","George","HOU","OF","@ LAA",1,4.45,4.02,0.64,0.17,0.02,0.22,0.4,1.12,0.07,0.06,0.7,0.45,0,0.02,0,0,2.9,"@LAA (Shoemaker R) R Ord 1 Starting ","+1.5 (-230) (o/u 8.0) (-117)","62 N RL 4-9 43% H57%outdoor","","16ab .125/.125/.125 1sb 0hr",3600,18,4000,0,0,0,0,0,0,"OF","OF","OF","DH;OF",NA,NA,NA,NA,NA,0,NA
5675,"Posey","Buster","SF","C/1B","@ CIN",1,4.21,3.78,0.8,0.21,0.01,0.15,0.37,0.48,0.02,0.01,0.56,0.65,0,0.05,0,0.03,2.56,"@CIN (Feldman R) R Ord 4 Starting ","-1.5 (+136) (o/u 8.5) (-120)","53 O RF 3-16 3% H49%outdoor","","8ab .125/.222/.125 0sb 0hr",3600,16,4300,0,0,0,0,0,0,"C","C","C;1B","C;1B;DH",NA,NA,NA,NA,NA,0,NA
8003,"Odor","Rougned","TEX","2B","@ SEA",1,4.41,4.24,0.68,0.21,0.04,0.21,0.15,0.93,0.1,0.05,0.58,0.48,0,0.02,0,0,3.07,"@SEA (Overton L) L Ord 2 Starting ","+1.5 (-163) (o/u 8.5) (+132)","57 N LR 4-7 2% H49% retractable","","",3300,12,4300,0,0,0,0,0,0,"2B","2B","2B","2B;DH",NA,NA,NA,NA,NA,0,NA
5754,"Andrus","Elvis","TEX","SS","@ SEA",1,4.3,4.01,0.85,0.25,0.02,0.06,0.27,0.55,0.22,0.07,0.5,0.55,0,0.02,0,0,2.77,"@SEA (Overton L) R Ord 3 Starting ","+1.5 (-163) (o/u 8.5) (+132)","57 N LR 4-7 2% H49% retractable","","",3200,18,3600,0,0,0,0,0,0,"SS","SS","SS","SS;DH",NA,NA,NA,NA,NA,0,NA
6754,"Seager","Kyle","SEA","3B","TEX",1,4.41,3.86,0.63,0.23,0.01,0.17,0.53,0.72,0.02,0.01,0.51,0.58,0,0.02,0,0,2.84,"TEX (Cashner R) L Ord 5 Starting ","-1.5 (+150) (o/u 8.5) (-143)","57 N LR 4-7 2% H49% retractable","","8ab .375/.444/.750 1sb 1hr",3600,13,4100,0,0,0,0,0,0,"3B","3B","3B","3B;DH",NA,NA,NA,NA,NA,0,NA
9113,"Bryant","Kris","CHC","3B","NYY",1,4.1,3.63,0.56,0.23,0.02,0.19,0.44,1,0.09,0.05,0.62,0.42,0,0.02,0,0,2.5,"NYY (Severino R) R Ord 2 Starting ","-1.5 (+178) (o/u 7.0) (-123)","41 I RF 4-9 6% H64%outdoor","","",4400,28,4900,0,0,0,0,0,0,"3B","3B","3B","3B;DH;OF",NA,NA,NA,NA,NA,0,NA
3816,"Pence","Hunter","SF","OF","@ CIN",1,4.31,3.96,0.74,0.19,0.03,0.16,0.32,0.96,0.02,0.01,0.65,0.61,0,0.03,0,0.03,2.8,"@CIN (Feldman R) R Ord 3 Starting ","-1.5 (+136) (o/u 8.5) (-120)","53 O RF 3-16 3% H49%outdoor","","14ab .357/.400/.571 0sb 0hr",3400,11,4400,0,0,0,0,0,0,"OF","OF","OF","DH;OF",NA,NA,NA,NA,NA,0,NA
6197,"Rizzo","Anthony","CHC","1B","NYY",1,4,3.49,0.51,0.23,0.02,0.18,0.48,0.65,0.05,0.04,0.61,0.55,0,0.02,0,0,2.42,"NYY (Severino R) L Ord 3 Starting ","-1.5 (+178) (o/u 7.0) (-123)","41 I RF 4-9 6% H64%outdoor","","",4100,23,5000,0,0,0,0,0,0,"1B","1B","1B","1B;DH",NA,NA,NA,NA,NA,0,NA
10217,"Healy","Ryon","OAK","1B/3B","DET",1,4.5,4.23,0.72,0.28,0.01,0.16,0.24,0.9,0.01,0.01,0.51,0.65,0,0.02,0,0,3.14,"DET (Norris L) R Ord 4 Starting ","-1.5 (+169) (o/u 8.5) (-129)","68 O CF 9-13 3% H49%outdoor","","",3000,10,3300,0,0,0,0,0,0,"1B","3B","1B;3B","1B;3B;DH",NA,NA,NA,NA,NA,0,NA
8225,"Gamel","Benjamin","SEA","OF","TEX",1,4.75,4.31,0.8,0.2,0.03,0.08,0.42,1.02,0.12,0.08,0.6,0.5,0,0.02,0,0,3.22,"TEX (Cashner R) L Ord 2 Starting ","-1.5 (+150) (o/u 8.5) (-143)","57 N LR 4-7 2% H49% retractable","","",2800,12,2900,0,0,0,0,0,0,"OF","OF","OF","DH;OF",NA,NA,NA,NA,NA,0,NA
5824,"Reddick","Josh","HOU","OF","@ LAA",1,4.35,4.02,0.74,0.19,0.03,0.14,0.3,0.63,0.09,0.03,0.6,0.46,0,0.02,0,0,2.84,"@LAA (Shoemaker R) L Ord 2 Starting ","+1.5 (-230) (o/u 8.0) (-117)","62 N RL 4-9 43% H57%outdoor","","16ab .125/.222/.125 0sb 0hr",3000,13,3200,0,0,0,0,0,0,"OF","OF","OF","DH;OF",NA,NA,NA,NA,NA,0,NA
3982,"Pujols","Albert","LAA","1B","HOU",1,4.34,4,0.65,0.15,0,0.22,0.32,0.57,0.01,0,0.56,0.6,0,0.02,0,0,2.97,"HOU (Fiers R) R Ord 3 Starting ","-1.5 (+210) (o/u 8.0) (+108)","62 N RL 4-9 43% H57%outdoor","","13ab .231/.286/.692 0sb 2hr",2800,14,4000,0,0,0,0,0,0,"1B","1B","1B","1B;DH",NA,NA,NA,NA,NA,0,NA
7081,"DeShields","Delino","TEX","OF","@ SEA",1,4.52,4.1,0.73,0.19,0.03,0.06,0.4,1.23,0.27,0.1,0.58,0.36,0,0.02,0,0,3.05,"@SEA (Overton L) R Ord 1 Starting ","+1.5 (-163) (o/u 8.5) (+132)","57 N LR 4-7 2% H49% retractable","","",2800,8,3000,0,0,0,0,0,0,"OF","OF","OF","DH;OF",NA,NA,NA,NA,NA,0,NA
6679,"Castellanos","Nick","DET","3B","@ OAK",1,4.6,4.3,0.69,0.27,0.05,0.13,0.27,1.24,0.01,0.01,0.55,0.49,0,0.02,0,0,3.17,"@OAK (Gray R) R Ord 2 Starting ","+1.5 (-184) (o/u 8.5) (+119)","68 O CF 9-13 3% H49%outdoor","","3ab .333/.500/1.000 0sb 0hr",3600,16,3400,0,0,0,0,0,0,"3B","3B","3B","3B;DH",NA,NA,NA,NA,NA,0,NA
8805,"Correa","Carlos","HOU","SS","@ LAA",1,4.14,3.74,0.63,0.21,0.01,0.16,0.38,0.83,0.04,0.01,0.53,0.56,0,0.02,0,0,2.66,"@LAA (Shoemaker R) R Ord 4 Starting ","+1.5 (-230) (o/u 8.0) (-117)","62 N RL 4-9 43% H57%outdoor","","14ab .214/.214/.286 0sb 0hr",3800,15,4600,0,0,0,0,0,0,"SS","SS","SS","SS;DH",NA,NA,NA,NA,NA,0,NA
7611,"Panik","Joe","SF","2B","@ CIN",1,4.53,4.09,0.83,0.21,0.03,0.08,0.4,0.46,0.04,0.01,0.68,0.36,0,0.04,0,0.06,2.89,"@CIN (Feldman R) L Ord 1 Starting ","-1.5 (+136) (o/u 8.5) (-120)","53 O RF 3-16 3% H49%outdoor","","",2900,11,4000,0,0,0,0,0,0,"2B","2B","2B","2B;DH",NA,NA,NA,NA,NA,0,NA
9921,"Schwarber","Kyle","CHC","OF","NYY",1,4.2,3.61,0.48,0.14,0.01,0.21,0.56,1.21,0.03,0.02,0.69,0.35,0,0.02,0,0,2.65,"NYY (Severino R) L Ord 1 Starting ","-1.5 (+178) (o/u 7.0) (-123)","41 I RF 4-9 6% H64%outdoor","","",3100,16,4400,0,0,0,0,0,0,"OF","OF","OF","C;DH;OF",NA,NA,NA,NA,NA,0,NA
7493,"Suarez","Eugenio","CIN","3B","SF",1,4.13,3.81,0.66,0.2,0.02,0.14,0.3,0.93,0.05,0.02,0.51,0.6,0,0.02,0,0,2.76,"SF (Cueto R) R Ord 4 Starting ","+1.5 (-148) (o/u 8.5) (+111)","53 O RF 3-16 3% H49%outdoor","","2ab .000/.333/.000 0sb 0hr",3400,21,3400,0,0,0,0,0,0,"3B","3B","3B","SS;3B;DH",NA,NA,NA,NA,NA,0,NA
5049,"Upton","Justin","DET","OF","@ OAK",1,4.26,3.86,0.55,0.19,0.02,0.18,0.38,1.2,0.08,0.04,0.47,0.5,0,0.02,0,0,2.92,"@OAK (Gray R) R Ord 5 Starting ","+1.5 (-184) (o/u 8.5) (+119)","68 O CF 9-13 3% H49%outdoor","","3ab .333/.500/.333 0sb 0hr",3500,20,3800,0,0,0,0,0,0,"OF","OF","OF","DH;OF",NA,NA,NA,NA,NA,0,NA
5057,"Valbuena","Luis","LAA","1B/3B","HOU",1,4.23,3.71,0.52,0.2,0.01,0.17,0.49,0.93,0.02,0.02,0.5,0.56,0,0.02,0,0,2.81,"HOU (Fiers R) L Ord 4 Starting ","-1.5 (+210) (o/u 8.0) (+108)","62 N RL 4-9 43% H57%outdoor","","7ab .143/.250/.143 0sb 0hr",2400,14,3400,0,0,0,0,0,0,"1B","3B","1B;3B","1B;3B;DH",NA,NA,NA,NA,NA,0,NA
1799,"Gomez","Carlos","TEX","OF","@ SEA",1,4.19,3.89,0.59,0.23,0.01,0.14,0.29,1.17,0.1,0.04,0.49,0.53,0,0.02,0,0,2.88,"@SEA (Overton L) R Ord 4 Starting ","+1.5 (-163) (o/u 8.5) (+132)","57 N LR 4-7 2% H49% retractable","","3ab .000/.000/.000 0sb 0hr",3500,17,4000,0,0,0,0,0,0,"OF","OF","OF","DH;OF",NA,NA,NA,NA,NA,0,NA
7280,"Calhoun","Kole","LAA","OF","HOU",1,4.45,4,0.67,0.19,0.02,0.14,0.42,0.92,0.01,0.01,0.55,0.46,0,0.02,0,0,2.97,"HOU (Fiers R) L Ord 2 Starting ","-1.5 (+210) (o/u 8.0) (+108)","62 N RL 4-9 43% H57%outdoor","","11ab .273/.273/.545 0sb 1hr",3000,13,3700,0,0,0,0,0,0,"OF","OF","OF","DH;OF",NA,NA,NA,NA,NA,0,NA
2922,"Lowrie","Jed","OAK","2B","DET",1,4.73,4.28,0.77,0.26,0.02,0.07,0.44,0.77,0.01,0.01,0.55,0.48,0,0.02,0,0,3.24,"DET (Norris L) S Ord 2 Starting ","-1.5 (+169) (o/u 8.5) (-129)","68 O CF 9-13 3% H49%outdoor","","",2300,11,2700,0,0,0,0,0,0,"2B","2B","2B","2B;DH",NA,NA,NA,NA,NA,0,NA
8513,"Motter","Taylor","SEA","SS","TEX",1,4.3,3.92,0.56,0.23,0.01,0.14,0.36,0.88,0.12,0.06,0.46,0.46,0,0.02,0,0,3,"TEX (Cashner R) R Ord 6 Starting ","-1.5 (+150) (o/u 8.5) (-143)","57 N LR 4-7 2% H49% retractable","","",3100,10,3200,0,0,0,0,0,0,"SS","SS","SS","SS;3B;DH",NA,NA,NA,NA,NA,0,NA
1453,"Escobar","Yunel","LAA","3B","HOU",1,4.56,4.18,0.99,0.19,0.01,0.06,0.36,0.57,0.02,0.02,0.57,0.4,0,0.02,0,0,2.92,"HOU (Fiers R) R Ord 1 Starting ","-1.5 (+210) (o/u 8.0) (+108)","62 N RL 4-9 43% H57%outdoor","","12ab .333/.333/.333 0sb 0hr",3000,10,3100,0,0,0,0,0,0,"3B","3B","3B","SS;3B;DH",NA,NA,NA,NA,NA,0,NA
348,"Beltran","Carlos","HOU","OF","@ LAA",1,4.03,3.78,0.71,0.23,0,0.15,0.24,0.77,0.01,0,0.48,0.49,0,0.02,0,0,2.61,"@LAA (Shoemaker R) S Ord 5 Starting ","+1.5 (-230) (o/u 8.0) (-117)","62 N RL 4-9 43% H57%outdoor","","3ab .333/.333/.333 0sb 0hr",2800,10,3700,0,0,0,0,0,0,"OF","OF","OF","DH;OF",NA,NA,NA,NA,NA,0,NA
3503,"Napoli","Mike","TEX","1B","@ SEA",1,4.09,3.65,0.48,0.15,0.01,0.21,0.42,1.35,0.02,0.01,0.49,0.48,0,0.02,0,0,2.76,"@SEA (Overton L) R Ord 5 Starting ","+1.5 (-163) (o/u 8.5) (+132)","57 N LR 4-7 2% H49% retractable","","1ab 1.000/1.000/1.000 0sb 0hr",2800,8,3700,0,0,0,0,0,0,"1B","1B","1B","1B;DH",NA,NA,NA,NA,NA,0,NA
5515,"Alonso","Yonder","OAK","1B","DET",1,4.38,3.89,0.72,0.25,0.01,0.08,0.47,0.59,0.02,0.01,0.44,0.52,0,0.02,0,0,2.9,"DET (Norris L) L Ord 5 Starting ","-1.5 (+169) (o/u 8.5) (-129)","68 O CF 9-13 3% H49%outdoor","","",3000,17,2800,0,0,0,0,0,0,"1B","1B","1B","1B;DH",NA,NA,NA,NA,NA,0,NA
5963,"Nunez","Eduardo","SF","SS/3B","@ CIN",1,3.89,3.67,0.71,0.2,0.03,0.09,0.18,0.54,0.22,0.06,0.37,0.4,0,0.04,0,0.12,2.6,"@CIN (Feldman R) R Ord 7 Starting ","-1.5 (+136) (o/u 8.5) (-120)","53 O RF 3-16 3% H49%outdoor","","1ab .000/.000/.000 0sb 0hr",2800,9,4200,0,0,0,0,0,0,"3B","3B","SS;3B","SS;3B;DH",NA,NA,NA,NA,NA,0,NA
3080,"Martinez","Victor","DET","1B","@ OAK",1,4.37,4.05,0.76,0.16,0.01,0.13,0.3,0.7,0.01,0,0.48,0.55,0,0.02,0,0,3,"@OAK (Gray R) S Ord 4 Starting ","+1.5 (-184) (o/u 8.5) (+119)","68 O CF 9-13 3% H49%outdoor","","3ab .333/.500/.333 0sb 0hr",3100,9,3400,0,0,0,0,0,0,"C","1B","1B","1B;DH",NA,NA,NA,NA,NA,0,NA
8682,"Schebler","Scott","CIN","OF","SF",1,4.02,3.73,0.57,0.15,0.03,0.17,0.27,0.92,0.05,0.03,0.49,0.5,0,0.02,0,0,2.79,"SF (Cueto R) L Ord 5 Starting ","+1.5 (-148) (o/u 8.5) (+111)","53 O RF 3-16 3% H49%outdoor","","2ab .500/.500/.500 1sb 0hr",3200,16,3500,0,0,0,0,0,0,"OF","OF","OF","DH;OF",NA,NA,NA,NA,NA,0,NA
5942,"Dyson","Jarrod","SEA","OF","TEX",1,3.96,3.62,0.75,0.13,0.04,0.02,0.32,0.62,0.38,0.07,0.33,0.28,0,0.02,0,0,2.7,"TEX (Cashner R) L Ord 9 Starting ","-1.5 (+150) (o/u 8.5) (-143)","57 N LR 4-7 2% H49% retractable","","1ab 1.000/1.000/1.000 0sb 0hr",3200,10,3000,0,0,0,0,0,0,"OF","OF","OF","DH;OF",NA,NA,NA,NA,NA,0,NA
6024,"Cozart","Zack","CIN","SS","SF",1,4.35,4.04,0.66,0.21,0.04,0.09,0.29,0.68,0.04,0.02,0.59,0.39,0,0.02,0,0,3.01,"SF (Cueto R) R Ord 2 Starting ","+1.5 (-148) (o/u 8.5) (+111)","53 O RF 3-16 3% H49%outdoor","","",3000,18,3400,0,0,0,0,0,0,"SS","SS","SS","SS;DH",NA,NA,NA,NA,NA,0,NA
1770,"Gillaspie","Conor","SF","1B/3B","@ CIN",1,4.1,3.82,0.68,0.2,0.04,0.1,0.25,0.64,0.02,0.02,0.5,0.5,0,0.04,0,0.1,2.75,"@CIN (Feldman R) L Ord 5 Starting ","-1.5 (+136) (o/u 8.5) (-120)","53 O RF 3-16 3% H49%outdoor","","9ab .111/.111/.111 0sb 0hr",2000,7,2900,0,0,0,0,0,0,"3B","3B","1B;3B","3B;DH",NA,NA,NA,NA,NA,0,NA
6188,"Romine","Andrew","DET","SS/OF","@ OAK",1,4.71,4.41,0.82,0.15,0.01,0.04,0.28,1.1,0.17,0.05,0.58,0.35,0,0.02,0,0,3.39,"@OAK (Gray R) S Ord 1 Starting ","+1.5 (-184) (o/u 8.5) (+119)","68 O CF 9-13 3% H49%outdoor","","4ab .250/.250/.250 0sb 0hr",2200,7,2000,0,0,0,0,0,0,"SS","SS","SS;OF","SS;3B;DH",NA,NA,NA,NA,NA,0,NA
7625,"Gattis","Evan","HOU","C","@ LAA",1,3.83,3.56,0.54,0.15,0.02,0.21,0.25,0.86,0.01,0.01,0.43,0.4,0,0.02,0,0,2.57,"@LAA (Shoemaker R) R Ord 7 Starting ","+1.5 (-230) (o/u 8.0) (-117)","62 N RL 4-9 43% H57%outdoor","","7ab .143/.143/.143 0sb 0hr",3300,14,3500,0,0,0,0,0,0,"C","C","C","C;DH",NA,NA,NA,NA,NA,0,NA
5672,"Plouffe","Trevor","OAK","3B","DET",1,4.26,3.9,0.58,0.21,0.02,0.14,0.35,0.85,0.01,0,0.43,0.45,0,0.02,0,0,3.01,"DET (Norris L) R Ord 6 Starting ","-1.5 (+169) (o/u 8.5) (-129)","68 O CF 9-13 3% H49%outdoor","","4ab .000/.000/.000 0sb 0hr",2300,9,3400,0,0,0,0,0,0,"3B","3B","3B","3B;DH",NA,NA,NA,NA,NA,0,NA
6034,"Lucroy","Jonathan","TEX","C","@ SEA",1,3.98,3.67,0.68,0.22,0.02,0.12,0.3,0.7,0.02,0,0.4,0.41,0,0.02,0,0,2.59,"@SEA (Overton L) R Ord 6 Starting ","+1.5 (-163) (o/u 8.5) (+132)","57 N LR 4-7 2% H49% retractable","","",2700,9,3300,0,0,0,0,0,0,"C","C","C","C;DH",NA,NA,NA,NA,NA,0,NA
5495,"Zobrist","Ben","CHC","2B/OF","NYY",1,3.9,3.31,0.56,0.19,0.01,0.09,0.56,0.58,0.02,0.01,0.49,0.51,0,0.02,0,0,2.35,"NYY (Severino R) S Ord 4 Starting ","-1.5 (+178) (o/u 7.0) (-123)","41 I RF 4-9 6% H64%outdoor","","",3200,16,4100,0,0,0,0,0,0,"2B","2B","2B;OF","2B;DH;OF",NA,NA,NA,NA,NA,0,NA
11386,"Gurriel","Yulieski","HOU","1B","@ LAA",1,3.93,3.69,0.64,0.24,0.01,0.13,0.22,0.69,0.03,0.02,0.43,0.41,0,0.02,0,0,2.61,"@LAA (Shoemaker R) R Ord 6 Starting ","+1.5 (-230) (o/u 8.0) (-117)","62 N RL 4-9 43% H57%outdoor","","",2800,13,2900,0,0,0,0,0,0,"3B","1B","1B","1B;3B;DH",NA,NA,NA,NA,NA,0,NA
1425,"Ellsbury","Jacoby","NYY","OF","@ CHC",1,4.18,3.9,0.72,0.15,0.03,0.06,0.26,0.75,0.15,0.05,0.54,0.31,0,0.02,0,0,2.8,"@CHC (Lester L) L Ord 1","+1.5 (-194) (o/u 7.0) (+114)","41 I RF 4-9 6% H64%outdoor","Questionable","10ab .500/.545/.800 1sb 0hr",3100,14,3700,0,0,0,0,0,0,"OF","OF","OF","DH;OF",NA,NA,NA,NA,NA,0,NA
2228,"Holliday","Matt","NYY","1B/OF","@ CHC",1,3.88,3.45,0.52,0.19,0,0.14,0.4,0.8,0.01,0.01,0.45,0.46,0,0.02,0,0,2.48,"@CHC (Lester L) R Ord 4","+1.5 (-194) (o/u 7.0) (+114)","41 I RF 4-9 6% H64%outdoor","","12ab .250/.250/.500 0sb 1hr",3300,17,3800,0,0,0,0,0,0,"OF","OF","1B;OF","1B;DH;OF",NA,NA,NA,NA,NA,0,NA
3127,"Maybin","Cameron","LAA","OF","HOU",1,4.01,3.63,0.75,0.16,0.03,0.06,0.36,0.77,0.13,0.04,0.37,0.38,0,0.02,0,0,2.63,"HOU (Fiers R) R Ord 6 Starting ","-1.5 (+210) (o/u 8.0) (+108)","62 N RL 4-9 43% H57%outdoor","","12ab .333/.333/.667 0sb 1hr",3300,12,3600,0,0,0,0,0,0,"OF","OF","OF","DH;OF",NA,NA,NA,NA,NA,0,NA
7182,"Simmons","Andrelton","LAA","SS","HOU",1,4.12,3.82,0.83,0.16,0.01,0.05,0.28,0.37,0.09,0.03,0.4,0.44,0,0.02,0,0,2.76,"HOU (Fiers R) R Ord 5 Starting ","-1.5 (+210) (o/u 8.0) (+108)","62 N RL 4-9 43% H57%outdoor","","9ab .333/.333/.444 0sb 0hr",2900,10,3000,0,0,0,0,0,0,"SS","SS","SS","SS;DH",NA,NA,NA,NA,NA,0,NA
7245,"Hicks","Aaron","NYY","OF","@ CHC",1,4.08,3.66,0.57,0.15,0.02,0.1,0.39,0.85,0.1,0.05,0.51,0.35,0,0.02,0,0,2.71,"@CHC (Lester L) S Ord 2","+1.5 (-194) (o/u 7.0) (+114)","41 I RF 4-9 6% H64%outdoor","","",3100,14,3500,0,0,0,0,0,0,"OF","OF","OF","DH;OF",NA,NA,NA,NA,NA,0,NA
8266,"Peraza","Jose","CIN","2B","SF",1,3.8,3.65,0.78,0.15,0.03,0.05,0.14,0.47,0.23,0.09,0.32,0.36,0,0.02,0,0,2.61,"SF (Cueto R) R Ord 7 Starting ","+1.5 (-148) (o/u 8.5) (+111)","53 O RF 3-16 3% H49%outdoor","","",2700,12,3600,0,0,0,0,0,0,"2B","2B","2B","2B;SS;DH",NA,NA,NA,NA,NA,0,NA
2082,"Headley","Chase","NYY","3B","@ CHC",1,3.98,3.6,0.64,0.17,0.01,0.08,0.35,0.95,0.06,0.01,0.47,0.45,0,0.02,0,0,2.59,"@CHC (Lester L) S Ord 3","+1.5 (-194) (o/u 7.0) (+114)","41 I RF 4-9 6% H64%outdoor","","2ab .500/.667/.500 0sb 0hr",3500,16,3500,0,0,0,0,0,0,"3B","3B","3B","3B;DH",NA,NA,NA,NA,NA,0,NA
8500,"Russell","Addison","CHC","SS","NYY",1,3.8,3.43,0.48,0.19,0.02,0.11,0.34,0.88,0.06,0.01,0.46,0.42,0,0.02,0,0,2.52,"NYY (Severino R) R Ord 5 Starting ","-1.5 (+178) (o/u 7.0) (-123)","41 I RF 4-9 6% H64%outdoor","","",3000,17,3700,0,0,0,0,0,0,"SS","SS","SS","2B;SS;DH",NA,NA,NA,NA,NA,0,NA
10655,"Bregman","Alex","HOU","3B","@ LAA",1,3.72,3.44,0.58,0.2,0.03,0.12,0.27,0.66,0.06,0.03,0.38,0.33,0,0.02,0,0,2.45,"@LAA (Shoemaker R) R Ord 8 Starting ","+1.5 (-230) (o/u 8.0) (-117)","62 N RL 4-9 43% H57%outdoor","","",3000,11,3800,0,0,0,0,0,0,"3B","3B","3B","3B;DH",NA,NA,NA,NA,NA,0,NA
9409,"Rua","Ryan","TEX","1B/OF","@ SEA",1,3.87,3.62,0.59,0.16,0.01,0.14,0.24,1.19,0.08,0.02,0.37,0.35,0,0.02,0,0,2.69,"@SEA (Overton L) R Ord 7 Starting ","+1.5 (-163) (o/u 8.5) (+132)","57 N LR 4-7 2% H49% retractable","","",2200,7,2500,0,0,0,0,0,0,"OF","OF","1B;OF","1B;DH;OF",NA,NA,NA,NA,NA,0,NA
6628,"Gennett","Scooter","CIN","2B/3B","SF",1,3.91,3.7,0.67,0.22,0.02,0.09,0.2,0.72,0.04,0.01,0.39,0.42,0,0.02,0,0,2.68,"SF (Cueto R) L Ord 6 Starting ","+1.5 (-148) (o/u 8.5) (+111)","53 O RF 3-16 3% H49%outdoor","","11ab .182/.250/.182 0sb 0hr",2100,8,3500,0,0,0,0,0,0,"2B","2B","2B;3B","2B;DH",NA,NA,NA,NA,NA,0,NA
900,"Choo","Shin-Soo","TEX","OF","@ SEA",1,3.77,3.34,0.61,0.16,0.01,0.12,0.41,0.99,0.05,0.03,0.36,0.32,0,0.02,0,0,2.41,"@SEA (Overton L) L Ord 8 Starting ","+1.5 (-163) (o/u 8.5) (+132)","57 N LR 4-7 2% H49% retractable","","",3200,14,3600,0,0,0,0,0,0,"OF","OF","OF","DH;OF",NA,NA,NA,NA,NA,0,NA
10161,"Pinder","Chad","OAK","2B/SS","DET",1,4.14,3.94,0.59,0.22,0.02,0.11,0.19,0.96,0.05,0.03,0.38,0.39,0,0.02,0,0,3.05,"DET (Norris L) R Ord 7 Starting ","-1.5 (+169) (o/u 8.5) (-129)","68 O CF 9-13 3% H49%outdoor","","",2400,7,2100,0,0,0,0,0,0,"2B","2B","2B;SS","2B;DH",NA,NA,NA,NA,NA,0,NA
9843,"Judge","Aaron","NYY","OF","@ CHC",1,3.68,3.35,0.43,0.13,0.01,0.19,0.31,1.26,0.02,0.01,0.41,0.35,0,0.02,0,0,2.48,"@CHC (Lester L) R Ord 6","+1.5 (-194) (o/u 7.0) (+114)","41 I RF 4-9 6% H64%outdoor","","",4400,26,4600,0,0,0,0,0,0,"OF","OF","OF","DH;OF",NA,NA,NA,NA,NA,0,NA
10031,"Arroyo","Christian","SF","SS/3B","@ CIN",1,3.99,3.77,0.68,0.2,0.02,0.07,0.15,0.82,0.03,0.02,0.43,0.42,0.04,0.04,0.08,0.04,2.76,"@CIN (Feldman R) R Ord 6 Starting ","-1.5 (+136) (o/u 8.5) (-120)","53 O RF 3-16 3% H49%outdoor","","",2400,10,3500,0,0,0,0,0,0,"3B","SS","SS;3B","SS;DH",NA,NA,NA,NA,NA,0,NA
10728,"Heredia","Guillermo","SEA","OF","TEX",1,4.18,3.77,0.76,0.14,0.01,0.05,0.4,0.62,0.06,0.05,0.38,0.37,0,0.02,0,0,2.83,"TEX (Cashner R) R Ord 7 Starting ","-1.5 (+150) (o/u 8.5) (-143)","57 N LR 4-7 2% H49% retractable","","",2600,11,2700,0,0,0,0,0,0,"OF","OF","OF","DH;OF",NA,NA,NA,NA,NA,0,NA
4297,"Rosales","Adam","OAK","2B/SS","DET",1,4.02,3.66,0.56,0.15,0.02,0.11,0.35,1.05,0.05,0.03,0.37,0.33,0,0.02,0,0,2.87,"DET (Norris L) R Ord 8 Starting ","-1.5 (+169) (o/u 8.5) (-129)","68 O CF 9-13 3% H49%outdoor","","",2500,7,2300,0,0,0,0,0,0,"2B","3B","2B;SS","2B;3B;DH",NA,NA,NA,NA,NA,0,NA
5969,"Carter","Chris","NYY","1B","@ CHC",1,3.58,3.18,0.33,0.13,0.01,0.2,0.37,1.22,0.01,0.01,0.39,0.32,0,0.02,0,0,2.43,"@CHC (Lester L) R Ord 7","+1.5 (-194) (o/u 7.0) (+114)","41 I RF 4-9 6% H64%outdoor","","8ab .375/.375/.375 0sb 0hr",2400,12,3600,0,0,0,0,0,0,"1B","1B","1B","1B;DH",NA,NA,NA,NA,NA,0,NA
6171,"Revere","Ben","LAA","OF","HOU",1,3.9,3.69,0.82,0.11,0.04,0.02,0.19,0.39,0.17,0.05,0.32,0.31,0,0.02,0,0,2.69,"HOU (Fiers R) L Ord 7 Starting ","-1.5 (+210) (o/u 8.0) (+108)","62 N RL 4-9 43% H57%outdoor","","5ab .200/.200/.200 1sb 0hr",2200,7,3100,0,0,0,0,0,0,"OF","OF","OF","DH;OF",NA,NA,NA,NA,NA,0,NA
8306,"Contreras","Willson","CHC","C","NYY",1,3.6,3.27,0.53,0.17,0.02,0.12,0.3,0.82,0.03,0.02,0.35,0.35,0,0.02,0,0,2.33,"NYY (Severino R) R Ord 7 Starting ","-1.5 (+178) (o/u 7.0) (-123)","41 I RF 4-9 6% H64%outdoor","","",2800,11,3600,0,0,0,0,0,0,"C","C","C","C;DH;OF",NA,NA,NA,NA,NA,0,NA
5889,"Adduci","James","DET","OF","@ OAK",1,4.15,3.74,0.67,0.15,0.01,0.03,0.35,1.04,0.14,0.04,0.37,0.34,0,0.06,0.06,0.02,2.9,"@OAK (Gray R) L Ord 6 Starting ","+1.5 (-184) (o/u 8.5) (+119)","68 O CF 9-13 3% H49%outdoor","","2ab 1.000/1.000/1.000 1sb 0hr",2400,13,2300,0,0,0,0,0,0,"OF","OF","OF","DH;OF",NA,NA,NA,NA,NA,0,NA
6117,"Castro","Starlin","NYY","2B","@ CHC",1,3.78,3.61,0.67,0.16,0.01,0.09,0.14,0.73,0.01,0,0.39,0.38,0,0.02,0,0,2.55,"@CHC (Lester L) R Ord 5","+1.5 (-194) (o/u 7.0) (+114)","41 I RF 4-9 6% H64%outdoor","","7ab .143/.143/.143 0sb 0hr",3600,18,3400,0,0,0,0,0,0,"2B","2B","2B","2B;SS;DH",NA,NA,NA,NA,NA,0,NA
7622,"McCann","James","DET","C","@ OAK",1,4.03,3.8,0.62,0.14,0.02,0.1,0.22,1.03,0.01,0.01,0.36,0.34,0,0.02,0,0,2.93,"@OAK (Gray R) R Ord 7 Starting ","+1.5 (-184) (o/u 8.5) (+119)","68 O CF 9-13 3% H49%outdoor","","3ab .000/.000/.000 0sb 0hr",2400,10,2600,0,0,0,0,0,0,"C","C","C","C;DH",NA,NA,NA,NA,NA,0,NA
5979,"Hernandez","Gorkys","SF","OF","@ CIN",1,3.78,3.5,0.6,0.16,0.02,0.07,0.26,0.84,0.1,0.05,0.34,0.28,0,0.02,0,0.01,2.62,"@CIN (Feldman R) R Ord 8 Starting ","-1.5 (+136) (o/u 8.5) (-120)","53 O RF 3-16 3% H49%outdoor","","",2700,7,3000,0,0,0,0,0,0,"OF","OF","OF","DH;OF",NA,NA,NA,NA,NA,0,NA
5885,"Iglesias","Jose","DET","SS","@ OAK",1,3.92,3.71,0.78,0.18,0.01,0.03,0.19,0.42,0.07,0.05,0.32,0.3,0,0.02,0,0,2.71,"@OAK (Gray R) R Ord 8 Starting ","+1.5 (-184) (o/u 8.5) (+119)","68 O CF 9-13 3% H49%outdoor","","4ab .000/.000/.000 0sb 0hr",2300,8,2400,0,0,0,0,0,0,"SS","SS","SS","SS;3B;DH",NA,NA,NA,NA,NA,0,NA
9301,"Maxwell","Bruce","OAK","C","DET",1,3.91,3.57,0.63,0.17,0.02,0.08,0.32,0.8,0.01,0.01,0.33,0.29,0,0.02,0.08,0,2.73,"DET (Norris L) L Ord 9 Starting ","-1.5 (+169) (o/u 8.5) (-129)","68 O CF 9-13 3% H49%outdoor","","",2000,8,2500,0,0,0,0,0,0,"C","C","C","C;DH",NA,NA,NA,NA,NA,0,NA
4336,"Ruiz","Carlos","SEA","C","TEX",1,4.07,3.61,0.62,0.19,0,0.04,0.44,0.64,0.02,0.02,0.37,0.31,0,0.02,0,0,2.78,"TEX (Cashner R) R Ord 8 Starting ","-1.5 (+150) (o/u 8.5) (-143)","57 N LR 4-7 2% H49% retractable","","4ab .250/.250/.250 0sb 0hr",2000,7,2500,0,0,0,0,0,0,"C","C","C","C;DH",NA,NA,NA,NA,NA,0,NA
6733,"Marisnick","Jacob","HOU","OF","@ LAA",1,3.62,3.4,0.54,0.16,0.02,0.08,0.16,1.07,0.15,0.07,0.34,0.25,0.04,0.02,0.03,0,2.55,"@LAA (Shoemaker R) R Ord 9 Starting ","+1.5 (-230) (o/u 8.0) (-117)","62 N RL 4-9 43% H57%outdoor","","7ab .286/.286/.429 0sb 0hr",2000,7,2400,0,0,0,0,0,0,"OF","OF","OF","DH;OF",NA,NA,NA,NA,NA,0,NA
6160,"Espinosa","Danny","LAA","2B","HOU",1,3.68,3.37,0.45,0.13,0.01,0.13,0.29,1.18,0.06,0.02,0.34,0.26,0,0.02,0,0,2.65,"HOU (Fiers R) S Ord 9 Starting ","-1.5 (+210) (o/u 8.0) (+108)","62 N RL 4-9 43% H57%outdoor","","6ab .000/.000/.000 0sb 0hr",2300,7,2900,0,0,0,0,0,0,"2B","SS","2B","2B;SS;DH",NA,NA,NA,NA,NA,0,NA
8307,"Baez","Javier","CHC","2B","NYY",1,3.5,3.3,0.5,0.15,0.01,0.11,0.18,1.03,0.07,0.03,0.33,0.26,0,0.02,0,0,2.42,"NYY (Severino R) R Ord 8 Starting ","-1.5 (+178) (o/u 7.0) (-123)","41 I RF 4-9 6% H64%outdoor","","",2900,13,3700,0,0,0,0,0,0,"2B","2B","2B","2B;3B;DH",NA,NA,NA,NA,NA,0,NA
5607,"Jay","Jon","CHC","OF","NYY",1,3.7,3.43,0.71,0.16,0.02,0.02,0.25,0.73,0.02,0.02,0.36,0.35,0,0.02,0,0,2.41,"NYY (Severino R) L Ord 6 Starting ","-1.5 (+178) (o/u 7.0) (-123)","41 I RF 4-9 6% H64%outdoor","","",2700,13,3100,0,0,0,0,0,0,"OF","OF","OF","DH;OF",NA,NA,NA,NA,NA,0,NA
6675,"Machado","Dixon","DET","SS","@ OAK",1,3.81,3.51,0.63,0.16,0.02,0.04,0.28,0.62,0.08,0.03,0.3,0.24,0,0.02,0,0,2.67,"@OAK (Gray R) R Ord 9 Starting ","+1.5 (-184) (o/u 8.5) (+119)","68 O CF 9-13 3% H49%outdoor","","",2000,7,2500,0,0,0,0,0,0,"SS","SS","SS","2B;SS;DH",NA,NA,NA,NA,NA,0,NA
6570,"Barnhart","Tucker","CIN","C","SF",1,3.7,3.37,0.63,0.17,0.01,0.05,0.31,0.62,0.01,0.01,0.3,0.27,0,0.02,0,0,2.5,"SF (Cueto R) S Ord 8 Starting ","+1.5 (-148) (o/u 8.5) (+111)","53 O RF 3-16 3% H49%outdoor","","2ab .500/.500/.500 0sb 0hr",2100,7,2600,0,0,0,0,0,0,"C","C","C","C;DH",NA,NA,NA,NA,NA,0,NA
6620,"Maldonado","Martin","LAA","C","HOU",1,3.79,3.41,0.52,0.11,0,0.09,0.36,0.96,0.02,0.02,0.35,0.27,0,0.02,0,0,2.68,"HOU (Fiers R) R Ord 8 Starting ","-1.5 (+210) (o/u 8.0) (+108)","62 N RL 4-9 43% H57%outdoor","","",2100,9,2300,0,0,0,0,0,0,"C","C","C","C;DH",NA,NA,NA,NA,NA,0,NA
6386,"Romine","Austin","NYY","C","@ CHC",1,3.48,3.29,0.51,0.18,0,0.07,0.16,0.71,0.02,0.01,0.31,0.24,0,0.02,0,0,2.42,"@CHC (Lester L) R Ord 8","+1.5 (-194) (o/u 7.0) (+114)","41 I RF 4-9 6% H64%outdoor","Questionable","1ab .000/.000/.000 0sb 0hr",2400,8,2900,0,0,0,0,0,0,"C","C","C","C;DH",NA,NA,NA,NA,NA,0,NA
6592,"Kozma","Pete","TEX","SS","@ SEA",1,3.66,3.39,0.57,0.16,0,0.03,0.25,0.85,0.07,0.02,0.29,0.21,0,0.02,0.05,0,2.61,"@SEA (Overton L) R Ord 9 Starting ","+1.5 (-163) (o/u 8.5) (+132)","57 N LR 4-7 2% H49% retractable","","",2000,7,2600,0,0,0,0,0,0,"SS","SS","SS","2B;SS;DH",NA,NA,NA,NA,NA,0,NA
6195,"Trout","Mike","LAA","OF","HOU",1,0.99,0.83,0.14,0.05,0.01,0.06,0.16,0.21,0.04,0.01,0.12,0.14,0,0,0,0,0.57,"HOU (Fiers R) R Not Starting ","-1.5 (+210) (o/u 8.0) (+108)","62 N RL 4-9 43% H57%outdoor","","12ab .250/.400/.667 0sb 1hr",5200,26,5200,0,0,0,0,0,0,"OF","OF","OF","DH;OF",NA,NA,NA,NA,NA,0,NA
8719,"Gallo","Joey","TEX","3B","@ SEA",1,0.96,0.85,0.08,0.04,0.01,0.07,0.1,0.41,0.01,0,0.13,0.12,0,0,0,0,0.66,"@SEA (Overton L) L Not Starting ","+1.5 (-163) (o/u 8.5) (+132)","57 N LR 4-7 2% H49% retractable","","",3900,17,3700,0,0,0,0,0,0,"3B","3B","3B","3B;DH;OF",NA,NA,NA,NA,NA,0,NA
8470,"Duvall","Adam","CIN","OF","SF",1,0.98,0.91,0.11,0.05,0.01,0.06,0.06,0.26,0.01,0.01,0.13,0.13,0,0.01,0,0,0.69,"SF (Cueto R) R Not Starting ","+1.5 (-148) (o/u 8.5) (+111)","53 O RF 3-16 3% H49%outdoor","","3ab .000/.000/.000 0sb 0hr",3700,19,4000,0,0,0,0,0,0,"OF","OF","OF","1B;DH;OF",NA,NA,NA,NA,NA,0,NA
4334,"Ruggiano","Justin","SF","OF","@ CIN",1,0.96,0.88,0.14,0.05,0,0.04,0.08,0.27,0.02,0.02,0.13,0.12,0,0,0,0,0.64,"@CIN (Feldman R) R Not Starting ","-1.5 (+136) (o/u 8.5) (-120)","53 O RF 3-16 3% H49%outdoor","","2ab .000/.000/.000 0sb 0hr",2500,7,0,0,0,0,0,0,0,"OF","OF","OF","DH;OF",NA,NA,NA,NA,NA,0,NA
6416,"Vogt","Stephen","OAK","C","DET",1,1.07,0.97,0.16,0.05,0.01,0.03,0.09,0.18,0,0,0.12,0.12,0,0.01,0,0,0.74,"DET (Norris L) L Not Starting ","-1.5 (+169) (o/u 8.5) (-129)","68 O CF 9-13 3% H49%outdoor","","",2400,7,3100,0,0,0,0,0,0,"C","C","C","C;1B;DH",NA,NA,NA,NA,NA,0,NA
2608,"Kinsler","Ian","DET","2B","@ OAK",1,1.01,0.94,0.18,0.04,0.01,0.03,0.07,0.17,0.01,0.01,0.11,0.11,0,0.01,0,0,0.68,"@OAK (Gray R) R Not Starting ","+1.5 (-184) (o/u 8.5) (+119)","68 O CF 9-13 3% H49%outdoor","Questionable","7ab .000/.125/.000 0sb 0hr",3500,14,4000,0,0,0,0,0,0,"2B","2B","2B","2B;DH",NA,NA,NA,NA,NA,0,NA
7191,"Decker","Jaff","OAK","OF","DET",1,1.07,0.93,0.14,0.04,0.01,0.02,0.13,0.22,0.03,0.02,0.11,0.11,0,0.01,0.01,0,0.73,"DET (Norris L) L Not Starting ","-1.5 (+169) (o/u 8.5) (-129)","68 O CF 9-13 3% H49%outdoor","","",2300,7,2000,0,0,0,0,0,0,"OF","OF","OF","DH;OF",NA,NA,NA,NA,NA,0,NA
5958,"Valencia","Danny","SEA","1B","TEX",1,1.02,0.93,0.16,0.05,0,0.03,0.09,0.24,0,0,0.12,0.12,0,0.01,0,0,0.7,"TEX (Cashner R) R Not Starting ","-1.5 (+150) (o/u 8.5) (-143)","57 N LR 4-7 2% H49% retractable","","2ab .500/.500/.500 0sb 0hr",3300,10,3300,0,0,0,0,0,0,"1B","3B","1B","1B;3B;DH",NA,NA,NA,NA,NA,0,NA
8708,"Mazara","Nomar","TEX","OF","@ SEA",1,0.96,0.9,0.17,0.03,0,0.04,0.06,0.2,0,0,0.11,0.11,0,0.01,0,0,0.64,"@SEA (Overton L) L Not Starting ","+1.5 (-163) (o/u 8.5) (+132)","57 N LR 4-7 2% H49% retractable","","",3400,12,3200,0,0,0,0,0,0,"OF","OF","OF","DH;OF",NA,NA,NA,NA,NA,0,NA
2520,"Joyce","Matt","OAK","OF","DET",1,1.07,0.91,0.12,0.04,0,0.03,0.15,0.25,0.01,0.01,0.12,0.12,0,0.01,0,0,0.73,"DET (Norris L) L Not Starting ","-1.5 (+169) (o/u 8.5) (-129)","68 O CF 9-13 3% H49%outdoor","","",2700,9,2400,0,0,0,0,0,0,"OF","OF","OF","DH;OF",NA,NA,NA,NA,NA,0,NA
6406,"Chirinos","Robinson","TEX","C","@ SEA",1,0.96,0.89,0.12,0.05,0,0.05,0.07,0.26,0,0,0.12,0.11,0,0,0,0,0.67,"@SEA (Overton L) R Not Starting ","+1.5 (-163) (o/u 8.5) (+132)","57 N LR 4-7 2% H49% retractable","","",2900,14,2900,0,0,0,0,0,0,"C","C","C","C;DH",NA,NA,NA,NA,NA,0,NA
7186,"Marte","Jefry","LAA","1B","HOU",1,0.99,0.92,0.13,0.04,0,0.04,0.07,0.22,0.01,0.01,0.12,0.11,0,0.01,0,0,0.7,"HOU (Fiers R) R Not Starting ","-1.5 (+210) (o/u 8.0) (+108)","62 N RL 4-9 43% H57%outdoor","","5ab .000/.167/.000 0sb 0hr",2400,7,3300,0,0,0,0,0,0,"3B","1B","1B","1B;3B;DH",NA,NA,NA,NA,NA,0,NA
3418,"Morse","Michael","SF","1B/OF","@ CIN",1,0.96,0.89,0.14,0.04,0,0.04,0.06,0.28,0,0,0.13,0.12,0,0.01,0,0,0.65,"@CIN (Feldman R) R Not Starting ","-1.5 (+136) (o/u 8.5) (-120)","53 O RF 3-16 3% H49%outdoor","","4ab .500/.500/.750 0sb 0hr",2400,7,2600,0,0,0,0,0,0,"1B","1B","1B;OF","1B;DH;OF",NA,NA,NA,NA,NA,0,NA
6196,"Mesoraco","Devin","CIN","C","SF",1,0.98,0.9,0.13,0.05,0,0.04,0.08,0.2,0.01,0.01,0.12,0.12,0,0.01,0,0,0.68,"SF (Cueto R) R Not Starting ","+1.5 (-148) (o/u 8.5) (+111)","53 O RF 3-16 3% H49%outdoor","","",2400,8,2700,0,0,0,0,0,0,"C","C","C","C;DH",NA,NA,NA,NA,NA,0,NA
8120,"Alcantara","Arismendy","CIN","2B/OF","SF",1,0.98,0.92,0.13,0.04,0.01,0.03,0.06,0.29,0.04,0.02,0.12,0.11,0,0.01,0,0,0.71,"SF (Cueto R) S Not Starting ","+1.5 (-148) (o/u 8.5) (+111)","53 O RF 3-16 3% H49%outdoor","","3ab .333/.333/1.333 0sb 1hr",2500,7,3200,0,0,0,0,0,0,"OF","2B","2B;OF","2B;SS;DH",NA,NA,NA,NA,NA,0,NA
7560,"Sanchez","Gary","NYY","C","@ CHC",1,0.9,0.83,0.11,0.04,0,0.05,0.06,0.22,0.01,0,0.11,0.1,0,0,0,0,0.6,"@CHC (Lester L) R","+1.5 (-194) (o/u 7.0) (+114)","41 I RF 4-9 6% H64%outdoor","","",3100,17,4300,0,0,0,0,0,0,"C","C","C","C;DH",NA,NA,NA,NA,NA,0,NA
8861,"Tomlinson","Kelby","SF","2B/SS","@ CIN",1,0.96,0.88,0.18,0.04,0.01,0.01,0.07,0.17,0.03,0.02,0.11,0.11,0,0,0,0,0.63,"@CIN (Feldman R) R Not Starting ","-1.5 (+136) (o/u 8.5) (-120)","53 O RF 3-16 3% H49%outdoor","","",2400,7,3200,0,0,0,0,0,0,"2B","2B","2B;SS","2B;SS;DH",NA,NA,NA,NA,NA,0,NA
2317,"Hundley","Nick","SF","C","@ CIN",1,0.96,0.9,0.14,0.06,0,0.03,0.05,0.23,0,0,0.12,0.12,0,0.01,0,0,0.66,"@CIN (Feldman R) R Not Starting ","-1.5 (+136) (o/u 8.5) (-120)","53 O RF 3-16 3% H49%outdoor","","5ab .200/.200/.200 0sb 0hr",2500,7,3400,0,0,0,0,0,0,"C","C","C","C;DH",NA,NA,NA,NA,NA,0,NA
9433,"Kivlehan","Patrick","CIN","OF","SF",1,0.98,0.91,0.14,0.04,0,0.03,0.06,0.28,0.01,0.01,0.12,0.12,0,0.01,0,0,0.69,"SF (Cueto R) R Not Starting ","+1.5 (-148) (o/u 8.5) (+111)","53 O RF 3-16 3% H49%outdoor","","",2000,7,2400,0,0,0,0,0,0,"OF","3B","OF","3B;DH",NA,NA,NA,NA,NA,0,NA
5827,"Avila","Alex","DET","C/1B","@ OAK",1,1.01,0.86,0.12,0.04,0,0.03,0.15,0.35,0,0,0.11,0.1,0,0,0,0,0.67,"@OAK (Gray R) L Not Starting ","+1.5 (-184) (o/u 8.5) (+119)","68 O CF 9-13 3% H49%outdoor","","5ab .400/.500/.600 0sb 0hr",2900,15,3400,0,0,0,0,0,0,"C","C","C;1B","C;DH",NA,NA,NA,NA,NA,0,NA
3143,"McCann","Brian","HOU","C","@ LAA",1,0.93,0.84,0.14,0.03,0,0.04,0.09,0.19,0,0,0.12,0.1,0,0,0,0,0.62,"@LAA (Shoemaker R) L Not Starting ","+1.5 (-230) (o/u 8.0) (-117)","62 N RL 4-9 43% H57%outdoor","","6ab .167/.167/.667 0sb 1hr",3200,14,3700,0,0,0,0,0,0,"C","C","C","C;DH",NA,NA,NA,NA,NA,0,NA
6884,"Gonzalez","Marwin","HOU","3B/OF","@ LAA",1,0.93,0.89,0.15,0.05,0,0.03,0.04,0.21,0.02,0.01,0.11,0.1,0,0,0,0,0.64,"@LAA (Shoemaker R) S Not Starting ","+1.5 (-230) (o/u 8.0) (-117)","62 N RL 4-9 43% H57%outdoor","","11ab .273/.333/.455 0sb 0hr",3300,16,3600,0,0,0,0,0,0,"1B","1B","3B;OF","1B;3B;DH",NA,NA,NA,NA,NA,0,NA
7551,"Aoki","Norichika","HOU","OF","@ LAA",1,0.93,0.87,0.2,0.04,0.01,0.01,0.06,0.09,0.01,0.01,0.1,0.1,0,0,0,0,0.59,"@LAA (Shoemaker R) L Not Starting ","+1.5 (-230) (o/u 8.0) (-117)","62 N RL 4-9 43% H57%outdoor","","11ab .091/.167/.091 0sb 0hr",2900,10,3100,0,0,0,0,0,0,"OF","OF","OF","DH;OF",NA,NA,NA,NA,NA,0,NA
7984,"Collins","Tyler","DET","OF","@ OAK",1,1.01,0.94,0.16,0.03,0.01,0.03,0.07,0.26,0.01,0.01,0.11,0.1,0,0.01,0,0,0.72,"@OAK (Gray R) L Not Starting ","+1.5 (-184) (o/u 8.5) (+119)","68 O CF 9-13 3% H49%outdoor","","3ab .000/.000/.000 0sb 0hr",2700,11,2500,0,0,0,0,0,0,"OF","OF","OF","DH;OF",NA,NA,NA,NA,NA,0,NA
8854,"Mahtook","Mikie","DET","OF","@ OAK",1,1.01,0.96,0.15,0.05,0.01,0.02,0.05,0.29,0.01,0.01,0.11,0.1,0,0.01,0,0,0.73,"@OAK (Gray R) R Not Starting ","+1.5 (-184) (o/u 8.5) (+119)","68 O CF 9-13 3% H49%outdoor","","",2400,7,2500,0,0,0,0,0,0,"OF","OF","OF","DH;OF",NA,NA,NA,NA,NA,0,NA
6013,"Heyward","Jason","CHC","OF","NYY",1,0.9,0.8,0.14,0.04,0,0.02,0.09,0.14,0.02,0.01,0.1,0.1,0,0,0,0,0.57,"NYY (Severino R) L Not Starting ","-1.5 (+178) (o/u 7.0) (-123)","41 I RF 4-9 6% H64%outdoor","Questionable","",3000,15,3600,0,0,0,0,0,0,"OF","OF","OF","DH;OF",NA,NA,NA,NA,NA,0,NA
6369,"Gosewisch","Tuffy","SEA","C","TEX",1,1.02,0.96,0.15,0.04,0,0.02,0.05,0.21,0,0,0.12,0.11,0.01,0.01,0.03,0,0.75,"TEX (Cashner R) R Not Starting ","-1.5 (+150) (o/u 8.5) (-143)","57 N LR 4-7 2% H49% retractable","","5ab .000/.000/.000 0sb 0hr",2000,7,2200,0,0,0,0,0,0,"C","C","C","C;DH",NA,NA,NA,NA,NA,0,NA
6681,"Freeman","Michael","SEA","2B/OF","TEX",1,1.02,0.94,0.16,0.03,0,0.01,0.08,0.23,0.02,0.01,0.11,0.1,0,0.01,0,0,0.74,"TEX (Cashner R) L Not Starting ","-1.5 (+150) (o/u 8.5) (-143)","57 N LR 4-7 2% H49% retractable","","",2000,7,2200,0,0,0,0,0,0,"OF","OF","2B;OF","2B;DH;OF",NA,NA,NA,NA,NA,0,NA
8647,"Almora","Albert","CHC","OF","NYY",1,0.9,0.85,0.15,0.05,0.01,0.02,0.04,0.14,0.01,0.01,0.1,0.1,0,0,0,0,0.6,"NYY (Severino R) R Not Starting ","-1.5 (+178) (o/u 7.0) (-123)","41 I RF 4-9 6% H64%outdoor","","",2200,10,3200,0,0,0,0,0,0,"OF","OF","OF","DH;OF",NA,NA,NA,NA,NA,0,NA
9385,"Turner","Stuart","CIN","C","SF",1,0.98,0.91,0.12,0.04,0,0.02,0.07,0.24,0.01,0.01,0.11,0.1,0,0.01,0,0,0.71,"SF (Cueto R) R Not Starting ","+1.5 (-148) (o/u 8.5) (+111)","53 O RF 3-16 3% H49%outdoor","","",2000,7,2000,0,0,0,0,0,0,"C","C","C","C;DH",NA,NA,NA,NA,NA,0,NA
9560,"Refsnyder","Rob","NYY","1B/2B","@ CHC",1,0.9,0.83,0.15,0.05,0,0.01,0.07,0.17,0.02,0.01,0.09,0.08,0,0,0,0,0.59,"@CHC (Lester L) R","+1.5 (-194) (o/u 7.0) (+114)","41 I RF 4-9 6% H64%outdoor","","",2100,7,2900,0,0,0,0,0,0,"1B","1B","1B;2B","1B;2B;DH",NA,NA,NA,NA,NA,0,NA
3820,"Pennington","Cliff","LAA","2B/SS","HOU",1,0.99,0.89,0.15,0.03,0.01,0.01,0.1,0.23,0.02,0,0.1,0.09,0,0,0,0,0.69,"HOU (Fiers R) S Not Starting ","-1.5 (+210) (o/u 8.0) (+108)","62 N RL 4-9 43% H57%outdoor","","5ab .200/.200/.200 0sb 0hr",2400,7,2000,0,0,0,0,0,0,"SS","2B","2B;SS","2B;SS;DH",NA,NA,NA,NA,NA,0,NA
7486,"Graterol","Juan","LAA","C","HOU",1,0.99,0.96,0.19,0.05,0,0.01,0.03,0.14,0.01,0,0.1,0.1,0,0.01,0,0,0.71,"HOU (Fiers R) R Not Starting ","-1.5 (+210) (o/u 8.0) (+108)","62 N RL 4-9 43% H57%outdoor","","",2100,7,2300,0,0,0,0,0,0,"C","C","C","C;DH",NA,NA,NA,NA,NA,0,NA
7098,"Gregorius","Didi","NYY","SS","@ CHC",1,0.9,0.86,0.15,0.04,0.01,0.02,0.04,0.14,0.01,0,0.1,0.09,0,0,0,0,0.61,"@CHC (Lester L) L","+1.5 (-194) (o/u 7.0) (+114)","41 I RF 4-9 6% H64%outdoor","","2ab .000/.000/.000 0sb 0hr",3100,13,3500,0,0,0,0,0,0,"SS","SS","SS","SS;DH",NA,NA,NA,NA,NA,0,NA
3367,"Montero","Miguel","CHC","C","NYY",1,0.9,0.79,0.13,0.03,0,0.02,0.11,0.22,0.01,0,0.11,0.09,0,0,0,0,0.59,"NYY (Severino R) L Not Starting ","-1.5 (+178) (o/u 7.0) (-123)","41 I RF 4-9 6% H64%outdoor","","",3000,14,3300,0,0,0,0,0,0,"C","C","C","C;DH",NA,NA,NA,NA,NA,0,NA
1712,"Gardner","Brett","NYY","OF","@ CHC",1,0.9,0.81,0.13,0.03,0.01,0.01,0.09,0.2,0.03,0.01,0.09,0.08,0,0,0,0,0.6,"@CHC (Lester L) L","+1.5 (-194) (o/u 7.0) (+114)","41 I RF 4-9 6% H64%outdoor","","13ab .231/.333/.231 0sb 0hr",3400,18,3500,0,0,0,0,0,0,"OF","OF","OF","DH;OF",NA,NA,NA,NA,NA,0,NA
6714,"Torreyes","Ronald","NYY","SS","@ CHC",1,0.9,0.86,0.16,0.04,0.01,0.01,0.04,0.1,0.01,0.01,0.09,0.08,0,0,0,0,0.61,"@CHC (Lester L) R","+1.5 (-194) (o/u 7.0) (+114)","41 I RF 4-9 6% H64%outdoor","","",2100,7,2300,0,0,0,0,0,0,"SS","SS","SS","SS;3B;DH",NA,NA,NA,NA,NA,0,NA
