"VBR","Player","Team","Positions","Opp","AB","R","HR","RBI","SB","AVG","OBP","H","2B","3B","BB","SO","Own"
" ","A.J. Ellis","MIA","C","@SEA","4.5","0.34","0.08","0.34","0.04",".236",".323","1.06","0.15","0","0.56","0.87",""
" ","Aaron Cunningham","CHC","LF","MIL","0","0","0","0","0",".000",".000","0","0","0","0","0",""
" ","Adam Moore","CLE","C","@MIN","0","0","0","0","0",".000",".000","0","0","0","0","0",""
" ","Adam Rosales","OAK","2B,3B,SS","TEX","2.93","0.38","0.15","0.4","0.05",".202",".296","0.59","0.13","0.02","0.37","1.08",""
" ","Adrian Beltre","TEX","3B","@OAK","0","0","0","0","0",".000",".000","0","0","0","0","0",""
" ","Adrian Gonzalez","LAD","1B","ARI","2.97","0.3","0.07","0.37","0",".271",".316","0.81","0.11","0","0.18","0.91",""
" ","Albert Pujols","LAA","1B,DH","@HOU","3.68","0.43","0.21","0.72","0.03",".265",".331","0.97","0.13","0.01","0.35","0.48",""
" ","Alejandro De Aza","OAK","LF,CF,RF","TEX","0","0","0","0","0",".000",".000","0","0","0","0","0",""
" ","Allen Craig","BOS","1B,LF,RF","TB","0","0","0","0","0",".000",".000","0","0","0","0","0",""
" ","Andre Ethier","LAD","LF","ARI","0","0","0","0","0",".000",".000","0","0","0","0","0",""
" ","Andrew McCutchen","PIT","CF,RF","@STL","3.77","0.57","0.15","0.49","0.04",".270",".354","1.02","0.2","0.02","0.45","0.92",""
" ","Angel Sanchez","CWS","2B,SS","@NYY","0","0","0","0","0",".000",".000","0","0","0","0","0",""
" ","Austin Jackson","CLE","CF","@MIN","3.41","0.49","0.04","0.4","0.07",".322",".378","1.1","0.27","0.02","0.3","0.53",""
" ","Austin Romine","NYY","C","CWS","3.5","0.4","0.15","0.58","0.02",".310",".340","1.09","0.25","0","0.16","0.42",""
" ","Ben Revere","LAA","LF,CF","@HOU","3.42","0.36","0.01","0.22","0.12",".212",".254","0.72","0.1","0.07","0.19","0.32",""
" ","Ben Zobrist","CHC","2B,LF,RF","MIL","4.05","0.62","0.18","0.67","0.06",".213",".322","0.86","0.16","0.02","0.64","0.52",""
" ","Bobby Wilson","LAD","C","ARI","0","0","0","0","0",".000",".000","0","0","0","0","0",""
" ","Brandon Phillips","ATL","2B","SD","4.07","0.62","0.15","0.51","0.14",".339",".369","1.38","0.25","0.01","0.15","0.38",""
" ","Brent Lillibridge","TEX","2B,3B,SS","@OAK","0","0","0","0","0",".000",".000","0","0","0","0","0",""
" ","Brett Gardner","NYY","LF","CWS","3.12","0.28","0.04","0.21","0.09",".354",".404","1.11","0.11","0.03","0.24","0.73",""
" ","Brett Hayes","TEX","C","@OAK","0","0","0","0","0",".000",".000","0","0","0","0","0",""
" ","Brian McCann","HOU","C,DH","LAA","3.92","0.5","0.21","0.55","0.01",".247",".344","0.97","0.12","0.01","0.54","0.86",""
" ","Bryan Anderson","OAK","C","TEX","0","0","0","0","0",".000",".000","0","0","0","0","0",""
" ","Cameron Maybin","LAA","LF,CF","@HOU","3.64","0.64","0.06","0.46","0.16",".294",".359","1.07","0.15","0.05","0.36","0.7",""
" ","Carlos Beltran","HOU","RF,DH","LAA","3.16","0.38","0.13","0.48","0.01",".272",".329","0.86","0.19","0.01","0.26","0.5",""
" ","Carlos Gomez","TEX","LF,CF,RF","@OAK","4.16","0.67","0.18","0.61","0.19",".239",".319","1","0.22","0.01","0.41","1.18",""
" ","Carlos Ruiz","SEA","C","MIA","3.08","0.31","0.03","0.35","0.02",".209",".296","0.64","0.21","0","0.31","0.32",""
" ","Carlos Santana","CLE","1B,DH","@MIN","4.04","0.77","0.21","0.65","0.08",".282",".382","1.14","0.21","0.03","0.65","0.59",""
" ","Chase Headley","NYY","3B","CWS","4.01","0.61","0.12","0.44","0.04",".309",".370","1.24","0.15","0","0.36","0.58",""
" ","Chase Utley","LAD","2B","ARI","0.18","0.02","0","0.02","0",".187",".236","0.03","0.01","0","0.01","0.08",""
" ","Chris Young","BOS","LF","TB","3.6","0.49","0.11","0.43","0.04",".280",".378","1.01","0.3","0.01","0.55","0.93",""
" ","Chris Carter","NYY","1B","CWS","3.96","0.68","0.41","0.84","0.02",".243",".336","0.96","0.18","0.02","0.53","0.92",""
" ","Chris Iannetta","ARI","C","@LAD","2.64","0.16","0.05","0.22","0.01",".152",".277","0.4","0.13","0","0.44","0.9",""
" ","Cliff Pennington","LAA","2B,SS","@HOU","0.32","0.04","0.01","0.02","0",".229",".293","0.07","0.01","0.01","0.03","0.1",""
" ","Colby Rasmus","TB","LF,CF,RF","@BOS","0","0","0","0","0",".000",".000","0","0","0","0","0",""
" ","Dan Johnson","TB","1B","@BOS","0","0","0","0","0",".000",".000","0","0","0","0","0",""
" ","Daniel Descalso","ARI","1B,2B,SS,LF","@LAD","0.45","0.07","0.01","0.07","0.01",".212",".351","0.1","0.02","0","0.1","0.14",""
" ","Danny Espinosa","LAA","2B,SS","@HOU","3.51","0.45","0.16","0.4","0.05",".205",".291","0.72","0.09","0.01","0.36","1.12",""
" ","Danny Valencia","SEA","1B,3B,RF","MIA","3.68","0.53","0.09","0.35","0.01",".264",".321","0.97","0.17","0.01","0.31","0.76",""
" ","Darin Mastroianni","TEX","CF,RF","@OAK","0","0","0","0","0",".000",".000","0","0","0","0","0",""
" ","Darnell McDonald","CHC","LF,RF","MIL","0","0","0","0","0",".000",".000","0","0","0","0","0",""
" ","David Freese","PIT","1B,3B","@STL","3.15","0.44","0.08","0.36","0",".252",".340","0.79","0.16","0","0.38","1.02",""
" ","Dee Gordon","MIA","2B","@SEA","4.42","0.72","0.03","0.24","0.46",".268",".299","1.19","0.17","0.03","0.18","0.79",""
" ","Dexter Fowler","STL","CF","PIT","3.98","0.58","0.14","0.41","0.1",".280",".366","1.11","0.34","0.05","0.5","0.89",""
" ","Don Kelly","MIA","1B","@SEA","0","0","0","0","0",".000",".000","0","0","0","0","0",""
" ","Dustin Ackley","NYY","1B,2B,LF,CF,RF","CWS","0","0","0","0","0",".000",".000","0","0","0","0","0",""
" ","Dustin Pedroia","BOS","2B","TB","3.94","0.65","0.07","0.38","0.03",".329",".414","1.3","0.17","0","0.58","0.62",""
" ","Dusty Brown","OAK","C","TEX","0","0","0","0","0",".000",".000","0","0","0","0","0",""
" ","Edwin Encarnacion","CLE","1B,DH","@MIN","3.92","0.61","0.27","0.83","0.02",".299",".375","1.17","0.23","0.01","0.46","0.74",""
" ","Elvis Andrus","TEX","SS","@OAK","3.68","0.48","0.05","0.47","0.19",".289",".353","1.06","0.25","0.05","0.36","0.49",""
" ","Emilio Bonifacio","ATL","LF","SD","0.27","0.04","0","0.02","0.01",".295",".324","0.08","0.01","0","0.01","0.06",""
" ","Eric Patterson","CWS","LF,CF","@NYY","0","0","0","0","0",".000",".000","0","0","0","0","0",""
" ","Eric Sogard","MIL","2B","@CHC","0","0","0","0","0",".000",".000","0","0","0","0","0",""
" ","Eric Thames","MIL","1B,LF,RF","@CHC","3.73","0.42","0.13","0.66","0.1",".238",".317","0.89","0.21","0.01","0.38","1.13",""
" ","Eric Young","LAA","CF,DH","@HOU","0","0","0","0","0",".000",".000","0","0","0","0","0",""
" ","Erick Aybar","SD","3B,SS","@ATL","0.41","0.03","0","0.03","0.01",".294",".344","0.12","0.03","0","0.03","0.07",""
" ","Evan Longoria","TB","3B","@BOS","4.03","0.47","0.18","0.68","0.02",".290",".342","1.17","0.21","0.02","0.3","0.91",""
" ","Everth Cabrera","CWS","SS","@NYY","0","0","0","0","0",".000",".000","0","0","0","0","0",""
" ","Francisco Cervelli","PIT","C","@STL","3.27","0.38","0.04","0.34","0.04",".240",".349","0.78","0.16","0.01","0.5","0.74",""
" ","Franklin Gutierrez","LAD","LF,RF","ARI","0","0","0","0","0",".000",".000","0","0","0","0","0",""
" ","Freddie Freeman","ATL","1B","SD","3.73","0.74","0.31","0.62","0.06",".335",".415","1.25","0.27","0.02","0.48","0.74",""
" ","Gaby Sanchez","SEA","1B","MIA","0","0","0","0","0",".000",".000","0","0","0","0","0",""
" ","George Kottaras","ATL","C","SD","0","0","0","0","0",".000",".000","0","0","0","0","0",""
" ","Geovany Soto","CWS","C","@NYY","0","0","0","0","0",".000",".000","0","0","0","0","0",""
" ","Greg Golson","MIL","RF,LF","@CHC","0","0","0","0","0",".000",".000","0","0","0","0","0",""
" ","Greg Halman","SEA","LF,RF","MIA","0","0","0","0","0",".000",".000","0","0","0","0","0",""
" ","Gregor Blanco","ARI","LF,CF,RF","@LAD","0","0","0","0","0",".000",".000","0","0","0","0","0",""
" ","Hank Conger","ARI","C","@LAD","0","0","0","0","0",".000",".000","0","0","0","0","0",""
" ","Hanley Ramirez","BOS","1B","TB","3.98","0.66","0.17","0.87","0.03",".325",".416","1.29","0.28","0.01","0.6","0.92",""
" ","Ichiro Suzuki","MIA","LF,CF,RF","@SEA","0.18","0.02","0","0.01","0.01",".287",".352","0.05","0","0","0.02","0.03",""
" ","Ike Davis","LAD","1B","ARI","0","0","0","0","0",".000",".000","0","0","0","0","0",""
" ","Jacoby Ellsbury","NYY","CF","CWS","0.46","0.04","0.01","0.04","0.01",".348",".383","0.16","0.02","0","0.02","0.09",""
" ","Jarrod Dyson","SEA","LF,CF,RF","MIA","3.79","0.46","0.02","0.32","0.49",".245",".325","0.93","0.15","0.04","0.4","0.57",""
" ","Jason Bourgeois","ARI","LF,CF,RF","@LAD","0","0","0","0","0",".000",".000","0","0","0","0","0",""
" ","Jason Castro","MIN","C","CLE","3.56","0.38","0.12","0.36","0.01",".188",".283","0.67","0.19","0.02","0.45","2.09",""
" ","Jason Heyward","CHC","CF,RF","MIL","3.86","0.44","0.07","0.33","0.16",".202",".271","0.78","0.18","0.02","0.33","0.62",""
" ","Jason Kipnis","CLE","2B","@MIN","0","0","0","0","0",".000",".000","0","0","0","0","0",""
" ","Wil Myers","SD","1B,RF","@ATL","3.83","0.57","0.24","0.58","0.2",".284",".361","1.09","0.17","0.03","0.46","1",""
" ","Jed Lowrie","OAK","2B","TEX","3.86","0.38","0.07","0.31","0.02",".228",".286","0.88","0.15","0.03","0.29","0.89",""
" ","Jeff Mathis","ARI","C","@LAD","3.76","0.23","0.04","0.43","0.01",".170",".229","0.64","0.15","0.03","0.27","1.29",""
" ","Jeremy Hermida","MIL","RF","@CHC","0","0","0","0","0",".000",".000","0","0","0","0","0",""
" ","Jerry Sands","CWS","1B,LF,RF,DH","@NYY","0","0","0","0","0",".000",".000","0","0","0","0","0",""
" ","Jhonny Peralta","STL","3B,SS","PIT","3.22","0.32","0.07","0.38","0.01",".270",".312","0.87","0.23","0.03","0.18","0.73",""
" ","Joe Mauer","MIN","1B,DH","CLE","3.85","0.42","0.07","0.41","0.01",".216",".312","0.83","0.2","0.02","0.54","1.07",""
" ","John Jaso","PIT","1B","@STL","0.39","0.05","0.01","0.04","0",".274",".359","0.11","0.03","0","0.05","0.07",""
" ","Carlos Corporan","CHC","C","MIL","0","0","0","0","0",".000",".000","0","0","0","0","0",""
" ","Jon Jay","CHC","LF,CF,RF","MIL","3.02","0.43","0.03","0.2","0.04",".217",".271","0.66","0.15","0.01","0.14","0.68",""
" ","Jonathan Lucroy","TEX","C,1B","@OAK","3.79","0.45","0.13","0.57","0.03",".318",".378","1.2","0.25","0.03","0.36","0.75",""
" ","Jordan Pacheco","ATL","C,3B","SD","0","0","0","0","0",".000",".000","0","0","0","0","0",""
" ","Josh Bell","SD","3B","@ATL","0","0","0","0","0",".000",".000","0","0","0","0","0",""
" ","Josh Hamilton","TEX","LF,RF","@OAK","0","0","0","0","0",".000",".000","0","0","0","0","0",""
" ","Leonys Martin","SEA","CF","MIA","3.53","0.35","0.09","0.32","0.21",".221",".295","0.78","0.12","0.01","0.36","1.1",""
" ","Josh Reddick","HOU","RF","LAA","3.28","0.44","0.09","0.32","0.07",".303",".359","0.99","0.15","0.02","0.3","0.38",""
" ","Josh Rodriguez","MIA","SS,3B","@SEA","0","0","0","0","0",".000",".000","0","0","0","0","0",""
" ","Josh Thole","ARI","C","@LAD","0","0","0","0","0",".000",".000","0","0","0","0","0",""
" ","Kyle Hudson","LAA","LF","@HOU","0","0","0","0","0",".000",".000","0","0","0","0","0",""
" ","Kurt Suzuki","ATL","C","SD","2.73","0.26","0.07","0.33","0",".263",".317","0.72","0.17","0","0.17","0.26",""
" ","Leslie Anderson","TB","1B","@BOS","0","0","0","0","0",".000",".000","0","0","0","0","0",""
" ","Logan Morrison","TB","1B","@BOS","3.71","0.45","0.08","0.45","0.04",".205",".279","0.76","0.19","0.01","0.35","0.89",""
" ","Lonnie Chisenhall","CLE","RF","@MIN","4.37","0.55","0.09","0.69","0.1",".384",".416","1.68","0.26","0.08","0.23","0.6",""
" ","Lou Marson","LAA","C","@HOU","0","0","0","0","0",".000",".000","0","0","0","0","0",""
" ","Lucas May","MIL","C","@CHC","0","0","0","0","0",".000",".000","0","0","0","0","0",""
" ","Luis Durango","CWS","LF,CF","@NYY","0","0","0","0","0",".000",".000","0","0","0","0","0",""
" ","Luis Martinez","LAA","C","@HOU","0","0","0","0","0",".000",".000","0","0","0","0","0",""
" ","Luis Valbuena","LAA","1B,3B","@HOU","0","0","0","0","0",".000",".000","0","0","0","0","0",""
" ","Luke Hughes","OAK","3B","TEX","0","0","0","0","0",".000",".000","0","0","0","0","0",""
" ","Martin Prado","MIA","3B","@SEA","0","0","0","0","0",".000",".000","0","0","0","0","0",""
" ","Matt Dominguez","BOS","3B","TB","0","0","0","0","0",".000",".000","0","0","0","0","0",""
" ","Matt Holliday","NYY","1B,LF,DH","CWS","4.18","0.51","0.29","0.83","0.01",".266",".333","1.11","0.28","0.01","0.36","0.56",""
" ","Matt Joyce","OAK","LF,RF","TEX","3.56","0.62","0.23","0.58","0.02",".207",".322","0.74","0.13","0.03","0.58","1.08",""
" ","Matt Kemp","ATL","LF,RF","SD","0","0","0","0","0",".000",".000","0","0","0","0","0",""
" ","Matt Tuiasosopo","ATL","3B,LF,1B","SD","0","0","0","0","0",".000",".000","0","0","0","0","0",""
" ","Melky Cabrera","CWS","LF","@NYY","0","0","0","0","0",".000",".000","0","0","0","0","0",""
" ","Michael Brantley","CLE","LF","@MIN","4.05","0.73","0.11","0.52","0.22",".415",".459","1.68","0.27","0.02","0.33","0.4",""
" ","Miguel Montero","CHC","C","MIL","2.64","0.33","0.12","0.37","0.03",".183",".283","0.48","0.08","0.01","0.35","0.61",""
" ","Mike Baxter","SEA","LF,RF","MIA","0","0","0","0","0",".000",".000","0","0","0","0","0",""
" ","Mike Napoli","TEX","1B,DH","@OAK","3.85","0.59","0.24","0.71","0.02",".228",".329","0.88","0.16","0.01","0.54","1.33",""
" ","Giancarlo Stanton","MIA","RF","@SEA","3.92","0.49","0.3","0.74","0.03",".252",".359","0.99","0.18","0","0.65","1.27",""
" ","Mike Trout","LAA","CF","@HOU","3.36","0.74","0.2","0.59","0.16",".308",".436","1.04","0.23","0.05","0.74","0.84",""
" ","Mitch Maier","CHC","CF","MIL","0","0","0","0","0",".000",".000","0","0","0","0","0",""
" ","Mitch Moreland","BOS","1B","TB","3.68","0.27","0.16","0.67","0.01",".341",".395","1.25","0.2","0.01","0.29","1.47",""
" ","Nelson Cruz","SEA","RF,DH","MIA","3.73","0.55","0.18","0.65","0.01",".269",".345","1","0.19","0","0.41","0.82",""
" ","Nick Markakis","ATL","RF","SD","3.81","0.49","0.12","0.58","0.02",".310",".378","1.18","0.26","0.01","0.39","0.5",""
" ","Nick Swisher","NYY","1B,LF","CWS","0","0","0","0","0",".000",".000","0","0","0","0","0",""
" ","Nick Weglarz","ATL","1B,RF","SD","0","0","0","0","0",".000",".000","0","0","0","0","0",""
" ","Pablo Sandoval","BOS","3B","TB","0.7","0.08","0.02","0.09","0",".270",".330","0.19","0.04","0","0.06","0.13",""
" ","Peter Bourjos","TB","CF,RF","@BOS","0.7","0.08","0.01","0.05","0.02",".245",".298","0.17","0.03","0.01","0.05","0.18",""
" ","Rajai Davis","OAK","LF,CF","TEX","3.6","0.47","0.1","0.4","0.29",".232",".297","0.84","0.15","0.03","0.31","0.77",""
" ","Reid Brignac","HOU","3B","LAA","0","0","0","0","0",".000",".000","0","0","0","0","0",""
" ","Rickie Weeks","TB","LF","@BOS","3.57","0.46","0.1","0.46","0.08",".237",".337","0.85","0.14","0.02","0.49","1.15",""
" ","Robinson Cano","SEA","2B","MIA","3.94","0.53","0.18","0.68","0.02",".279",".354","1.1","0.24","0.01","0.44","0.62",""
" ","Robinson Chirinos","TEX","C","@OAK","0.49","0.06","0.03","0.07","0",".231",".315","0.11","0.04","0","0.05","0.14",""
" ","Ruben Tejada","NYY","3B","CWS","0","0","0","0","0",".000",".000","0","0","0","0","0",""
" ","Ryan Braun","MIL","LF","@CHC","3.3","0.38","0.26","0.55","0.13",".261",".311","0.86","0.11","0.02","0.22","0.87",""
" ","Ryan Howard","ATL","1B","SD","0","0","0","0","0",".000",".000","0","0","0","0","0",""
" ","Scott Cousins","BOS","CF,RF,LF","TB","0","0","0","0","0",".000",".000","0","0","0","0","0",""
" ","Shane Victorino","CHC","LF,RF","MIL","0","0","0","0","0",".000",".000","0","0","0","0","0",""
" ","Shin-Soo Choo","TEX","RF","@OAK","3.9","0.48","0.08","0.4","0.07",".209",".328","0.81","0.21","0.02","0.62","1.04",""
" ","Starlin Castro","NYY","2B","CWS","4.28","0.45","0.17","0.41","0.02",".278",".314","1.19","0.28","0.01","0.21","0.63",""
" ","Todd Frazier","CWS","1B,3B","@NYY","3.94","0.63","0.32","0.73","0.07",".216",".301","0.85","0.11","0.01","0.46","1.23",""
" ","Travis Snider","TEX","LF,RF","@OAK","0","0","0","0","0",".000",".000","0","0","0","0","0",""
" ","Trayvon Robinson","LAD","LF,CF","ARI","0","0","0","0","0",".000",".000","0","0","0","0","0",""
" ","Trevor Plouffe","OAK","1B,3B","TEX","3.68","0.34","0.14","0.53","0.02",".246",".299","0.91","0.1","0.02","0.26","0.61",""
" ","Tyler Fers","ATL","C","SD","2.89","0.33","0.14","0.42","0",".301",".358","0.87","0.17","0","0.21","0.7",""
" ","Tyler Greene","ATL","2B,SS","SD","0","0","0","0","0",".000",".000","0","0","0","0","0",""
" ","Will Venable","LAD","RF","ARI","0","0","0","0","0",".000",".000","0","0","0","0","0",""
" ","Wilson Ramos","TB","C","@BOS","0","0","0","0","0",".000",".000","0","0","0","0","0",""
" ","Wily Mo Pena","CLE","LF,DH","@MIN","0","0","0","0","0",".000",".000","0","0","0","0","0",""
" ","Yadier Molina","STL","C","PIT","3.53","0.28","0.03","0.44","0.01",".277",".323","0.98","0.27","0.01","0.23","0.48",""
" ","Yonder Alonso","OAK","1B","TEX","3.77","0.42","0.09","0.44","0.03",".229",".290","0.86","0.26","0.02","0.31","0.65",""
" ","Yunel Escobar","LAA","3B","@HOU","3.94","0.52","0.05","0.29","0.01",".299",".351","1.18","0.17","0.01","0.29","0.51",""
" ","Matt Angle","MIA","LF,CF","@SEA","0","0","0","0","0",".000",".000","0","0","0","0","0",""
" ","Ryan Lavarnway","OAK","C,1B","TEX","0","0","0","0","0",".000",".000","0","0","0","0","0",""
" ","Lars Anderson","CHC","LF,1B","MIL","0","0","0","0","0",".000",".000","0","0","0","0","0",""
" ","Will Middlebrooks","TEX","3B","@OAK","0","0","0","0","0",".000",".000","0","0","0","0","0",""
" ","Abraham Almonte","CLE","LF,RF","@MIN","2.88","0.51","0.04","0.29","0.18",".320",".362","0.92","0.2","0.04","0.19","0.51",""
" ","Che-Hsuan Lin","TEX","RF","@OAK","0","0","0","0","0",".000",".000","0","0","0","0","0",""
" ","Corey Dickerson","TB","LF,DH","@BOS","4.19","0.49","0.11","0.62","0.01",".233",".277","0.97","0.38","0.03","0.25","1.01",""
" ","Nevin Ashley","TEX","C","@OAK","0","0","0","0","0",".000",".000","0","0","0","0","0",""
" ","Stephen Vogt","OAK","C,DH","TEX","3.9","0.55","0.19","0.43","0.01",".248",".300","0.97","0.24","0.02","0.28","0.69",""
" ","Russ Canzler","NYY","1B,LF","CWS","0","0","0","0","0",".000",".000","0","0","0","0","0",""
" ","Brandon Guyer","CLE","LF,CF,RF","@MIN","3.26","0.38","0.08","0.45","0.05",".337",".411","1.1","0.18","0.01","0.23","0.54",""
" ","Adeiny Hechavarria","MIA","SS","@SEA","0","0","0","0","0",".000",".000","0","0","0","0","0",""
" ","Moises Sierra","MIA","RF,LF","@SEA","0","0","0","0","0",".000",".000","0","0","0","0","0",""
" ","Eduardo Escobar","MIN","3B,SS","CLE","3.68","0.3","0.06","0.42","0.01",".211",".260","0.78","0.18","0.02","0.22","1.1",""
" ","Osvaldo Martinez","LAD","SS","ARI","0","0","0","0","0",".000",".000","0","0","0","0","0",""
" ","Juan Diaz","CWS","SS,3B","@NYY","0","0","0","0","0",".000",".000","0","0","0","0","0",""
" ","Hernan Perez","MIL","2B,3B,CF,RF","@CHC","3.04","0.26","0.11","0.33","0.31",".222",".252","0.68","0.09","0.02","0.11","0.9",""
" ","Avisail Garcia","CWS","LF,RF,DH","@NYY","4.14","0.65","0.14","0.53","0.06",".222",".293","0.92","0.16","0.02","0.38","1.05",""
" ","Manny Pina","MIL","C","@CHC","3.26","0.22","0.12","0.49","0.02",".217",".269","0.71","0.2","0.02","0.21","0.99",""
" ","Chris Parmelee","OAK","1B,RF","TEX","0","0","0","0","0",".000",".000","0","0","0","0","0",""
" ","Oswaldo Arcia","ARI","LF,RF","@LAD","0","0","0","0","0",".000",".000","0","0","0","0","0",""
" ","Jean Segura","SEA","2B,SS","MIA","0","0","0","0","0",".000",".000","0","0","0","0","0",""
" ","Jeremy Moore","TB","RF","@BOS","0","0","0","0","0",".000",".000","0","0","0","0","0",""
" ","Derek Norris","TB","C","@BOS","3.22","0.31","0.09","0.32","0.05",".206",".276","0.66","0.13","0.01","0.29","1.12",""
" ","Anthony Recker","ATL","C","SD","0.12","0.01","0.01","0.02","0",".282",".351","0.03","0.01","0","0.01","0.02",""
" ","Jemile Weeks","CHC","2B","MIL","0","0","0","0","0",".000",".000","0","0","0","0","0",""
" ","Collin Cowgill","SD","LF,RF","@ATL","0","0","0","0","0",".000",".000","0","0","0","0","0",""
" ","Jermaine Mitchell","MIN","RF,CF","CLE","0","0","0","0","0",".000",".000","0","0","0","0","0",""
" ","Chris Gimenez","MIN","C","CLE","2.7","0.23","0.05","0.24","0.01",".246",".315","0.66","0.09","0.01","0.26","0.91",""
" ","Kyle Seager","SEA","3B","MIA","3.56","0.46","0.16","0.61","0.02",".287",".384","1.02","0.25","0.01","0.55","0.65",""
" ","Brandon Hicks","LAD","2B","ARI","0","0","0","0","0",".000",".000","0","0","0","0","0",""
" ","Ryan Jackson","MIA","2B,SS","@SEA","0","0","0","0","0",".000",".000","0","0","0","0","0",""
" ","Kevin Mattison","MIL","LF,CF","@CHC","0","0","0","0","0",".000",".000","0","0","0","0","0",""
" ","Bryan Petersen","TEX","LF,CF,RF","@OAK","0","0","0","0","0",".000",".000","0","0","0","0","0",""
" ","Chris Owings","ARI","SS,CF","@LAD","3.29","0.25","0.03","0.34","0.27",".204",".270","0.67","0.18","0.04","0.29","0.82",""
" ","Zach Lutz","MIA","1B,3B","@SEA","0","0","0","0","0",".000",".000","0","0","0","0","0",""
" ","Josh Satin","SD","1B","@ATL","0","0","0","0","0",".000",".000","0","0","0","0","0",""
" ","Justin Turner","LAD","3B","ARI","3.94","0.46","0.13","0.48","0.03",".223",".318","0.88","0.18","0.02","0.47","0.97",""
" ","Kirk Nieuwenhuis","MIL","CF,RF","@CHC","0.47","0.03","0.01","0.06","0.01",".189",".291","0.09","0.02","0","0.06","0.2",""
" ","Cesar Puello","TEX","RF","@OAK","0","0","0","0","0",".000",".000","0","0","0","0","0",""
" ","Erik Kratz","CLE","C","@MIN","0","0","0","0","0",".000",".000","0","0","0","0","0",""
" ","Sebastian Valle","SEA","C","MIA","0","0","0","0","0",".000",".000","0","0","0","0","0",""
" ","Michael Martinez","CLE","2B,CF,RF","@MIN","0.31","0.05","0","0.03","0.01",".381",".418","0.12","0.02","0","0.02","0.05",""
" ","Tyler Moore","MIA","1B,LF","@SEA","0.46","0.04","0.01","0.05","0",".233",".291","0.11","0.02","0","0.04","0.14",""
" ","Eury Perez","PIT","LF,CF","@STL","0","0","0","0","0",".000",".000","0","0","0","0","0",""
" ","Bryan LaHair","BOS","1B,RF","TB","0","0","0","0","0",".000",".000","0","0","0","0","0",""
" ","Junior Lake","BOS","LF,RF","TB","0","0","0","0","0",".000",".000","0","0","0","0","0",""
" ","Anthony Rizzo","CHC","1B","MIL","4.15","0.65","0.3","0.77","0.07",".260",".360","1.08","0.24","0.03","0.51","0.8",""
" ","Tony Campana","CWS","CF","@NYY","0","0","0","0","0",".000",".000","0","0","0","0","0",""
" ","Matthew Szczur","CHC","LF,CF,RF","MIL","0.18","0.03","0.01","0.02","0",".327",".373","0.06","0.01","0","0.01","0.03",""
" ","Didi Gregorius","NYY","SS","CWS","0","0","0","0","0",".000",".000","0","0","0","0","0",""
" ","Kristopher Negron","ARI","2B,3B,SS,LF","@LAD","0","0","0","0","0",".000",".000","0","0","0","0","0",""
" ","Denis Phipps","CWS","RF","@NYY","0","0","0","0","0",".000",".000","0","0","0","0","0",""
" ","Jose Altuve","HOU","2B","LAA","4.19","0.74","0.23","0.64","0.24",".314",".362","1.32","0.24","0.06","0.29","0.47",""
" ","Matt Downs","MIA","3B,1B","@SEA","0","0","0","0","0",".000",".000","0","0","0","0","0",""
" ","Marwin Gonzalez","HOU","1B,2B,3B,SS,LF","LAA","3.99","0.51","0.13","0.45","0.08",".258",".304","1.03","0.13","0.02","0.22","0.93",""
" ","Brian Bogusevic","BOS","LF,CF,RF","TB","0","0","0","0","0",".000",".000","0","0","0","0","0",""
" ","J.B. Shuck","MIN","LF,CF,RF","CLE","0","0","0","0","0",".000",".000","0","0","0","0","0",""
" ","Xander Bogaerts","BOS","SS","TB","3.83","0.67","0.1","0.58","0.07",".315",".391","1.21","0.18","0.01","0.47","0.83",""
" ","Martin Maldonado","LAA","C","@HOU","2.64","0.24","0.1","0.28","0.01",".181",".295","0.48","0.07","0","0.39","0.61",""
" ","Eric Farris","MIN","2B","CLE","0","0","0","0","0",".000",".000","0","0","0","0","0",""
" ","Caleb Gindl","CWS","RF,LF","@NYY","0","0","0","0","0",".000",".000","0","0","0","0","0",""
" ","Brock Kjeldgaard","MIL","LF,1B","@CHC","0","0","0","0","0",".000",".000","0","0","0","0","0",""
" ","Michael McKenry","TB","C","@BOS","0","0","0","0","0",".000",".000","0","0","0","0","0",""
" ","Chase d'Arnaud","ATL","2B,3B,SS,LF","SD","0.15","0.02","0","0.01","0.01",".264",".315","0.04","0.01","0","0.01","0.02",""
" ","Matt Hague","MIN","1B","CLE","0","0","0","0","0",".000",".000","0","0","0","0","0",""
" ","Josh Harrison","PIT","2B,3B","@STL","3.49","0.42","0.04","0.4","0.14",".288",".329","1","0.18","0.05","0.16","0.55",""
" ","Jordy Mercer","PIT","SS","@STL","3.15","0.39","0.05","0.35","0.01",".249",".316","0.79","0.13","0.02","0.29","0.51",""
" ","Yamaico Navarro","NYY","2B,LF","CWS","0","0","0","0","0",".000",".000","0","0","0","0","0",""
" ","Starling Marte","PIT","LF,CF","@STL","4.43","0.63","0.1","0.45","0.36",".309",".366","1.37","0.34","0.04","0.29","0.83",""
" ","Ronny Rodriguez","CLE","SS,1B","@MIN","0","0","0","0","0",".000",".000","0","0","0","0","0",""
" ","Tony Cruz","SD","C","@ATL","0","0","0","0","0",".000",".000","0","0","0","0","0",""
" ","Matt Carpenter","STL","1B,2B,3B","PIT","3.52","0.53","0.24","0.51","0.01",".312",".400","1.1","0.45","0.03","0.51","0.61",""
" ","Mark Hamilton","ATL","1B","SD","0","0","0","0","0",".000",".000","0","0","0","0","0",""
" ","Pete Kozma","NYY","2B,SS","CWS","0.19","0.02","0","0.01","0",".221",".268","0.04","0.01","0","0.01","0.03",""
" ","Adron Chambers","HOU","LF,CF","LAA","0","0","0","0","0",".000",".000","0","0","0","0","0",""
" ","Shane Robinson","LAA","LF,CF","@HOU","0","0","0","0","0",".000",".000","0","0","0","0","0",""
" ","Paul Goldschmidt","ARI","1B","@LAD","3.72","0.48","0.12","0.59","0.28",".221",".395","0.82","0.22","0.01","1.06","1.15",""
" ","David Winfree","ARI","CF","@LAD","0","0","0","0","0",".000",".000","0","0","0","0","0",""
" ","Tommy Field","MIN","2B,SS","CLE","0","0","0","0","0",".000",".000","0","0","0","0","0",""
" ","Ivan De Jesus","MIL","1B,2B,3B,SS,LF","@CHC","0","0","0","0","0",".000",".000","0","0","0","0","0",""
" ","Justin Sellers","SD","2B,SS","@ATL","0","0","0","0","0",".000",".000","0","0","0","0","0",""
" ","Scott Van Slyke","LAD","LF,RF","ARI","0.33","0.05","0.01","0.03","0.01",".219",".322","0.07","0.02","0","0.05","0.09",""
" ","Yasmani Grandal","LAD","C","ARI","2.72","0.26","0.15","0.4","0.01",".232",".374","0.63","0.07","0.01","0.61","0.86",""
" ","James Darnell","TB","LF","@BOS","0","0","0","0","0",".000",".000","0","0","0","0","0",""
" ","Logan Forsythe","LAD","2B","ARI","3.94","0.69","0.16","0.49","0.05",".265",".332","1.04","0.19","0.03","0.33","1.23",""
" ","Andy Parrino","CWS","SS","@NYY","0","0","0","0","0",".000",".000","0","0","0","0","0",""
" ","Josmil Pinto","MIL","C","@CHC","0","0","0","0","0",".000",".000","0","0","0","0","0",""
" ","Rymer Liriano","CWS","RF","@NYY","3.47","0.39","0.09","0.33","0.09",".220",".292","0.76","0.15","0","0.32","1.11",""
" ","Hector Sanchez","SD","C","@ATL","0.38","0.04","0.01","0.05","0",".265",".308","0.1","0.02","0","0.02","0.08",""
" ","Chris Stewart","PIT","C","@STL","0.09","0.01","0","0.01","0",".202",".284","0.02","0","0","0.01","0.01",""
" ","Domingo Santana","MIL","RF","@CHC","3.02","0.28","0.17","0.34","0.06",".200",".278","0.6","0.12","0.01","0.3","1.54",""
" ","Charlie Culberson","LAD","2B,3B,SS","ARI","0","0","0","0","0",".000",".000","0","0","0","0","0",""
" ","Justin Christian","TB","LF","@BOS","0","0","0","0","0",".000",".000","0","0","0","0","0",""
" ","Norichika Aoki","HOU","LF,CF","LAA","2.96","0.45","0.04","0.23","0.06",".286",".355","0.85","0.16","0.04","0.29","0.28",""
" ","Jason Pridie","ARI","LF,RF,CF","@LAD","0","0","0","0","0",".000",".000","0","0","0","0","0",""
" ","Aaron Hicks","NYY","LF,CF,RF","CWS","4.14","0.51","0.15","0.41","0.06",".208",".268","0.86","0.16","0.01","0.35","0.7",""
" ","Kolten Wong","STL","2B,CF","PIT","3.29","0.36","0.08","0.28","0.05",".235",".299","0.77","0.17","0.04","0.25","0.39",""
" ","Xavier Avery","ATL","LF","SD","0","0","0","0","0",".000",".000","0","0","0","0","0",""
" ","Brock Holt","BOS","3B,LF","TB","0.68","0.05","0.01","0.05","0.02",".256",".356","0.17","0.03","0.01","0.1","0.24",""
" ","Dorssys Paulino","CLE","LF,SS","@MIN","0","0","0","0","0",".000",".000","0","0","0","0","0",""
" ","Luis Sardinas","SD","SS","@ATL","0.47","0.06","0.01","0.05","0.02",".272",".304","0.13","0.02","0","0.02","0.11",""
" ","Tim Beckham","TB","1B,2B,SS","@BOS","3.11","0.4","0.07","0.26","0.06",".225",".270","0.7","0.16","0.05","0.18","0.97",""
" ","Delino DeShields","TEX","LF,CF","@OAK","0.27","0.05","0","0.02","0.01",".210",".299","0.06","0.01","0","0.03","0.09",""
" ","Yan Gomes","CLE","C","@MIN","3.99","0.33","0.18","0.53","0.01",".198",".234","0.79","0.15","0.01","0.16","0.9",""
" ","Matt Davidson","CWS","3B,DH","@NYY","3.64","0.53","0.18","0.62","0.01",".249",".314","0.91","0.12","0.01","0.32","1.61",""
" ","Quintin Berry","MIN","CF,LF","CLE","0","0","0","0","0",".000",".000","0","0","0","0","0",""
" ","Leury Garcia","CWS","CF","@NYY","2.79","0.24","0.05","0.24","0.11",".261",".306","0.73","0.16","0.02","0.16","0.81",""
" ","Marcus Semien","OAK","SS","TEX","3.75","0.38","0.16","0.51","0.07",".212",".296","0.8","0.15","0.02","0.43","0.96",""
" ","Chris Herrmann","ARI","C","@LAD","0.47","0.07","0.01","0.08","0.01",".207",".306","0.1","0.01","0","0.06","0.21",""
" ","Brian Dozier","MIN","2B","CLE","4.24","0.57","0.24","0.7","0.1",".265",".359","1.12","0.21","0.02","0.6","1.16",""
" ","Mason Williams","NYY","RF","CWS","0","0","0","0","0",".000",".000","0","0","0","0","0",""
" ","Kole Calhoun","LAA","RF","@HOU","3.47","0.59","0.12","0.4","0.01",".260",".342","0.9","0.2","0.04","0.42","0.67",""
" ","Eddie Rosario","MIN","LF,CF","CLE","3.66","0.43","0.11","0.37","0.05",".226",".250","0.83","0.22","0.02","0.11","1.57",""
" ","Jake Marisnick","HOU","LF,CF","LAA","0.11","0.02","0","0.01","0.01",".198",".237","0.02","0.01","0","0","0.04",""
" ","Hiroyuki Nakajima","OAK","SS","TEX","0","0","0","0","0",".000",".000","0","0","0","0","0",""
" ","Jackie Bradley","BOS","CF","TB","0","0","0","0","0",".000",".000","0","0","0","0","0",""
" ","Francisco Lindor","CLE","SS","@MIN","4.09","0.86","0.09","0.51","0.25",".396",".448","1.62","0.21","0.04","0.39","0.44",""
" ","Andrew Lambo","OAK","RF,LF","TEX","0","0","0","0","0",".000",".000","0","0","0","0","0",""
" ","Mike Olt","BOS","3B","TB","0","0","0","0","0",".000",".000","0","0","0","0","0",""
" ","Jurickson Profar","TEX","1B,2B,3B,SS,LF","@OAK","3.42","0.44","0.06","0.33","0.03",".229",".321","0.78","0.13","0.04","0.44","0.75",""
" ","Chris Colabello","CLE","1B,LF,RF","@MIN","0","0","0","0","0",".000",".000","0","0","0","0","0",""
" ","Andrelton Simmons","LAA","SS","@HOU","3.41","0.34","0.04","0.35","0.05",".275",".320","0.94","0.16","0.02","0.22","0.33",""
" ","Ed Lucas","ARI","2B,SS,3B","@LAD","0","0","0","0","0",".000",".000","0","0","0","0","0",""
" ","Donovan Solano","NYY","2B","CWS","0","0","0","0","0",".000",".000","0","0","0","0","0",""
" ","Yasiel Puig","LAD","RF","ARI","3.75","0.43","0.21","0.61","0.06",".281",".349","1.05","0.2","0.03","0.36","1.12",""
" ","Jose Abreu","CWS","1B","@NYY","4.14","0.6","0.26","0.7","0.01",".241",".315","1","0.16","0.01","0.38","0.92",""
" ","Christian Yelich","MIA","LF,CF","@SEA","4.01","0.44","0.11","0.7","0.07",".304",".361","1.22","0.18","0.01","0.35","1.1",""
" ","Josh Rutledge","BOS","3B","TB","0","0","0","0","0",".000",".000","0","0","0","0","0",""
" ","Javier Baez","CHC","2B,3B,SS","MIL","0.48","0.06","0.03","0.06","0.01",".299",".331","0.14","0.03","0","0.02","0.12",""
" ","Evan Gattis","HOU","C,DH","LAA","4.1","0.49","0.52","0.68","0.01",".259",".317","1.06","0.13","0.02","0.32","1.52",""
" ","Alen Hanson","PIT","2B","@STL","0.28","0.03","0","0.02","0.02",".282",".336","0.08","0.01","0","0.02","0.06",""
" ","George Springer","HOU","CF,RF","LAA","4.14","0.71","0.31","0.46","0.06",".261",".340","1.08","0.16","0.06","0.44","1.38",""
" ","Sandy Leon","BOS","C","TB","3.41","0.45","0.07","0.48","0",".327",".400","1.11","0.21","0.01","0.41","0.77",""
" ","Wilfredo Tovar","STL","2B,SS","PIT","0","0","0","0","0",".000",".000","0","0","0","0","0",""
" ","Corey Brown","LAD","RF,LF","ARI","0","0","0","0","0",".000",".000","0","0","0","0","0",""
" ","Matt Adams","STL","1B,LF","PIT","0.53","0.05","0.04","0.08","0",".282",".332","0.15","0.05","0","0.04","0.11",""
" ","Jedd Gyorko","STL","1B,2B,3B,SS","PIT","3.31","0.34","0.16","0.53","0.01",".195",".246","0.65","0.11","0.02","0.21","1.06",""
" ","Nick Franklin","MIL","1B,2B,SS,LF,RF","@CHC","0.37","0.03","0.01","0.06","0.01",".252",".315","0.09","0.02","0","0.03","0.1",""
" ","Miguel Sano","MIN","3B,RF,DH","CLE","3.69","0.38","0.19","0.58","0.01",".255",".353","0.94","0.17","0.02","0.55","1.96",""
" ","A.J. Pollock","ARI","CF","@LAD","3.79","0.59","0.12","0.46","0.39",".251",".347","0.95","0.25","0.02","0.55","0.68",""
" ","Andrew Brown","LAA","LF,RF","@HOU","0","0","0","0","0",".000",".000","0","0","0","0","0",""
" ","Jonathan Singleton","HOU","1B","LAA","0","0","0","0","0",".000",".000","0","0","0","0","0",""
" ","Munenori Kawasaki","CHC","2B","MIL","0","0","0","0","0",".000",".000","0","0","0","0","0",""
" ","Mike Zunino","SEA","C","MIA","3.5","0.32","0.16","0.56","0",".192",".272","0.67","0.17","0.01","0.32","1.06",""
" ","Josh Bell","PIT","1B,RF","@STL","2.67","0.35","0.06","0.41","0.02",".275",".365","0.73","0.17","0.02","0.38","0.38",""
" ","Kensuke Tanaka","TEX","LF","@OAK","0","0","0","0","0",".000",".000","0","0","0","0","0",""
" ","Addison Russell","CHC","SS","MIL","4.21","0.49","0.2","0.71","0.04",".279",".344","1.17","0.31","0.04","0.38","0.92",""
" ","Albert Almora","CHC","CF","MIL","0.14","0.02","0","0.02","0",".318",".350","0.04","0.01","0","0.01","0.03",""
" ","Gary Sanchez","NYY","C","CWS","0","0","0","0","0",".000",".000","0","0","0","0","0",""
" ","Byron Buxton","MIN","CF","CLE","3.45","0.44","0.12","0.45","0.11",".225",".295","0.77","0.19","0.03","0.32","1.73",""
" ","Carlos Correa","HOU","SS","LAA","3.92","0.5","0.24","0.63","0.08",".268",".335","1.05","0.23","0.04","0.37","1.14",""
" ","Austin Hedges","SD","C","@ATL","3.33","0.42","0.12","0.4","0.01",".281",".318","0.94","0.2","0.01","0.16","0.68",""
" ","Blake Swihart","BOS","C,LF","TB","0","0","0","0","0",".000",".000","0","0","0","0","0",""
" ","Bobby Borchering","HOU","1B","LAA","0","0","0","0","0",".000",".000","0","0","0","0","0",""
" ","Brad Miller","TB","1B,2B,SS","@BOS","3.78","0.52","0.1","0.59","0.03",".214",".268","0.81","0.24","0.05","0.27","1",""
" ","Bryce Brentz","BOS","LF","TB","0","0","0","0","0",".000",".000","0","0","0","0","0",""
" ","C.J. Cron","LAA","1B","@HOU","3.01","0.42","0.15","0.53","0.02",".289",".338","0.87","0.19","0.02","0.21","0.56",""
" ","Carlos Sanchez","CWS","2B","@NYY","3.84","0.28","0.11","0.38","0.04",".218",".252","0.84","0.19","0","0.16","0.95",""
" ","Cory Spangenberg","SD","2B","@ATL","0","0","0","0","0",".000",".000","0","0","0","0","0",""
" ","Courtney Hawkins","CWS","LF","@NYY","0","0","0","0","0",".000",".000","0","0","0","0","0",""
" ","Dan Vogelbach","SEA","1B","MIA","0","0","0","0","0",".000",".000","0","0","0","0","0",""
" ","Gregory Polanco","PIT","LF,RF","@STL","3.9","0.63","0.14","0.62","0.15",".265",".332","1.03","0.26","0.04","0.39","0.8",""
" ","Jeremy Barfield","OAK","RF","TEX","0","0","0","0","0",".000",".000","0","0","0","0","0",""
" ","Joey Gallo","TEX","3B","@OAK","3.27","0.34","0.11","0.43","0.07",".188",".304","0.61","0.16","0.03","0.54","1.66",""
" ","Jonathan Galvez","NYY","SS,3B","CWS","0","0","0","0","0",".000",".000","0","0","0","0","0",""
" ","Kaleb Cowart","LAA","2B,3B","@HOU","0","0","0","0","0",".000",".000","0","0","0","0","0",""
" ","Kolbrin Vitek","BOS","CF,3B","TB","0","0","0","0","0",".000",".000","0","0","0","0","0",""
" ","Marcell Ozuna","MIA","LF,CF,RF","@SEA","4.14","0.57","0.22","0.63","0.01",".249",".293","1.03","0.15","0.02","0.25","0.81",""
" ","Miles Head","OAK","3B","TEX","0","0","0","0","0",".000",".000","0","0","0","0","0",""
" ","Nate Freiman","BOS","1B","TB","0","0","0","0","0",".000",".000","0","0","0","0","0",""
" ","Richie Shaffer","CLE","1B","@MIN","0","0","0","0","0",".000",".000","0","0","0","0","0",""
" ","Tyler Austin","NYY","1B","CWS","0","0","0","0","0",".000",".000","0","0","0","0","0",""
" ","Brandon Jacobs","ARI","LF","@LAD","0","0","0","0","0",".000",".000","0","0","0","0","0",""
" ","Christian Bethancourt","SD","C","@ATL","0.13","0.01","0","0.01","0",".240",".280","0.03","0.01","0","0.01","0.04",""
" ","Jeremy Hazelbaker","ARI","LF,CF","@LAD","0.33","0.07","0.01","0.05","0.02",".183",".308","0.06","0.01","0","0.06","0.14",""
" ","Joc Pederson","LAD","CF","ARI","0.45","0.05","0.02","0.07","0.01",".183",".282","0.08","0.02","0","0.06","0.26",""
" ","Jonathan Villar","MIL","2B,3B,SS","@CHC","3.43","0.32","0.05","0.29","0.49",".252",".340","0.87","0.18","0.02","0.45","1.08",""
" ","Nick Delmonico","MIL","1B,3B","@CHC","0","0","0","0","0",".000",".000","0","0","0","0","0",""
" ","Reymond Fuentes","ARI","CF,RF","@LAD","0","0","0","0","0",".000",".000","0","0","0","0","0",""
" ","Rougned Odor","TEX","2B","@OAK","4.07","0.53","0.17","0.63","0.09",".257",".288","1.04","0.28","0.04","0.14","0.92",""
" ","Trayce Thompson","LAD","LF,CF,RF","ARI","0","0","0","0","0",".000",".000","0","0","0","0","0",""
" ","Tyler Saladino","CWS","2B,3B,SS","@NYY","4.14","0.35","0.08","0.53","0.16",".282",".331","1.17","0.2","0.01","0.26","0.74",""
" ","Vincent Catricala","MIL","3B","@CHC","0","0","0","0","0",".000",".000","0","0","0","0","0",""
" ","Leon Landry","SEA","LF,3B","MIA","0","0","0","0","0",".000",".000","0","0","0","0","0",""
" ","Drew Vettleson","TB","RF","@BOS","0","0","0","0","0",".000",".000","0","0","0","0","0",""
" ","Deven Marrero","BOS","2B","TB","0","0","0","0","0",".000",".000","0","0","0","0","0",""
" ","Robbie Grossman","MIN","LF","CLE","2.89","0.29","0.06","0.26","0.02",".198",".316","0.57","0.14","0.01","0.49","1.45",""
" ","Greg Garcia","STL","2B,3B,SS","PIT","0.29","0.03","0.01","0.02","0",".286",".376","0.08","0.02","0","0.04","0.04",""
" ","A.J. Jimenez","TEX","C","@OAK","0","0","0","0","0",".000",".000","0","0","0","0","0",""
" ","Khris Davis","OAK","LF,DH","TEX","4.07","0.52","0.35","0.72","0.02",".229",".302","0.93","0.13","0.02","0.39","1.25",""
" ","Cody Asche","CWS","LF,DH","@NYY","3.07","0.44","0.1","0.24","0.02",".220",".293","0.67","0.19","0.01","0.3","0.99",""
" ","Jaff Decker","OAK","RF","TEX","0.09","0.01","0","0.01","0",".235",".288","0.02","0","0","0.01","0.03",""
" ","Wilkin Ramirez","MIN","LF,CF,RF","CLE","0","0","0","0","0",".000",".000","0","0","0","0","0",""
" ","Corey Seager","LAD","SS","ARI","3.64","0.45","0.09","0.39","0.03",".250",".298","0.91","0.24","0.04","0.24","1.58",""
" ","Stryker Trahan","ARI","C,RF","@LAD","0","0","0","0","0",".000",".000","0","0","0","0","0",""
" ","Ronald Torreyes","NYY","2B,3B,SS","CWS","2.82","0.35","0.06","0.27","0.03",".226",".270","0.64","0.11","0.02","0.15","0.35",""
" ","Stetson Allie","PIT","RF,1B","@STL","0","0","0","0","0",".000",".000","0","0","0","0","0",""
" ","Nick Noonan","MIL","SS","@CHC","0","0","0","0","0",".000",".000","0","0","0","0","0",""
" ","Derek Dietrich","MIA","1B,2B,3B,LF","@SEA","0.27","0.02","0.01","0.03","0",".218",".321","0.06","0.02","0","0.03","0.07",""
" ","Lewis Brinson","MIL","CF","@CHC","0","0","0","0","0",".000",".000","0","0","0","0","0",""
" ","Josh Phegley","OAK","C","TEX","3.29","0.39","0.09","0.49","0.01",".230",".295","0.76","0.17","0","0.27","0.55",""
" ","Teoscar Hernandez","HOU","LF,CF,RF","LAA","0","0","0","0","0",".000",".000","0","0","0","0","0",""
" ","Mallex Smith","TB","LF,CF","@BOS","0","0","0","0","0",".000",".000","0","0","0","0","0",""
" ","Lee Orr","SD","LF,RF","@ATL","0","0","0","0","0",".000",".000","0","0","0","0","0",""
" ","Heiker Meneses","BOS","2B","TB","0","0","0","0","0",".000",".000","0","0","0","0","0",""
" ","Orlando Arcia","MIL","SS","@CHC","3.35","0.22","0.09","0.25","0.22",".172",".202","0.57","0.11","0.05","0.12","1.05",""
" ","Roderick Shoulders","CHC","1B","MIL","0","0","0","0","0",".000",".000","0","0","0","0","0",""
" ","Alex Glenn","ARI","LF,CF","@LAD","0","0","0","0","0",".000",".000","0","0","0","0","0",""
" ","Nathan Hanson","MIN","3B","CLE","0","0","0","0","0",".000",".000","0","0","0","0","0",""
" ","Logan Vick","CLE","LF","@MIN","0","0","0","0","0",".000",".000","0","0","0","0","0",""
" ","Zane Chavez","PIT","C","@STL","0","0","0","0","0",".000",".000","0","0","0","0","0",""
" ","Brian Hernandez","LAA","3B","@HOU","0","0","0","0","0",".000",".000","0","0","0","0","0",""
" ","Renato Nunez","OAK","DH","TEX","0","0","0","0","0",".000",".000","0","0","0","0","0",""
" ","Robert Kral","SD","C","@ATL","0","0","0","0","0",".000",".000","0","0","0","0","0",""
" ","Jason Rogers","PIT","1B","@STL","0","0","0","0","0",".000",".000","0","0","0","0","0",""
" ","Jabari Henry","SEA","LF","MIA","0","0","0","0","0",".000",".000","0","0","0","0","0",""
" ","Chris Taylor","LAD","2B,3B,SS","ARI","0","0","0","0","0",".000",".000","0","0","0","0","0",""
" ","Michael Snyder","LAA","1B","@HOU","0","0","0","0","0",".000",".000","0","0","0","0","0",""
" ","Ryan Court","ARI","3B","@LAD","0","0","0","0","0",".000",".000","0","0","0","0","0",""
" ","Chris Bostick","PIT","2B","@STL","0","0","0","0","0",".000",".000","0","0","0","0","0",""
" ","Zach Borenstein","ARI","LF","@LAD","0","0","0","0","0",".000",".000","0","0","0","0","0",""
" ","Jacob Wilson","STL","2B,3B","PIT","0","0","0","0","0",".000",".000","0","0","0","0","0",""
" ","Gioskar Amaya","CHC","SS,C","MIL","0","0","0","0","0",".000",".000","0","0","0","0","0",""
" ","Chad Oberacker","OAK","LF","TEX","0","0","0","0","0",".000",".000","0","0","0","0","0",""
" ","Michael Reed","MIL","CF","@CHC","0","0","0","0","0",".000",".000","0","0","0","0","0",""
" ","J.D. Williams","MIN","LF","CLE","0","0","0","0","0",".000",".000","0","0","0","0","0",""
" ","Mookie Betts","BOS","RF","TB","4.1","0.7","0.15","0.68","0.08",".281",".336","1.15","0.29","0.02","0.34","0.53",""
" ","Robby Hefflinger","ATL","RF","SD","0","0","0","0","0",".000",".000","0","0","0","0","0",""
" ","Nick Buss","SD","LF","@ATL","0","0","0","0","0",".000",".000","0","0","0","0","0",""
" ","Brandon Bantz","SEA","C","MIA","0","0","0","0","0",".000",".000","0","0","0","0","0",""
" ","Kris Bryant","CHC","1B,3B,LF,RF","MIL","4.15","0.84","0.36","0.66","0.05",".346",".425","1.44","0.39","0.04","0.51","0.97",""
" ","Clint Frazier","NYY","CF,LF","CWS","0","0","0","0","0",".000",".000","0","0","0","0","0",""
" ","Austin Meadows","PIT","CF","@STL","0","0","0","0","0",".000",".000","0","0","0","0","0",""
" ","Colin Moran","HOU","3B","LAA","0","0","0","0","0",".000",".000","0","0","0","0","0",""
" ","D.J. Peterson","SEA","3B,1B","MIA","0","0","0","0","0",".000",".000","0","0","0","0","0",""
" ","Nick Ciuffo","TB","C","@BOS","0","0","0","0","0",".000",".000","0","0","0","0","0",""
" ","Aaron Judge","NYY","RF","CWS","4.05","0.67","0.26","0.62","0.03",".227",".310","0.92","0.18","0.01","0.46","1.23",""
" ","Tim Anderson","CWS","SS","@NYY","4.16","0.46","0.11","0.32","0.14",".292",".313","1.21","0.16","0.04","0.11","1.2",""
" ","Hunter Renfroe","SD","RF","@ATL","3.8","0.56","0.24","0.4","0.06",".258",".300","0.98","0.26","0.02","0.21","0.68",""
" ","Billy McKinney","NYY","CF,RF","CWS","0","0","0","0","0",".000",".000","0","0","0","0","0",""
" ","Oscar Mercado","STL","SS","PIT","0","0","0","0","0",".000",".000","0","0","0","0","0",""
" ","Eric Jagielo","NYY","3B","CWS","0","0","0","0","0",".000",".000","0","0","0","0","0",""
" ","Chad Pinder","OAK","2B","TEX","0.1","0.01","0","0.01","0",".164",".218","0.02","0","0","0.01","0.03",""
" ","Travis Demeritte","ATL","2B,SS","SD","0","0","0","0","0",".000",".000","0","0","0","0","0",""
" ","Dustin Peterson","ATL","LF,SS","SD","0","0","0","0","0",".000",".000","0","0","0","0","0",""
" ","Jordan Paroubeck","SD","LF","@ATL","0","0","0","0","0",".000",".000","0","0","0","0","0",""
" ","Michael O'Neill","NYY","LF","CWS","0","0","0","0","0",".000",".000","0","0","0","0","0",""
" ","Chris Rivera","STL","2B","PIT","0","0","0","0","0",".000",".000","0","0","0","0","0",""
" ","Jeremy Martinez","STL","C","PIT","0","0","0","0","0",".000",".000","0","0","0","0","0",""
" ","Justin Williams","TB","RF,LF","@BOS","0","0","0","0","0",".000",".000","0","0","0","0","0",""
" ","Zack Collins","CWS","C","@NYY","0","0","0","0","0",".000",".000","0","0","0","0","0",""
" ","Riley Unroe","TB","2B","@BOS","0","0","0","0","0",".000",".000","0","0","0","0","0",""
" ","Matt Duffy","TB","3B,SS","@BOS","0","0","0","0","0",".000",".000","0","0","0","0","0",""
" ","Yu-Cheng Chang","CLE","SS","@MIN","0","0","0","0","0",".000",".000","0","0","0","0","0",""
" ","Dalton Hicks","MIN","1B","CLE","0","0","0","0","0",".000",".000","0","0","0","0","0",""
" ","Tucker Neuhaus","MIL","SS","@CHC","0","0","0","0","0",".000",".000","0","0","0","0","0",""
" ","Tyler O'Neill","SEA","LF,RF","MIA","0","0","0","0","0",".000",".000","0","0","0","0","0",""
" ","Jacob Hannemann","CHC","CF","MIL","0","0","0","0","0",".000",".000","0","0","0","0","0",""
" ","Daniel Palka","MIN","1B,RF","CLE","0","0","0","0","0",".000",".000","0","0","0","0","0",""
" ","Jacob May","CWS","CF","@NYY","3.41","0.36","0.06","0.32","0.14",".211",".261","0.72","0.13","0.01","0.2","0.85",""
" ","Thomas Milone","TB","CF","@BOS","0","0","0","0","0",".000",".000","0","0","0","0","0",""
" ","Ryon Healy","OAK","3B,DH","TEX","4.03","0.46","0.2","0.63","0.01",".268",".312","1.08","0.22","0.01","0.25","0.97",""
" ","Victor Caratini","CHC","C","MIL","0","0","0","0","0",".000",".000","0","0","0","0","0",""
" ","Gosuke Katoh","NYY","2B","CWS","0","0","0","0","0",".000",".000","0","0","0","0","0",""
" ","Mason Smith","SD","CF","@ATL","0","0","0","0","0",".000",".000","0","0","0","0","0",""
" ","Josh Van Meter","SD","SS","@ATL","0","0","0","0","0",".000",".000","0","0","0","0","0",""
" ","Jake Bauers","TB","1B,RF","@BOS","0","0","0","0","0",".000",".000","0","0","0","0","0",""
" ","Mason Katz","STL","2B","PIT","0","0","0","0","0",".000",".000","0","0","0","0","0",""
" ","Steve Rodriguez","ARI","C","@LAD","0","0","0","0","0",".000",".000","0","0","0","0","0",""
" ","Ryan Rua","TEX","1B,LF","@OAK","0.18","0.03","0.01","0.02","0",".246",".321","0.04","0.01","0","0.02","0.06",""
" ","Kevin Rivers","SEA","OF","MIA","0","0","0","0","0",".000",".000","0","0","0","0","0",""
" ","Preston Tucker","HOU","LF,DH","LAA","0","0","0","0","0",".000",".000","0","0","0","0","0",""
" ","David Denson","MIL","OF","@CHC","0","0","0","0","0",".000",".000","0","0","0","0","0",""
" ","Kevin Kiermaier","TB","CF","@BOS","3.99","0.59","0.06","0.39","0.16",".226",".297","0.9","0.23","0.05","0.37","0.71",""
" ","Micah Johnson","ATL","2B","SD","0","0","0","0","0",".000",".000","0","0","0","0","0",""
" ","Gleyber Torres","NYY","SS","CWS","0","0","0","0","0",".000",".000","0","0","0","0","0",""
" ","Micker Zapata","CWS","OF","@NYY","0","0","0","0","0",".000",".000","0","0","0","0","0",""
" ","Carlos Talavera","STL","OF","PIT","0","0","0","0","0",".000",".000","0","0","0","0","0",""
" ","Hector Linares","STL","SS","PIT","0","0","0","0","0",".000",".000","0","0","0","0","0",""
" ","Lewin Diaz","MIN","1B","CLE","0","0","0","0","0",".000",".000","0","0","0","0","0",""
" ","Ron Tapia","MIN","3B","CLE","0","0","0","0","0",".000",".000","0","0","0","0","0",""
" ","Eloy Jimenez","CHC","LF,RF","MIL","0","0","0","0","0",".000",".000","0","0","0","0","0",""
" ","Tyler Heineman","HOU","C","LAA","0","0","0","0","0",".000",".000","0","0","0","0","0",""
" ","Jake Lowery","CLE","C","@MIN","0","0","0","0","0",".000",".000","0","0","0","0","0",""
" ","Jabari Blash","SD","RF","@ATL","0","0","0","0","0",".000",".000","0","0","0","0","0",""
" ","Wilson Amador","HOU","SS","LAA","0","0","0","0","0",".000",".000","0","0","0","0","0",""
" ","Juan Herrera","LAD","2B","ARI","0","0","0","0","0",".000",".000","0","0","0","0","0",""
" ","Joe Wendle","OAK","2B","TEX","0","0","0","0","0",".000",".000","0","0","0","0","0",""
" ","Daniel Lockhart","CHC","SS,2B","MIL","0","0","0","0","0",".000",".000","0","0","0","0","0",""
" ","Evan Marzilli","ARI","LF,CF","@LAD","0","0","0","0","0",".000",".000","0","0","0","0","0",""
" ","Rafael Devers","BOS","3B","TB","0","0","0","0","0",".000",".000","0","0","0","0","0",""
" ","Ketel Marte","ARI","SS","@LAD","0","0","0","0","0",".000",".000","0","0","0","0","0",""
" ","Starlin Rodriguez","STL","2B","PIT","0","0","0","0","0",".000",".000","0","0","0","0","0",""
" ","Jeremy Rathjen","LAD","LF","ARI","0","0","0","0","0",".000",".000","0","0","0","0","0",""
" ","O'Koyea Dickson","LAD","LF,1B","ARI","0","0","0","0","0",".000",".000","0","0","0","0","0",""
" ","Brad Boyer","MIN","2B","CLE","0","0","0","0","0",".000",".000","0","0","0","0","0",""
" ","Josh Elander","ATL","C","SD","0","0","0","0","0",".000",".000","0","0","0","0","0",""
" ","Andrew Aplin","HOU","CF","LAA","0","0","0","0","0",".000",".000","0","0","0","0","0",""
" ","Jesus Solorzano","MIA","OF","@SEA","0","0","0","0","0",".000",".000","0","0","0","0","0",""
" ","Jose Rondon","SD","SS","@ATL","0","0","0","0","0",".000",".000","0","0","0","0","0",""
" ","Anthony Aliotti","OAK","1B","TEX","0","0","0","0","0",".000",".000","0","0","0","0","0",""
" ","Juan Centeno","HOU","C","LAA","0","0","0","0","0",".000",".000","0","0","0","0","0",""
" ","Max Muncy","OAK","1B,2B,3B,RF","TEX","0","0","0","0","0",".000",".000","0","0","0","0","0",""
" ","Lane Adams","ATL","CF,RF","SD","0","0","0","0","0",".000",".000","0","0","0","0","0",""
" ","Erik Gonzalez","CLE","SS","@MIN","0","0","0","0","0",".000",".000","0","0","0","0","0",""
" ","C.J. Ziegler","MIN","C","CLE","0","0","0","0","0",".000",".000","0","0","0","0","0",""
" ","Jonathan Roof","BOS","SS","TB","0","0","0","0","0",".000",".000","0","0","0","0","0",""
" ","Dae-Ho Lee","SEA","1B","MIA","0","0","0","0","0",".000",".000","0","0","0","0","0",""
" ","Dawel Lugo","ARI","SS,3B","@LAD","0","0","0","0","0",".000",".000","0","0","0","0","0",""
" ","Rusney Castillo","BOS","LF,DH","TB","0","0","0","0","0",".000",".000","0","0","0","0","0",""
" ","Tommy La Stella","CHC","2B,3B","MIL","0.18","0.02","0","0.02","0",".213",".289","0.04","0.01","0","0.02","0.03",""
" ","Max Stassi","HOU","C","LAA","0.09","0.01","0","0.01","0",".171",".213","0.02","0","0","0","0.04",""
" ","Guillermo Quiroz","CLE","C","@MIN","0","0","0","0","0",".000",".000","0","0","0","0","0",""
" ","Ryan LaMarre","LAA","LF","@HOU","0","0","0","0","0",".000",".000","0","0","0","0","0",""
" ","Kenny Wilson","OAK","CF","TEX","0","0","0","0","0",".000",".000","0","0","0","0","0",""
" ","Tony Sanchez","LAA","C","@HOU","0","0","0","0","0",".000",".000","0","0","0","0","0",""
" ","Christian Villanueva","SD","3B","@ATL","0","0","0","0","0",".000",".000","0","0","0","0","0",""
" ","Jesus Aguilar","MIL","1B","@CHC","0.36","0.03","0.02","0.05","0",".221",".279","0.08","0.01","0","0.03","0.1",""
" ","Jose Ramirez","CLE","2B,3B,LF","@MIN","3.94","0.7","0.06","0.54","0.25",".404",".442","1.59","0.31","0.04","0.28","0.29",""
" ","Jesus Sucre","TB","C","@BOS","0.71","0.07","0.02","0.07","0",".305",".355","0.22","0.02","0","0.05","0.16",""
" ","Ji-Man Choi","NYY","1B,LF","CWS","0","0","0","0","0",".000",".000","0","0","0","0","0",""
" ","Tuffy Gosewisch","SEA","C","MIA","0","0","0","0","0",".000",".000","0","0","0","0","0",""
" ","Ender Inciarte","ATL","LF,CF","SD","4.25","0.68","0.07","0.28","0.22",".311",".353","1.32","0.18","0.03","0.27","0.44",""
" ","Ehire Adrianza","MIN","SS","CLE","0","0","0","0","0",".000",".000","0","0","0","0","0",""
" ","Ramon Cabrera","MIA","C","@SEA","0","0","0","0","0",".000",".000","0","0","0","0","0",""
" ","Daniel Fields","CWS","LF","@NYY","0","0","0","0","0",".000",".000","0","0","0","0","0",""
" ","Matt den Dekker","MIA","CF","@SEA","0","0","0","0","0",".000",".000","0","0","0","0","0",""
" ","Eric Fryer","STL","C","PIT","0.36","0.04","0","0.04","0",".280",".322","0.1","0.03","0","0.02","0.08",""
" ","Jorge Polanco","MIN","2B,3B,SS","CLE","3.88","0.27","0.05","0.32","0.05",".228",".282","0.88","0.25","0.04","0.28","0.92",""
" ","Danny Santana","MIN","LF,CF,RF","CLE","0.3","0.03","0","0.02","0.01",".224",".258","0.07","0.02","0","0.01","0.11",""
" ","Kennys Vargas","MIN","1B","CLE","0","0","0","0","0",".000",".000","0","0","0","0","0",""
" ","Max Kepler","MIN","RF","CLE","4.11","0.48","0.14","0.72","0.05",".195",".274","0.8","0.18","0.03","0.42","1.39",""
" ","J.T. Realmuto","MIA","C","@SEA","4.23","0.43","0.09","0.38","0.09",".231",".281","0.98","0.25","0.02","0.27","0.97",""
" ","Shane Peterson","TB","LF,CF","@BOS","0.07","0.01","0","0.03","0",".188",".188","0.01","0","0","0","0",""
" ","Dan Butler","BOS","C","TB","0","0","0","0","0",".000",".000","0","0","0","0","0",""
" ","Christian Vazquez","BOS","C","TB","0.69","0.09","0.01","0.06","0.01",".285",".363","0.2","0.06","0.01","0.08","0.15",""
" ","Todd Cunningham","STL","LF","PIT","0","0","0","0","0",".000",".000","0","0","0","0","0",""
" ","J.R. Murphy","MIN","C","CLE","0.09","0.01","0","0.01","0",".201",".255","0.02","0","0","0.01","0.02",""
" ","Ramon Flores","LAA","LF,CF,RF","@HOU","0","0","0","0","0",".000",".000","0","0","0","0","0",""
" ","Randal Grichuk","STL","LF,CF","PIT","3.49","0.39","0.13","0.53","0.03",".228",".262","0.79","0.25","0.05","0.14","1.41",""
" ","Rafael Ortega","SD","LF,CF","@ATL","0","0","0","0","0",".000",".000","0","0","0","0","0",""
" ","Steven Souza","TB","RF","@BOS","3.6","0.47","0.11","0.43","0.1",".274",".346","0.99","0.15","0.01","0.37","1.26",""
" ","Steve Lerud","SEA","C","MIA","0","0","0","0","0",".000",".000","0","0","0","0","0",""
" ","Blake Lalli","ATL","1B","SD","0","0","0","0","0",".000",".000","0","0","0","0","0",""
" ","Matt Carson","LAD","RF","ARI","0","0","0","0","0",".000",".000","0","0","0","0","0",""
" ","Carlos Rivero","ARI","3B","@LAD","0","0","0","0","0",".000",".000","0","0","0","0","0",""
" ","Jose Pirela","SD","2B","@ATL","0","0","0","0","0",".000",".000","0","0","0","0","0",""
" ","Ben Gamel","SEA","RF","MIA","0","0","0","0","0",".000",".000","0","0","0","0","0",""
" ","Aledmys Diaz","STL","SS","PIT","4.14","0.55","0.14","0.67","0.03",".280",".332","1.16","0.32","0.05","0.29","0.73",""
" ","Yangervis Solarte","SD","2B,3B","@ATL","3.68","0.43","0.13","0.65","0.01",".275",".333","1.01","0.27","0.01","0.29","0.6",""
" ","Dan Robertson","CLE","SS","@MIN","0","0","0","0","0",".000",".000","0","0","0","0","0",""
" ","Jace Peterson","ATL","2B,LF","SD","0.48","0.06","0.01","0.04","0.01",".279",".348","0.13","0.03","0","0.05","0.07",""
" ","Ali Solis","CHC","C","MIL","0","0","0","0","0",".000",".000","0","0","0","0","0",""
" ","David Peralta","ARI","RF","@LAD","4.34","0.73","0.1","0.45","0.12",".224",".290","0.97","0.23","0.06","0.38","1.43",""
" ","Justin Bour","MIA","1B","@SEA","2.67","0.22","0.14","0.32","0",".290",".362","0.77","0.14","0","0.3","0.7",""
" ","Miguel Rojas","MIA","1B,2B,3B,SS","@SEA","3.19","0.41","0.03","0.24","0.03",".267",".313","0.85","0.18","0.01","0.2","0.36",""
" ","Jackson Williams","PIT","C","@STL","0","0","0","0","0",".000",".000","0","0","0","0","0",""
" ","Jake Goebbert","TB","1B","@BOS","0","0","0","0","0",".000",".000","0","0","0","0","0",""
" ","Nick Ahmed","ARI","SS","@LAD","0.47","0.03","0.01","0.04","0.01",".166",".258","0.08","0.02","0","0.06","0.12",""
" ","Enrique Hernandez","LAD","2B,LF,CF","ARI","0.42","0.05","0.02","0.04","0",".203",".300","0.09","0.02","0","0.06","0.15",""
" ","Tyler Holt","LAD","LF,CF,RF","ARI","0","0","0","0","0",".000",".000","0","0","0","0","0",""
" ","Jake Smolinski","OAK","LF,CF,RF","TEX","0","0","0","0","0",".000",".000","0","0","0","0","0",""
" ","Roberto Perez","CLE","C","@MIN","3.48","0.31","0.07","0.36","0.02",".188",".287","0.66","0.13","0.02","0.48","0.81",""
" ","Philip Gosselin","PIT","2B,3B","@STL","0.24","0.03","0","0.01","0",".268",".318","0.06","0.01","0","0.02","0.05",""
" ","Curt Casali","TB","C","@BOS","0","0","0","0","0",".000",".000","0","0","0","0","0",""
" ","Ben Paulsen","MIN","1B,LF","CLE","0","0","0","0","0",".000",".000","0","0","0","0","0",""
" ","Andrew Susac","MIL","C","@CHC","0","0","0","0","0",".000",".000","0","0","0","0","0",""
" ","Jake Lamb","ARI","3B","@LAD","3.81","0.71","0.17","0.7","0.09",".219",".343","0.83","0.21","0.04","0.71","1.59",""
" ","Matt McBride","OAK","C","TEX","0","0","0","0","0",".000",".000","0","0","0","0","0",""
" ","Tomas Telis","MIA","C","@SEA","0","0","0","0","0",".000",".000","0","0","0","0","0",""
" ","Andy Wilkins","MIL","1B,3B","@CHC","0","0","0","0","0",".000",".000","0","0","0","0","0",""
" ","Chris Dominguez","CHC","LF,1B","MIL","0","0","0","0","0",".000",".000","0","0","0","0","0",""
" ","Shawn O'Malley","SEA","2B,SS,LF,RF","MIA","0","0","0","0","0",".000",".000","0","0","0","0","0",""
" ","Doug Bernier","TEX","2B","@OAK","0","0","0","0","0",".000",".000","0","0","0","0","0",""
" ","Xavier Scruggs","MIA","1B","@SEA","0","0","0","0","0",".000",".000","0","0","0","0","0",""
" ","Tommy Pham","STL","LF,CF","PIT","0","0","0","0","0",".000",".000","0","0","0","0","0",""
" ","Elias Diaz","PIT","C","@STL","0","0","0","0","0",".000",".000","0","0","0","0","0",""
" ","Willy Garcia","CWS","RF,CF","@NYY","0.25","0","0","0","0",".266",".266","0.07","0.03","0","0","0",""
" ","Giovanny Urshela","CLE","3B","@MIN","0","0","0","0","0",".000",".000","0","0","0","0","0",""
" ","Justin O'Conner","TB","C","@BOS","0","0","0","0","0",".000",".000","0","0","0","0","0",""
" ","Ryan Brett","TB","2B","@BOS","0","0","0","0","0",".000",".000","0","0","0","0","0",""
" ","Brandon Drury","ARI","2B,3B,LF,RF","@LAD","3.41","0.36","0.08","0.36","0.02",".228",".314","0.78","0.26","0.01","0.42","0.93",""
" ","Socrates Brito","ARI","CF,RF","@LAD","0","0","0","0","0",".000",".000","0","0","0","0","0",""
" ","Kevan Smith","CWS","C","@NYY","3.29","0.35","0.07","0.29","0",".146",".201","0.48","0.06","0","0.2","0.99",""
" ","Rey Navarro","LAA","2B","@HOU","0","0","0","0","0",".000",".000","0","0","0","0","0",""
" ","Jett Bandy","MIL","C","@CHC","3.29","0.29","0.15","0.35","0.04",".206",".258","0.68","0.08","0","0.15","0.73",""
" ","Carlos Perez","LAA","C","@HOU","2.82","0.24","0.06","0.34","0.01",".198",".235","0.56","0.16","0","0.13","0.53",""
" ","Austin Barnes","LAD","C","ARI","0.4","0.04","0.01","0.04","0.01",".210",".312","0.08","0.02","0","0.06","0.09",""
" ","Tyler Ladendorf","CWS","2B","@NYY","0","0","0","0","0",".000",".000","0","0","0","0","0",""
" ","Travis Shaw","MIL","1B,3B","@CHC","3.77","0.35","0.07","0.52","0.04",".235",".307","0.88","0.26","0.02","0.37","1.13",""
" ","Kyle Kubitza","ATL","3B","SD","0","0","0","0","0",".000",".000","0","0","0","0","0",""
" ","Hanser Alberto","TEX","3B,SS","@OAK","0","0","0","0","0",".000",".000","0","0","0","0","0",""
" ","Ed Easley","PIT","C","@STL","0","0","0","0","0",".000",".000","0","0","0","0","0",""
" ","Yadiel Rivera","MIL","2B,3B","@CHC","0","0","0","0","0",".000",".000","0","0","0","0","0",""
" ","Alex Dickerson","SD","LF","@ATL","0","0","0","0","0",".000",".000","0","0","0","0","0",""
" ","Yasmany Tomas","ARI","LF,RF","@LAD","3.38","0.27","0.13","0.51","0.03",".196",".254","0.66","0.19","0.01","0.26","1.05",""
" ","Oscar Hernandez","ARI","C","@LAD","0","0","0","0","0",".000",".000","0","0","0","0","0",""
" ","Mark Canha","OAK","1B","TEX","0","0","0","0","0",".000",".000","0","0","0","0","0",""
" ","Jung-Ho Kang","PIT","3B","@STL","0","0","0","0","0",".000",".000","0","0","0","0","0",""
" ","Rob Refsnyder","NYY","1B,2B,RF","CWS","0","0","0","0","0",".000",".000","0","0","0","0","0",""
" ","Daniel Robertson","TB","LF","@BOS","0.69","0.06","0.01","0.05","0",".255",".329","0.18","0.03","0.01","0.07","0.15",""
" ","Boog Powell","SEA","CF","MIA","0","0","0","0","0",".000",".000","0","0","0","0","0",""
" ","Yoan Moncada","CWS","3B","@NYY","0","0","0","0","0",".000",".000","0","0","0","0","0",""
" ","Ronald Guzman","TEX","1B","@OAK","0","0","0","0","0",".000",".000","0","0","0","0","0",""
" ","Kyle Schwarber","CHC","C,LF","MIL","4.05","0.67","0.29","0.66","0.07",".234",".340","0.95","0.14","0.02","0.62","1.45",""
" ","Alex Jackson","ATL","RF","SD","0","0","0","0","0",".000",".000","0","0","0","0","0",""
" ","Keon Broxton","MIL","CF","@CHC","2.67","0.21","0.14","0.23","0.38",".183",".266","0.49","0.07","0.03","0.28","1.37",""
" ","Mel Rojas","ATL","CF","SD","0","0","0","0","0",".000",".000","0","0","0","0","0",""
" ","Stephen Piscotty","STL","CF,RF","PIT","3.06","0.31","0.07","0.47","0.03",".251",".307","0.77","0.2","0.02","0.2","0.94",""
" ","Kyle Farmer","LAD","C","ARI","0","0","0","0","0",".000",".000","0","0","0","0","0",""
" ","Matt Olson","OAK","RF","TEX","0","0","0","0","0",".000",".000","0","0","0","0","0",""
" ","Greg Bird","NYY","1B","CWS","3.56","0.38","0.17","0.57","0.01",".308",".366","1.1","0.19","0.01","0.31","1.08",""
" ","Adam Brett Walker","ATL","OF","SD","0","0","0","0","0",".000",".000","0","0","0","0","0",""
" ","Dian Toscano","LAD","LF","ARI","0","0","0","0","0",".000",".000","0","0","0","0","0",""
" ","Adonis Garcia","ATL","3B","SD","4.07","0.48","0.19","0.51","0.03",".302",".327","1.23","0.23","0.01","0.13","0.56",""
" ","Daniel Castro","ATL","2B,3B,SS","SD","0","0","0","0","0",".000",".000","0","0","0","0","0",""
" ","Dusty Coleman","SD","3B","@ATL","0","0","0","0","0",".000",".000","0","0","0","0","0",""
" ","Jefry Marte","LAA","1B,3B,LF","@HOU","2.73","0.43","0.18","0.43","0.03",".262",".322","0.71","0.15","0","0.22","0.57",""
" ","Matt Duffy","TEX","3B,1B","@OAK","0","0","0","0","0",".000",".000","0","0","0","0","0",""
" ","Ryan Strausborger","MIN","LF,RF","CLE","0","0","0","0","0",".000",".000","0","0","0","0","0",""
" ","Travis Jankowski","SD","LF,CF,RF","@ATL","0.36","0.03","0","0.02","0.02",".179",".231","0.06","0.01","0","0.02","0.13",""
" ","Rico Noel","LAD","DH","ARI","0","0","0","0","0",".000",".000","0","0","0","0","0",""
" ","Carson Blair","CWS","C","@NYY","0","0","0","0","0",".000",".000","0","0","0","0","0",""
" ","Rocky Gale","SD","C","@ATL","0","0","0","0","0",".000",".000","0","0","0","0","0",""
" ","Steve Baron","SEA","C","MIA","0","0","0","0","0",".000",".000","0","0","0","0","0",""
" ","Cody Decker","MIL","1B","@CHC","0","0","0","0","0",".000",".000","0","0","0","0","0",""
" ","Anthony Garcia","STL","RF,C","PIT","0","0","0","0","0",".000",".000","0","0","0","0","0",""
" ","Mpho' Ngoepe","PIT","IF","@STL","0","0","0","0","0",".000",".000","0","0","0","0","0",""
" ","Charlie Tilson","CWS","CF","@NYY","0","0","0","0","0",".000",".000","0","0","0","0","0",""
" ","Manuel Margot","SD","CF","@ATL","4","0.41","0.09","0.33","0.3",".273",".313","1.09","0.29","0.04","0.22","0.76",""
" ","Taylor Motter","SEA","SS,LF","MIA","3.46","0.4","0.09","0.38","0.05",".182",".268","0.63","0.2","0","0.39","0.62",""
" ","Marco Hernandez","BOS","2B","TB","3.4","0.36","0.05","0.49","0.09",".406",".443","1.38","0.16","0.04","0.22","1.11",""
" ","Brett Eibner","LAD","LF,CF,RF","ARI","0","0","0","0","0",".000",".000","0","0","0","0","0",""
" ","Tyler Naquin","CLE","CF","@MIN","0","0","0","0","0",".000",".000","0","0","0","0","0",""
" ","James Ramsey","SEA","LF,CF","MIA","0","0","0","0","0",".000",".000","0","0","0","0","0",""
" ","Nomar Mazara","TEX","LF,RF","@OAK","4.21","0.49","0.14","0.6","0.01",".244",".313","1.03","0.15","0.03","0.39","0.86",""
" ","Alfredo Gonzalez","CWS","C","@NYY","0","0","0","0","0",".000",".000","0","0","0","0","0",""
" ","Nolan Fontana","LAA","SS","@HOU","0","0","0","0","0",".000",".000","0","0","0","0","0",""
" ","Max Moroff","PIT","SS,2B","@STL","0","0","0","0","0",".000",".000","0","0","0","0","0",""
" ","Willson Contreras","CHC","C,LF","MIL","3.06","0.43","0.22","0.47","0.03",".309",".379","0.95","0.2","0.03","0.31","0.73",""
" ","Jeimer Candelario","CHC","3B","MIL","0","0","0","0","0",".000",".000","0","0","0","0","0",""
" ","Jacob Esch","SD","IF","@ATL","0","0","0","0","0",".000",".000","0","0","0","0","0",""
" ","Byung-ho Park","MIN","1B,DH","CLE","0","0","0","0","0",".000",".000","0","0","0","0","0",""
" ","Colin Walsh","OAK","2B,3B","TEX","0","0","0","0","0",".000",".000","0","0","0","0","0",""
" ","Jake Cave","NYY","CF","CWS","0","0","0","0","0",".000",".000","0","0","0","0","0",""
" ","Nick Gordon","MIN","SS","CLE","0","0","0","0","0",".000",".000","0","0","0","0","0",""
" ","A.J. Reed","HOU","1B","LAA","0","0","0","0","0",".000",".000","0","0","0","0","0",""
" ","Dansby Swanson","ATL","SS","SD","4.16","0.47","0.12","0.52","0.08",".328",".376","1.36","0.24","0.03","0.31","0.81",""
" ","Bradley Zimmer","CLE","CF","@MIN","0","0","0","0","0",".000",".000","0","0","0","0","0",""
" ","Brett Phillips","MIL","CF,RF","@CHC","0","0","0","0","0",".000",".000","0","0","0","0","0",""
" ","Franklin Barreto","OAK","SS","TEX","0","0","0","0","0",".000",".000","0","0","0","0","0",""
" ","Jorge Mateo","NYY","SS","CWS","0","0","0","0","0",".000",".000","0","0","0","0","0",""
" ","Andrew Benintendi","BOS","LF,CF","TB","4.06","0.35","0.1","0.42","0.15",".332",".409","1.35","0.27","0.05","0.51","1.23",""
" ","Alex Bregman","HOU","3B","LAA","4.06","0.68","0.31","0.69","0.06",".270",".314","1.1","0.23","0.07","0.22","1.12",""
" ","Sam Travis","BOS","1B","TB","0","0","0","0","0",".000",".000","0","0","0","0","0",""
" ","Anthony Kemp","HOU","LF","LAA","0","0","0","0","0",".000",".000","0","0","0","0","0",""
" ","Ozhaino Albies","ATL","SS,2B","SD","0","0","0","0","0",".000",".000","0","0","0","0","0",""
" ","Ruddy Giron","SD","SS","@ATL","0","0","0","0","0",".000",".000","0","0","0","0","0",""
" ","Jacob Nottingham","MIL","C","@CHC","0","0","0","0","0",".000",".000","0","0","0","0","0",""
" ","Alex Verdugo","LAD","RF,CF","ARI","0","0","0","0","0",".000",".000","0","0","0","0","0",""
" ","Michael De Leon","TEX","SS","@OAK","0","0","0","0","0",".000",".000","0","0","0","0","0",""
" ","Cole Tucker","PIT","SS","@STL","0","0","0","0","0",".000",".000","0","0","0","0","0",""
" ","Kevin Padlo","TB","3B","@BOS","0","0","0","0","0",".000",".000","0","0","0","0","0",""
" ","Willy Adames","TB","SS","@BOS","0","0","0","0","0",".000",".000","0","0","0","0","0",""
" ","Tyler Wade","NYY","SS","CWS","0","0","0","0","0",".000",".000","0","0","0","0","0",""
" ","Jamie Westbrook","ARI","2B","@LAD","0","0","0","0","0",".000",".000","0","0","0","0","0",""
" ","Isan Diaz","MIL","SS","@CHC","0","0","0","0","0",".000",".000","0","0","0","0","0",""
" ","Willi Castro","CLE","SS","@MIN","0","0","0","0","0",".000",".000","0","0","0","0","0",""
" ","Francisco Mejia","CLE","C","@MIN","0","0","0","0","0",".000",".000","0","0","0","0","0",""
" ","Yairo Munoz","OAK","3B,SS","TEX","0","0","0","0","0",".000",".000","0","0","0","0","0",""
" ","Bobby Bradley","CLE","1B","@MIN","0","0","0","0","0",".000",".000","0","0","0","0","0",""
" ","Jack Reinheimer","ARI","SS","@LAD","0","0","0","0","0",".000",".000","0","0","0","0","0",""
" ","Franmil Reyes","SD","LF","@ATL","0","0","0","0","0",".000",".000","0","0","0","0","0",""
" ","Kyle Tucker","HOU","RF,CF","LAA","0","0","0","0","0",".000",".000","0","0","0","0","0",""
" ","Ian Happ","CHC","2B,LF","MIL","0","0","0","0","0",".000",".000","0","0","0","0","0",""
" ","Daz Cameron","HOU","CF,LF","LAA","0","0","0","0","0",".000",".000","0","0","0","0","0",""
" ","Javier Guerra","SD","SS","@ATL","0","0","0","0","0",".000",".000","0","0","0","0","0",""
" ","Austin Riley","ATL","3B","SD","0","0","0","0","0",".000",".000","0","0","0","0","0",""
" ","Derek Fisher","HOU","RF,CF,LF","LAA","0","0","0","0","0",".000",".000","0","0","0","0","0",""
" ","Garrett Whitley","TB","LF,CF","@BOS","0","0","0","0","0",".000",".000","0","0","0","0","0",""
" ","Yusniel Diaz","LAD","OF","ARI","0","0","0","0","0",".000",".000","0","0","0","0","0",""
" ","Clint Coulter","MIL","RF,C","@CHC","0","0","0","0","0",".000",".000","0","0","0","0","0",""
" ","Nick Plummer","STL","CF","PIT","0","0","0","0","0",".000",".000","0","0","0","0","0",""
" ","Kevin Newman","PIT","SS","@STL","0","0","0","0","0",".000",".000","0","0","0","0","0",""
" ","Cody Bellinger","LAD","1B","ARI","0","0","0","0","0",".000",".000","0","0","0","0","0",""
" ","Magneuris Sierra","STL","CF","PIT","0","0","0","0","0",".000",".000","0","0","0","0","0",""
" ","Wilkerman Garcia","NYY","SS","CWS","0","0","0","0","0",".000",".000","0","0","0","0","0",""
" ","Lucius Fox","TB","SS","@BOS","0","0","0","0","0",".000",".000","0","0","0","0","0",""
" ","Josh Naylor","SD","1B","@ATL","0","0","0","0","0",".000",".000","0","0","0","0","0",""
" ","Guillermo Heredia","SEA","LF,RF","MIA","3.68","0.5","0.08","0.51","0.05",".273",".347","1.01","0.17","0.01","0.38","0.62",""
" ","Kevin Garcia","MIN","C","CLE","0","0","0","0","0",".000",".000","0","0","0","0","0",""
" ","Ronnie Freeman","ARI","C","@LAD","0","0","0","0","0",".000",".000","0","0","0","0","0",""
" ","Carlos Asuaje","SD","2B","@ATL","0","0","0","0","0",".000",".000","0","0","0","0","0",""
" ","Taylor Ward","LAA","C","@HOU","0","0","0","0","0",".000",".000","0","0","0","0","0",""
" ","Brent Cordell","TEX","C","@OAK","0","0","0","0","0",".000",".000","0","0","0","0","0",""
" ","Gerson Montilla","CWS","IF","@NYY","0","0","0","0","0",".000",".000","0","0","0","0","0",""
" ","Dan Rohlfing","MIN","C","CLE","0","0","0","0","0",".000",".000","0","0","0","0","0",""
" ","Jack Murphy","LAD","C","ARI","0","0","0","0","0",".000",".000","0","0","0","0","0",""
" ","Gabriel Noriega","MIL","SS","@CHC","0","0","0","0","0",".000",".000","0","0","0","0","0",""
" ","Vinny Rottino","CWS","1B,LF","@NYY","0","0","0","0","0",".000",".000","0","0","0","0","0",""
" ","Steven Lerud","TEX","C","@OAK","0","0","0","0","0",".000",".000","0","0","0","0","0",""
" ","Deibinson Romero","NYY","3B","CWS","0","0","0","0","0",".000",".000","0","0","0","0","0",""
" ","David Sacaria","MIA","OF","@SEA","0","0","0","0","0",".000",".000","0","0","0","0","0",""
" ","Santiago Nessy","NYY","C","CWS","0","0","0","0","0",".000",".000","0","0","0","0","0",""
" ","Hunter Redman","SD","C","@ATL","0","0","0","0","0",".000",".000","0","0","0","0","0",""
" ","Marcus Littlewood","SEA","C","MIA","0","0","0","0","0",".000",".000","0","0","0","0","0",""
" ","Jason Martinson","TEX","SS,3B","@OAK","0","0","0","0","0",".000",".000","0","0","0","0","0",""
" ","Tyler Smith","SEA","IF","MIA","0","0","0","0","0",".000",".000","0","0","0","0","0",""
" ","Jason Hagerty","SD","C","@ATL","0","0","0","0","0",".000",".000","0","0","0","0","0",""
" ","Dario Pizzano","SEA","OF","MIA","0","0","0","0","0",".000",".000","0","0","0","0","0",""
" ","J.D. Davis","HOU","3B","LAA","0","0","0","0","0",".000",".000","0","0","0","0","0",""
" ","Roberto Baldoquin","LAA","SS","@HOU","0","0","0","0","0",".000",".000","0","0","0","0","0",""
" ","Chad Hinshaw","LAA","CF","@HOU","0","0","0","0","0",".000",".000","0","0","0","0","0",""
" ","Omar Narvaez","CWS","C","@NYY","2.99","0.36","0.07","0.34","0.01",".308",".375","0.92","0.13","0","0.32","0.39",""
" ","Alex Yarbrough","LAA","2B","@HOU","0","0","0","0","0",".000",".000","0","0","0","0","0",""
" ","Jon Kemmer","HOU","OF","LAA","0","0","0","0","0",".000",".000","0","0","0","0","0",""
" ","Rio Ruiz","ATL","3B","SD","0","0","0","0","0",".000",".000","0","0","0","0","0",""
" ","Kellin Deglan","TEX","C","@OAK","0","0","0","0","0",".000",".000","0","0","0","0","0",""
" ","Omir Santos","CLE","C","@MIN","0","0","0","0","0",".000",".000","0","0","0","0","0",""
" ","Kade Scivicque","ATL","C","SD","0","0","0","0","0",".000",".000","0","0","0","0","0",""
" ","Kyle Higashioka","NYY","C","CWS","0.5","0.07","0.02","0.06","0",".225",".265","0.11","0.02","0","0.03","0.08",""
" ","Dustin Fowler","NYY","CF","CWS","0","0","0","0","0",".000",".000","0","0","0","0","0",""
" ","Reynaldo Rodriguez","MIN","C,1B","CLE","0","0","0","0","0",".000",".000","0","0","0","0","0",""
" ","Alex Swim","MIN","C","CLE","0","0","0","0","0",".000",".000","0","0","0","0","0",""
" ","Francisco Diaz","NYY","C","CWS","0","0","0","0","0",".000",".000","0","0","0","0","0",""
" ","Engelb Vielma","MIN","SS","CLE","0","0","0","0","0",".000",".000","0","0","0","0","0",""
" ","Steve Bean","STL","C","PIT","0","0","0","0","0",".000",".000","0","0","0","0","0",""
" ","Alberto Rosario","STL","C","PIT","0","0","0","0","0",".000",".000","0","0","0","0","0",""
" ","Todd Glaesmann","CHC","RF","MIL","0","0","0","0","0",".000",".000","0","0","0","0","0",""
" ","Luis Cruz","STL","C","PIT","0","0","0","0","0",".000",".000","0","0","0","0","0",""
" ","Mark Thomas","ARI","C","@LAD","0","0","0","0","0",".000",".000","0","0","0","0","0",""
" ","J.T. Riddle","MIA","2B,3B,SS","@SEA","0.37","0.03","0.02","0.05","0",".221",".240","0.08","0.01","0","0.01","0.08",""
" ","Sharif Othman","MIA","C","@SEA","0","0","0","0","0",".000",".000","0","0","0","0","0",""
" ","Yefri Perez","MIA","SS","@SEA","0","0","0","0","0",".000",".000","0","0","0","0","0",""
" ","Patrick Leonard","TB","1B,3B","@BOS","0","0","0","0","0",".000",".000","0","0","0","0","0",""
" ","David Lyon","TEX","C","@OAK","0","0","0","0","0",".000",".000","0","0","0","0","0",""
" ","Yhoxian Medina","CLE","IF","@MIN","0","0","0","0","0",".000",".000","0","0","0","0","0",""
" ","River Stevens","SD","IF","@ATL","0","0","0","0","0",".000",".000","0","0","0","0","0",""
" ","Dayron Varona","TB","CF","@BOS","0","0","0","0","0",".000",".000","0","0","0","0","0",""
" ","Danny Black","MIA","IF","@SEA","0","0","0","0","0",".000",".000","0","0","0","0","0",""
" ","Johnny Field","TB","LF","@BOS","0","0","0","0","0",".000",".000","0","0","0","0","0",""
" ","Brady Shoemaker","MIA","LF","@SEA","0","0","0","0","0",".000",".000","0","0","0","0","0",""
" ","Argenis Raga","OAK","C","TEX","0","0","0","0","0",".000",".000","0","0","0","0","0",""
" ","Jake DePew","BOS","C","TB","0","0","0","0","0",".000",".000","0","0","0","0","0",""
" ","Jose Medina","CLE","OF","@MIN","0","0","0","0","0",".000",".000","0","0","0","0","0",""
" ","Andrew Velazquez","TB","SS","@BOS","0","0","0","0","0",".000",".000","0","0","0","0","0",""
" ","Jermaine Curtis","OAK","3B,LF","TEX","0","0","0","0","0",".000",".000","0","0","0","0","0",""
" ","Tyler White","HOU","1B","LAA","0","0","0","0","0",".000",".000","0","0","0","0","0",""
" ","Adam Engel","CWS","CF","@NYY","0","0","0","0","0",".000",".000","0","0","0","0","0",""
" ","Jeremy Lucas","CLE","C","@MIN","0","0","0","0","0",".000",".000","0","0","0","0","0",""
" ","Mitch Garver","MIN","C","CLE","0","0","0","0","0",".000",".000","0","0","0","0","0",""
" ","Dan Gamache","MIN","3B","CLE","0","0","0","0","0",".000",".000","0","0","0","0","0",""
" ","Adam Frazier","PIT","2B,LF,RF","@STL","3.37","0.49","0.05","0.26","0.11",".281",".349","0.95","0.22","0.04","0.33","0.63",""
" ","Eric Stamets","CLE","SS","@MIN","0","0","0","0","0",".000",".000","0","0","0","0","0",""
" ","Taylor Davis","CHC","C","MIL","0","0","0","0","0",".000",".000","0","0","0","0","0",""
" ","Adam Weisenburger","MIL","C","@CHC","0","0","0","0","0",".000",".000","0","0","0","0","0",""
" ","Carson Kelly","STL","C","PIT","0","0","0","0","0",".000",".000","0","0","0","0","0",""
" ","Jantzen Witte","BOS","IF","TB","0","0","0","0","0",".000",".000","0","0","0","0","0",""
" ","Patrick Wisdom","STL","3B","PIT","0","0","0","0","0",".000",".000","0","0","0","0","0",""
" ","Jonathan Rodriguez","MIN","IF","CLE","0","0","0","0","0",".000",".000","0","0","0","0","0",""
" ","Zachary Borenstein","ARI","OF","@LAD","0","0","0","0","0",".000",".000","0","0","0","0","0",""
" ","Johnny Davis","MIL","OF","@CHC","0","0","0","0","0",".000",".000","0","0","0","0","0",""
" ","Isaac Galay","MIA","CF","@SEA","0","0","0","0","0",".000",".000","0","0","0","0","0",""
" ","Brad Zunica","SD","IF","@ATL","0","0","0","0","0",".000",".000","0","0","0","0","0",""
" ","Destin Hood","MIA","LF","@SEA","0","0","0","0","0",".000",".000","0","0","0","0","0",""
" ","Francisco Arcia","LAA","C","@HOU","0","0","0","0","0",".000",".000","0","0","0","0","0",""
" ","Nick Schulz","SD","OF","@ATL","0","0","0","0","0",".000",".000","0","0","0","0","0",""
" ","Trent Woodward","HOU","C","LAA","0","0","0","0","0",".000",".000","0","0","0","0","0",""
" ","Luis Tejada","SD","IF","@ATL","0","0","0","0","0",".000",".000","0","0","0","0","0",""
" ","Gabriel Lino","STL","C","PIT","0","0","0","0","0",".000",".000","0","0","0","0","0",""
" ","Carlos Paulino","MIA","C","@SEA","0","0","0","0","0",".000",".000","0","0","0","0","0",""
" ","Juniel Querecuto","TB","3B,SS,2B","@BOS","0","0","0","0","0",".000",".000","0","0","0","0","0",""
" ","John Andreoli","CHC","LF","MIL","0","0","0","0","0",".000",".000","0","0","0","0","0",""
" ","Brett Nicholas","TEX","C","@OAK","0","0","0","0","0",".000",".000","0","0","0","0","0",""
" ","Mayo Acosta","TB","C","@BOS","0","0","0","0","0",".000",".000","0","0","0","0","0",""
" ","David Sopilka","BOS","C","TB","0","0","0","0","0",".000",".000","0","0","0","0","0",""
" ","Brock Hebert","SEA","IF","MIA","0","0","0","0","0",".000",".000","0","0","0","0","0",""
" ","Jairo Rodriguez","MIN","C","CLE","0","0","0","0","0",".000",".000","0","0","0","0","0",""
" ","Danny Ortiz","PIT","LF","@STL","0","0","0","0","0",".000",".000","0","0","0","0","0",""
" ","Jacob Stallings","PIT","C","@STL","0","0","0","0","0",".000",".000","0","0","0","0","0",""
" ","Matt Chapman","OAK","3B","TEX","0","0","0","0","0",".000",".000","0","0","0","0","0",""
" ","Chris O'Dowd","CWS","C","@NYY","0","0","0","0","0",".000",".000","0","0","0","0","0",""
" ","Steve Selsky","BOS","RF","TB","0.7","0.09","0.01","0.09","0.01",".311",".390","0.22","0.06","0","0.08","0.27",""
" ","Jared Hoying","TEX","LF,RF","@OAK","0","0","0","0","0",".000",".000","0","0","0","0","0",""
" ","Javier Herize","ARI","C","@LAD","0","0","0","0","0",".000",".000","0","0","0","0","0",""
" ","Jose Sulbaran","ARI","C","@LAD","0","0","0","0","0",".000",".000","0","0","0","0","0",""
" ","Luis Lara","ARI","IF","@LAD","0","0","0","0","0",".000",".000","0","0","0","0","0",""
" ","Fernando Tatis, Jr.","SD","IF","@ATL","0","0","0","0","0",".000",".000","0","0","0","0","0",""
" ","Garrett Weber","MIA","IF","@SEA","0","0","0","0","0",".000",".000","0","0","0","0","0",""
" ","Oswaldo Garcia","LAA","C","@HOU","0","0","0","0","0",".000",".000","0","0","0","0","0",""
" ","Yeison Perez","MIN","C","CLE","0","0","0","0","0",".000",".000","0","0","0","0","0",""
" ","Austin Cousino","LAA","CF","@HOU","0","0","0","0","0",".000",".000","0","0","0","0","0",""
" ","Miguel De La Cruz","LAA","IF","@HOU","0","0","0","0","0",".000",".000","0","0","0","0","0",""
" ","Christian Ibarra","MIN","IF","CLE","0","0","0","0","0",".000",".000","0","0","0","0","0",""
" ","Janigson Villalobos","CWS","C","@NYY","0","0","0","0","0",".000",".000","0","0","0","0","0",""
" ","Kyle Lewis","SEA","RF,CF","MIA","0","0","0","0","0",".000",".000","0","0","0","0","0",""
" ","Travis Denker","ARI","2B,1B","@LAD","0","0","0","0","0",".000",".000","0","0","0","0","0",""
" ","Ryan Schimpf","SD","2B,3B","@ATL","3.44","0.29","0.14","0.68","0.02",".171",".266","0.59","0.15","0.03","0.41","1.53",""
" ","Josh Silver","CHC","IF","MIL","0","0","0","0","0",".000",".000","0","0","0","0","0",""
" ","Dylan Carlson","STL","CF","PIT","0","0","0","0","0",".000",".000","0","0","0","0","0",""
" ","Will Benson","CLE","RF","@MIN","0","0","0","0","0",".000",".000","0","0","0","0","0",""
" ","Hudson Sanchez","SD","SS","@ATL","0","0","0","0","0",".000",".000","0","0","0","0","0",""
" ","Delvin Perez","STL","SS","PIT","0","0","0","0","0",".000",".000","0","0","0","0","0",""
" ","Mike Miller","BOS","2B","TB","0","0","0","0","0",".000",".000","0","0","0","0","0",""
" ","Ronnier Mustelier","ATL","LF,2B","SD","0","0","0","0","0",".000",".000","0","0","0","0","0",""
" ","Wendell Rijo","MIL","2B","@CHC","0","0","0","0","0",".000",".000","0","0","0","0","0",""
" ","Andrew Toles","LAD","LF,RF","ARI","0.28","0.03","0.01","0.04","0.01",".257",".293","0.07","0.01","0","0.01","0.12",""
" ","Luis Basabe","ARI","OF","@LAD","0","0","0","0","0",".000",".000","0","0","0","0","0",""
" ","Yulieski Gurriel","HOU","1B,3B","LAA","3.45","0.39","0.14","0.35","0.03",".253",".292","0.87","0.2","0.02","0.17","0.5",""
" ","Bruce Maxwell","OAK","C","TEX","0","0","0","0","0",".000",".000","0","0","0","0","0",""
" ","Rashad Crawford","NYY","RF","CWS","0","0","0","0","0",".000",".000","0","0","0","0","0",""
" ","Mike Freeman","SEA","2B","MIA","0.45","0.04","0.01","0.05","0.01",".286",".370","0.13","0.02","0","0.06","0.11",""
" ","Nathan Lukes","TB","OF","@BOS","0","0","0","0","0",".000",".000","0","0","0","0","0",""
" ","Jonah Heim","TB","C","@BOS","0","0","0","0","0",".000",".000","0","0","0","0","0",""
" ","Yordan Alvarez","HOU","1B","LAA","0","0","0","0","0",".000",".000","0","0","0","0","0",""
" ","Anfernee Seymour","ATL","SS","SD","0","0","0","0","0",".000",".000","0","0","0","0","0",""
" ","Rob Segedin","LAD","3B,RF,LF,1B","ARI","0","0","0","0","0",".000",".000","0","0","0","0","0",""
" ","Corey Ray","MIL","CF","@CHC","0","0","0","0","0",".000",".000","0","0","0","0","0",""
" ","Blake Rutherford","NYY","CF","CWS","0","0","0","0","0",".000",".000","0","0","0","0","0",""
" ","Harrison Bader","STL","LF,CF","PIT","0","0","0","0","0",".000",".000","0","0","0","0","0",""
" ","Mitch Haniger","SEA","LF,CF,RF","MIA","4.11","0.42","0.17","0.72","0.06",".253",".334","1.04","0.17","0.01","0.45","0.61",""
" ","Max Schrock","OAK","2B,SS","TEX","0","0","0","0","0",".000",".000","0","0","0","0","0",""
" ","Dylan Moore","ATL","SS","SD","0","0","0","0","0",".000",".000","0","0","0","0","0",""
" ","Matt Foley","ATL","C","SD","0","0","0","0","0",".000",".000","0","0","0","0","0",""
" ","Jason Heinrich","ARI","OF","@LAD","0","0","0","0","0",".000",".000","0","0","0","0","0",""
" ","Corey Bass","MIA","C","@SEA","0","0","0","0","0",".000",".000","0","0","0","0","0",""
" ","David Vidal","MIA","3B","@SEA","0","0","0","0","0",".000",".000","0","0","0","0","0",""
" ","Drew Robinson","TEX","2B,RF,SS","@OAK","0","0","0","0","0",".000",".000","0","0","0","0","0",""
" ","Jose Osuna","PIT","1B,LF","@STL","0","0","0","0","0",".000",".000","0","0","0","0","0",""
" ","Breyvic Valera","STL","2B","PIT","0","0","0","0","0",".000",".000","0","0","0","0","0",""
" ","Chad Huffman","STL","LF","PIT","0","0","0","0","0",".000",".000","0","0","0","0","0",""
" ","Johan Camargo","ATL","2B,SS","SD","0.01","0","0","0","0",".576",".576","0.01","0","0","0","0",""
" ","Ryan Cordell","MIL","CF,LF","@CHC","0","0","0","0","0",".000",".000","0","0","0","0","0",""
" ","Austin Nola","MIA","SS","@SEA","0","0","0","0","0",".000",".000","0","0","0","0","0",""
" ","Franchy Cordero","SD","CF,3B","@ATL","0","0","0","0","0",".000",".000","0","0","0","0","0",""
" ","Jose Ruiz","SD","LF,C","@ATL","0","0","0","0","0",".000",".000","0","0","0","0","0",""
" ","Domingo Leyba","ARI","2B,SS","@LAD","0","0","0","0","0",".000",".000","0","0","0","0","0",""
" ","Miguel Andujar","NYY","3B","CWS","0","0","0","0","0",".000",".000","0","0","0","0","0",""
" ","Dalton Kelly","TB","IF","@BOS","0","0","0","0","0",".000",".000","0","0","0","0","0",""
" ","Zach Granite","MIN","CF","CLE","0","0","0","0","0",".000",".000","0","0","0","0","0",""
" ","Rowan Wick","STL","RF","PIT","0","0","0","0","0",".000",".000","0","0","0","0","0",""
" ","Ildemaro Vargas","ARI","2B","@LAD","0","0","0","0","0",".000",".000","0","0","0","0","0",""
" ","Eliezer Alvarez","STL","2B","PIT","0","0","0","0","0",".000",".000","0","0","0","0","0",""
" ","Edmundo Sosa","STL","SS","PIT","0","0","0","0","0",".000",".000","0","0","0","0","0",""
" ","Jaycob Brugman","OAK","CF,LF","TEX","0","0","0","0","0",".000",".000","0","0","0","0","0",""
" ","Balbino Fuenmayor","ATL","1B","SD","0","0","0","0","0",".000",".000","0","0","0","0","0",""
" ","Sean Kazmar","ATL","SS,3B","SD","0","0","0","0","0",".000",".000","0","0","0","0","0",""
" ","Richie Martin","OAK","SS","TEX","0","0","0","0","0",".000",".000","0","0","0","0","0",""
" ","Luke Dykstra","STL","2B","PIT","0","0","0","0","0",".000",".000","0","0","0","0","0",""
" ","Mauricio Dubon","MIL","SS","@CHC","0","0","0","0","0",".000",".000","0","0","0","0","0",""
" ","Luis Basabe","CWS","OF","@NYY","0","0","0","0","0",".000",".000","0","0","0","0","0",""
" ","Aneury Tavarez","BOS","2B","TB","0","0","0","0","0",".000",".000","0","0","0","0","0",""
" ","Allen Cordoba","SD","SS","@ATL","0.31","0.03","0","0.03","0.01",".272",".318","0.08","0.01","0","0.02","0.06",""
" ","Luis Torrens","SD","C","@ATL","0.09","0.01","0","0.01","0",".234",".293","0.02","0.01","0","0.01","0.02",""
" ","Dickie Joe Thon","STL","IF","PIT","0","0","0","0","0",".000",".000","0","0","0","0","0",""
" ","Eddy Rodriguez","MIN","C","CLE","0","0","0","0","0",".000",".000","0","0","0","0","0",""
" ","Benji Gonzalez","MIN","SS","CLE","0","0","0","0","0",".000",".000","0","0","0","0","0",""
" ","Leonardo Reginatto","MIN","SS","CLE","0","0","0","0","0",".000",".000","0","0","0","0","0",""
" ","Robert Lucido","TEX","C","@OAK","0","0","0","0","0",".000",".000","0","0","0","0","0",""
" ","Matt Lipka","TEX","SS,CF","@OAK","0","0","0","0","0",".000",".000","0","0","0","0","0",""
" ","Alex Burg","TEX","C","@OAK","0","0","0","0","0",".000",".000","0","0","0","0","0",""
" ","Elliot Soto","CHC","SS","MIL","0","0","0","0","0",".000",".000","0","0","0","0","0",""
" ","Josh Tobias","BOS","2B","TB","0","0","0","0","0",".000",".000","0","0","0","0","0",""
" ","Jake Hager","TB","SS","@BOS","0","0","0","0","0",".000",".000","0","0","0","0","0",""
" ","Casey Gillaspie","TB","1B","@BOS","0","0","0","0","0",".000",".000","0","0","0","0","0",""
" ","Cito Culver","NYY","SS","CWS","0","0","0","0","0",".000",".000","0","0","0","0","0",""
" ","Andy Ibanez","LAA","2B","@HOU","0","0","0","0","0",".000",".000","0","0","0","0","0",""
" ","Yandy Diaz","CLE","3B,SS","@MIN","3.64","0.53","0.09","0.41","0.04",".295",".353","1.07","0.17","0.03","0.33","0.61",""
" ","Mark Traylor","MIA","OF","@SEA","0","0","0","0","0",".000",".000","0","0","0","0","0",""
" ","Drew Maggi","LAD","IF","ARI","0","0","0","0","0",".000",".000","0","0","0","0","0",""
" ","Jose Barraza","PIT","C","@STL","0","0","0","0","0",".000",".000","0","0","0","0","0",""
" ","Leandro Castro","MIN","CF,RF","CLE","0","0","0","0","0",".000",".000","0","0","0","0","0",""
" ","Eric Wood","PIT","IF","@STL","0","0","0","0","0",".000",".000","0","0","0","0","0",""
" ","Carlos Vargas","TB","SS","@BOS","0","0","0","0","0",".000",".000","0","0","0","0","0",""
" ","Barrett Barnes","PIT","LF","@STL","0","0","0","0","0",".000",".000","0","0","0","0","0",""
" ","Erich Weiss","PIT","2B","@STL","0","0","0","0","0",".000",".000","0","0","0","0","0",""
" ","Jin-De Jhang","PIT","C","@STL","0","0","0","0","0",".000",".000","0","0","0","0","0",""
" ","Christian Kelley","PIT","C","@STL","0","0","0","0","0",".000",".000","0","0","0","0","0",""
" ","Luis Barajas","HOU","C","LAA","0","0","0","0","0",".000",".000","0","0","0","0","0",""
" ","Rodrigo Vigil","MIA","C","@SEA","0","0","0","0","0",".000",".000","0","0","0","0","0",""
" ","Chris Hoo","MIA","C","@SEA","0","0","0","0","0",".000",".000","0","0","0","0","0",""
" ","Brian Anderson","MIA","3B","@SEA","0","0","0","0","0",".000",".000","0","0","0","0","0",""
" ","Cam Maron","MIA","C","@SEA","0","0","0","0","0",".000",".000","0","0","0","0","0",""
" ","Matt Juengel","MIA","OF","@SEA","0","0","0","0","0",".000",".000","0","0","0","0","0",""
" ","Ramon Laureano","HOU","OF","LAA","0","0","0","0","0",".000",".000","0","0","0","0","0",""
" ","Niko Goodrum","MIN","SS,3B","CLE","0","0","0","0","0",".000",".000","0","0","0","0","0",""
" ","Garrett Stubbs","HOU","C","LAA","0","0","0","0","0",".000",".000","0","0","0","0","0",""
" ","Alejandro Garcia","HOU","OF","LAA","0","0","0","0","0",".000",".000","0","0","0","0","0",""
" ","Jordan Procyshen","BOS","C","TB","0","0","0","0","0",".000",".000","0","0","0","0","0",""
" ","Dustin Houle","MIL","C","@CHC","0","0","0","0","0",".000",".000","0","0","0","0","0",""
" ","Greg Allen","CLE","CF,RF","@MIN","0","0","0","0","0",".000",".000","0","0","0","0","0",""
" ","Nellie Rodriguez","CLE","IF","@MIN","0","0","0","0","0",".000",".000","0","0","0","0","0",""
" ","Willie Argo","SEA","OF","MIA","0","0","0","0","0",".000",".000","0","0","0","0","0",""
" ","Luis Mendez","TEX","IF","@OAK","0","0","0","0","0",".000",".000","0","0","0","0","0",""
" ","Roberto Pena","CWS","C","@NYY","0","0","0","0","0",".000",".000","0","0","0","0","0",""
" ","Abrahan Gutierrez","ATL","C","SD","0","0","0","0","0",".000",".000","0","0","0","0","0",""
" ","Adrian Rondon","TB","SS","@BOS","0","0","0","0","0",".000",".000","0","0","0","0","0",""
" ","Alexei Bell","TEX","OF","@OAK","0","0","0","0","0",".000",".000","0","0","0","0","0",""
" ","Anderson Tejada","TEX","SS","@OAK","0","0","0","0","0",".000",".000","0","0","0","0","0",""
" ","Anfernee Grier","ARI","CF","@LAD","0","0","0","0","0",".000",".000","0","0","0","0","0",""
" ","Bobby Dalbec","BOS","3B","TB","0","0","0","0","0",".000",".000","0","0","0","0","0",""
" ","Braxton Davidson","ATL","LF,RF","SD","0","0","0","0","0",".000",".000","0","0","0","0","0",""
" ","Bryson Brigman","SEA","SS","MIA","0","0","0","0","0",".000",".000","0","0","0","0","0",""
" ","Buddy Reed","SD","CF","@ATL","0","0","0","0","0",".000",".000","0","0","0","0","0",""
" ","Christian Pache","ATL","OF","SD","0","0","0","0","0",".000",".000","0","0","0","0","0",""
" ","Demi Orimoloye","MIL","RF","@CHC","0","0","0","0","0",".000",".000","0","0","0","0","0",""
" ","Derian Cruz","ATL","SS","SD","0","0","0","0","0",".000",".000","0","0","0","0","0",""
" ","Dermis Garcia","NYY","3B","CWS","0","0","0","0","0",".000",".000","0","0","0","0","0",""
" ","Eddy Martinez","CHC","RF","MIL","0","0","0","0","0",".000",".000","0","0","0","0","0",""
" ","Eli Alvarez","STL","2B","PIT","0","0","0","0","0",".000",".000","0","0","0","0","0",""
" ","Eric Jenkins","TEX","CF","@OAK","0","0","0","0","0",".000",".000","0","0","0","0","0",""
" ","Estevan Florial","NYY","OF","CWS","0","0","0","0","0",".000",".000","0","0","0","0","0",""
" ","Fernando Tatis Jr.","SD","SS","@ATL","0","0","0","0","0",".000",".000","0","0","0","0","0",""
" ","Gabriel Arias","SD","SS","@ATL","0","0","0","0","0",".000",".000","0","0","0","0","0",""
" ","Gareth Morgan","SEA","CF,LF","MIA","0","0","0","0","0",".000",".000","0","0","0","0","0",""
" ","Gilbert Lara","MIL","SS","@CHC","0","0","0","0","0",".000",".000","0","0","0","0","0",""
" ","Gleybar Torres","NYY","SS","CWS","0","0","0","0","0",".000",".000","0","0","0","0","0",""
" ","Jahmai Jones","LAA","CF","@HOU","0","0","0","0","0",".000",".000","0","0","0","0","0",""
" ","Jake Cronenworth","TB","SS","@BOS","0","0","0","0","0",".000",".000","0","0","0","0","0",""
" ","Jake Gatewood","MIL","SS","@CHC","0","0","0","0","0",".000",".000","0","0","0","0","0",""
" ","Jameson Fisher","CWS","LF","@NYY","0","0","0","0","0",".000",".000","0","0","0","0","0",""
" ","Jario Beras","TEX","OF","@OAK","0","0","0","0","0",".000",".000","0","0","0","0","0",""
" ","Joe Rizzo","SEA","3B","MIA","0","0","0","0","0",".000",".000","0","0","0","0","0",""
" ","Jonathan Machado","STL","OF","PIT","0","0","0","0","0",".000",".000","0","0","0","0","0",""
" ","Jorge Ona","SD","OF","@ATL","0","0","0","0","0",".000",".000","0","0","0","0","0",""
" ","Jose Adolis Garcia","STL","OF","PIT","0","0","0","0","0",".000",".000","0","0","0","0","0",""
" ","Josh Lowe","TB","3B","@BOS","0","0","0","0","0",".000",".000","0","0","0","0","0",""
" ","Josh Ockimey","BOS","1B","TB","0","0","0","0","0",".000",".000","0","0","0","0","0",""
" ","Ke'Bryan Hayes","PIT","3B","@STL","0","0","0","0","0",".000",".000","0","0","0","0","0",""
" ","Keibert Ruiz","LAD","C","ARI","0","0","0","0","0",".000",".000","0","0","0","0","0",""
" ","Kevin Maitan","ATL","SS","SD","0","0","0","0","0",".000",".000","0","0","0","0","0",""
" ","Lazaro Armenteros","OAK","OF","TEX","0","0","0","0","0",".000",".000","0","0","0","0","0",""
" ","Leody Taveras","TEX","OF","@OAK","0","0","0","0","0",".000",".000","0","0","0","0","0",""
" ","Lucas Erceg","MIL","3B","@CHC","0","0","0","0","0",".000",".000","0","0","0","0","0",""
" ","Luis Alexander Basabe","CWS","OF","@NYY","0","0","0","0","0",".000",".000","0","0","0","0","0",""
" ","Luis Almanzar","SD","SS","@ATL","0","0","0","0","0",".000",".000","0","0","0","0","0",""
" ","Luis Urias","SD","2B","@ATL","0","0","0","0","0",".000",".000","0","0","0","0","0",""
" ","Matt Thaiss","LAA","1B","@HOU","0","0","0","0","0",".000",".000","0","0","0","0","0",""
" ","Maurcio Dubon","MIL","SS","@CHC","0","0","0","0","0",".000",".000","0","0","0","0","0",""
" ","Michael Chavis","BOS","3B","TB","0","0","0","0","0",".000",".000","0","0","0","0","0",""
" ","Michael Gettys","SD","CF","@ATL","0","0","0","0","0",".000",".000","0","0","0","0","0",""
" ","Micker Adolfo","CWS","RF","@NYY","0","0","0","0","0",".000",".000","0","0","0","0","0",""
" ","Nolan Jones","CLE","3B","@MIN","0","0","0","0","0",".000",".000","0","0","0","0","0",""
" ","Randy Arozarena","STL","OF","PIT","0","0","0","0","0",".000",".000","0","0","0","0","0",""
" ","Ronald Acuna","ATL","CF","SD","0","0","0","0","0",".000",".000","0","0","0","0","0",""
" ","Starling Heredia","LAD","CF","ARI","0","0","0","0","0",".000",".000","0","0","0","0","0",""
" ","Trent Clark","MIL","RF,CF,LF","@CHC","0","0","0","0","0",".000",".000","0","0","0","0","0",""
" ","Victor Garcia","STL","OF","PIT","0","0","0","0","0",".000",".000","0","0","0","0","0",""
" ","Wander Javier","MIN","SS","CLE","0","0","0","0","0",".000",".000","0","0","0","0","0",""
" ","Will Craig","PIT","3B","@STL","0","0","0","0","0",".000",".000","0","0","0","0","0",""
" ","Willie Calhoun","LAD","2B","ARI","0","0","0","0","0",".000",".000","0","0","0","0","0",""
" ","Patrick Cantwell","TEX","C","@OAK","0","0","0","0","0",".000",".000","0","0","0","0","0",""
" ","Nicky Delmonico","CWS","IF","@NYY","0","0","0","0","0",".000",".000","0","0","0","0","0",""
" ","Jeff Malm","TEX","IF","@OAK","0","0","0","0","0",".000",".000","0","0","0","0","0",""
" ","Jose Trevino","TEX","C","@OAK","0","0","0","0","0",".000",".000","0","0","0","0","0",""
" ","Danny Hayes","CWS","IF","@NYY","0","0","0","0","0",".000",".000","0","0","0","0","0",""
" ","Braeden Schlehuber","ATL","C","SD","0","0","0","0","0",".000",".000","0","0","0","0","0",""
" ","Joe Odom","ATL","C","SD","0","0","0","0","0",".000",".000","0","0","0","0","0",""
" ","Jordan Tarsovich","OAK","IF","TEX","0","0","0","0","0",".000",".000","0","0","0","0","0",""
" ","Boo Vazquez","MIA","OF","@SEA","0","0","0","0","0",".000",".000","0","0","0","0","0",""
" ","Mark Zagunis","CHC","OF","MIL","0","0","0","0","0",".000",".000","0","0","0","0","0",""
" ","Jasardo Chisholm","ARI","SS","@LAD","0","0","0","0","0",".000",".000","0","0","0","0","0",""
" ","Chad Mcclanahan","MIL","3B","@CHC","0","0","0","0","0",".000",".000","0","0","0","0","0",""
" ","Jason Goldstein","OAK","C","TEX","0","0","0","0","0",".000",".000","0","0","0","0","0",""
" ","Manuel Guzman","LAA","IF","@HOU","0","0","0","0","0",".000",".000","0","0","0","0","0",""
" ","Jacob Rogers","TEX","IF","@OAK","0","0","0","0","0",".000",".000","0","0","0","0","0",""
" ","Willians Astudillo","ARI","C","@LAD","0","0","0","0","0",".000",".000","0","0","0","0","0",""
" ","Chesny Young","CHC","IF","MIL","0","0","0","0","0",".000",".000","0","0","0","0","0",""
" ","Tyler Marlette","SEA","C","MIA","0","0","0","0","0",".000",".000","0","0","0","0","0",""
" ","Enry Pantojas","OAK","OF","TEX","0","0","0","0","0",".000",".000","0","0","0","0","0",""
" ","Jorge Saez","NYY","C","CWS","0","0","0","0","0",".000",".000","0","0","0","0","0",""
" ","David Fletcher","LAA","IF","@HOU","0","0","0","0","0",".000",".000","0","0","0","0","0",""
" ","Jack Kruger","LAA","C","@HOU","0","0","0","0","0",".000",".000","0","0","0","0","0",""
" ","Sherman Johnson","LAA","IF","@HOU","0","0","0","0","0",".000",".000","0","0","0","0","0",""
" ","Michael Hermosillo","LAA","OF","@HOU","0","0","0","0","0",".000",".000","0","0","0","0","0",""
" ","Jose Briceno","LAA","C","@HOU","0","0","0","0","0",".000",".000","0","0","0","0","0",""
" ","Matt Williams","LAA","IF","@HOU","0","0","0","0","0",".000",".000","0","0","0","0","0",""
" ","Michael Barash","LAA","C","@HOU","0","0","0","0","0",".000",".000","0","0","0","0","0",""
" ","Eric Aguilera","TEX","IF","@OAK","0","0","0","0","0",".000",".000","0","0","0","0","0",""
" ","Josh Romanski","MIN","OF","CLE","0","0","0","0","0",".000",".000","0","0","0","0","0",""
" ","Cesar Salazar","MIN","OF","CLE","0","0","0","0","0",".000",".000","0","0","0","0","0",""
" ","Andrew Knizner","STL","C","PIT","0","0","0","0","0",".000",".000","0","0","0","0","0",""
" ","Dennis Ortega","STL","C","PIT","0","0","0","0","0",".000",".000","0","0","0","0","0",""
" ","Paul DeJong","STL","IF","PIT","0","0","0","0","0",".000",".000","0","0","0","0","0",""
" ","Drew Jackson","LAD","IF","ARI","0","0","0","0","0",".000",".000","0","0","0","0","0",""
" ","Henry Ramos","LAD","OF","ARI","0","0","0","0","0",".000",".000","0","0","0","0","0",""
" ","D.J. Wilson","CHC","OF","MIL","0","0","0","0","0",".000",".000","0","0","0","0","0",""
" ","Paul de Jong","STL","3B","PIT","0","0","0","0","0",".000",".000","0","0","0","0","0",""
" ","David Garcia","TEX","C","@OAK","0","0","0","0","0",".000",".000","0","0","0","0","0",""
" ","Jean Eusebio","PIT","OF","@STL","0","0","0","0","0",".000",".000","0","0","0","0","0",""
""
""