"Position","Name...ID","Name","ID","Salary","GameInfo","Team","FirstName","LastName","Opponent","Projection","Projection_dfn","Projection_fc","Projection_dfn_perturbed","RankTargets","RollingTargetPctg","Projection_reg","Projection_reg_split","FreqInd","Actual","ValueWR"
"WR","Antonio Brown (7451829)","Antonio Brown",7451829,9600,"Pit@Phi 04:25PM ET","Pit","Antonio","Brown","Phi",27.75,25.2,24.4,25.2,1,0.295774647887324,24.9863163446285,26.1814733585514,0,29,0
"WR","Odell Beckham Jr. (7451720)","Odell Beckham",7451720,9100,"Was@NYG 01:00PM ET","NYG","Odell","Beckham","Was",21.5,19.7,20.24,19.7,1,0.301369863013699,19.4465935967394,20.3299022228064,0,22.1,0
"WR","Dez Bryant (7451840)","Dez Bryant",7451840,8400,"Chi@Dal 08:30PM ET","Dal","Dez","Bryant","Chi",17.84,17.1,16.89,17.1,2,0.233766233766234,16.5128900468009,17.0627976244781,0,13,0
"WR","A.J. Green (7451765)","A.J. Green",7451765,8100,"Den@Cin 01:00PM ET","Cin","A.J.","Green","Den",18.56,18,16.66,18,1,0.252873563218391,17.2842481233088,17.8053762324195,0,15.7,0
"WR","Alshon Jeffery (7451844)","Alshon Jeffery",7451844,8000,"Chi@Dal 08:30PM ET","Chi","Alshon","Jeffery","Dal",15.71,19.3,17.8,19.3,1,0.23728813559322,16.6618774809836,16.1158989487934,0,12,0
"QB","Cam Newton (7451539)","Cam Newton",7451539,7800,"Min@Car 01:00PM ET","Car","Cam","Newton","Min",22.49,22.4,21.21,22.4,0,0,21.2383622219395,21.7268806509331,1,16.1,0
"RB","David Johnson (7451579)","David Johnson",7451579,7700,"Ari@Buf 01:00PM ET","Ari","David","Johnson","Buf",21.69,19,18.15,19,3,0.148648648648649,19.181459710945,20.2848778754103,0,26.1,0
"WR","Amari Cooper (7451710)","Amari Cooper",7451710,7700,"Oak@Ten 01:00PM ET","Oak","Amari","Cooper","Ten",17.5,16.8,16.46,16.8,1,0.264367816091954,16.2111291833219,16.7442665162158,0,10.2,0
"QB","Aaron Rodgers (7451525)","Aaron Rodgers",7451525,7700,"Det@GB 01:00PM ET","GB","Aaron","Rodgers","Det",22.4,22.8,21.92,22.8,0,0,21.3981578646843,21.7657954747737,1,26.4,0
"QB","Andrew Luck (7451561)","Andrew Luck",7451561,7600,"SD@Ind 04:25PM ET","Ind","Andrew","Luck","SD",23.27,21.9,21.25,21.9,0,0,21.3365997120008,22.1521948661136,1,18.2,0
"WR","Allen Robinson (7451748)","Allen Robinson",7451748,7500,"Bal@Jax 01:00PM ET","Jax","Allen","Robinson","Bal",19.46,17.1,17.63,17.1,1,0.238636363636364,17.2360824220182,18.213077095444,0,24.7,0
"RB","DeAngelo Williams (7451675)","DeAngelo Williams",7451675,7500,"Pit@Phi 04:25PM ET","Pit","DeAngelo","Williams","Phi",21.47,20.3,20.62,20.3,2,0.197183098591549,19.7331606407318,20.4628296094633,0,8.4,0
"WR","Jordy Nelson (7451751)","Jordy Nelson",7451751,7400,"Det@GB 01:00PM ET","GB","Jordy","Nelson","Det",19.74,18.3,15.44,18.3,1,0.272727272727273,17.9609976257894,18.7203485478493,0,31.1,0
"WR","Randall Cobb (7451755)","Randall Cobb",7451755,7300,"Det@GB 01:00PM ET","GB","Randall","Cobb","Det",14.96,15.3,14.15,15.3,2,0.233766233766234,14.3273362269253,14.5551697677368,0,4.3,0
"RB","C.J. Anderson (7451627)","C.J. Anderson",7451627,7300,"Den@Cin 01:00PM ET","Den","C.J.","Anderson","Cin",18.63,16,16.16,16,3,0.166666666666667,16.3156321919412,17.3409834718787,0,5.1,0
"WR","Brandon Marshall (7451807)","Brandon Marshall",7451807,7300,"NYJ@KC 04:25PM ET","NYJ","Brandon","Marshall","KC",14.49,11.2,15.27,11.2,1,0.273972602739726,12.0677979366365,13.167549512679,0,5.7,0
"QB","Ben Roethlisberger (7451562)","Ben Roethlisberger",7451562,7300,"Pit@Phi 04:25PM ET","Pit","Ben","Roethlisberger","Phi",20.42,21.7,22.02,21.7,0,0,19.9643303312123,20.0771454366339,1,9,0
"QB","Carson Palmer (7451499)","Carson Palmer",7451499,7200,"Ari@Buf 01:00PM ET","Ari","Carson","Palmer","Buf",21.26,18.3,20.14,18.3,0,0,18.6395484963637,19.7996231132,1,7.5,0
"WR","Kelvin Benjamin (7451779)","Kelvin Benjamin",7451779,7200,"Min@Car 01:00PM ET","Car","Kelvin","Benjamin","Min",17.96,15.2,16.17,15.2,1,0.283783783783784,15.6165881169857,16.6596121264685,0,0,0
"RB","Todd Gurley (7451645)","Todd Gurley",7451645,7100,"LA@TB 04:05PM ET","LA","Todd","Gurley","TB",13.55,17.1,15.7,17.1,6,0.046875,14.5977694976143,14.0166871735871,0,21,0
"QB","Russell Wilson (7451548)","Russell Wilson",7451548,7100,"SF@Sea 04:05PM ET","Sea","Russell","Wilson","SF",19.27,25.3,19.42,25.3,10,0,21.2507100001292,20.185962172108,1,14,0
"WR","Jordan Matthews (7451831)","Jordan Matthews",7451831,7100,"Pit@Phi 04:25PM ET","Phi","Jordan","Matthews","Pit",15.8,17.7,14.93,17.7,1,0.333333333333333,15.9021628474681,15.76852640827,0,9.9,0
"QB","Eli Manning (7451509)","Eli Manning",7451509,7000,"Was@NYG 01:00PM ET","NYG","Eli","Manning","Was",18.46,18.5,19.28,18.5,0,0,17.4895728648202,17.8628953754222,1,19,0
"WR","Mike Evans (7451791)","Mike Evans",7451791,7000,"LA@TB 04:05PM ET","TB","Mike","Evans","LA",17.62,18.5,15.68,18.5,1,0.30379746835443,17.1145842258186,17.2664541682547,0,32.2,0
"RB","Matt Forte (7451656)","Matt Forte",7451656,7000,"NYJ@KC 04:25PM ET","NYJ","Matt","Forte","KC",16.92,16.4,15.94,16.4,4,0.136986301369863,15.7522354594687,16.2296188247535,0,8.4,0
"WR","Larry Fitzgerald (7451692)","Larry Fitzgerald",7451692,6900,"Ari@Buf 01:00PM ET","Ari","Larry","Fitzgerald","Buf",18.99,16.2,16.24,16.2,1,0.27027027027027,16.5763281071179,17.6480107515405,0,13,0
"QB","Derek Carr (7451506)","Derek Carr",7451506,6900,"Oak@Ten 01:00PM ET","Oak","Derek","Carr","Ten",20.9,20.7,18.26,20.7,0,0,19.67867706119,20.1609208863511,1,12.9,0
"WR","Eric Decker (7451808)","Eric Decker",7451808,6900,"NYJ@KC 04:25PM ET","NYJ","Eric","Decker","KC",15.75,14.3,15.32,14.3,2,0.205479452054795,14.1800716212964,14.859060424861,0,4.1,0
"RB","Ezekiel Elliott (7451690)","Ezekiel Elliott",7451690,6900,"Chi@Dal 08:30PM ET","Dal","Ezekiel","Elliott","Chi",17.11,15.7,16.81,15.7,5,0.051948051948052,15.4871015736742,16.1845944773573,0,21,0
"QB","Matthew Stafford (7451526)","Matthew Stafford",7451526,6800,"Det@GB 01:00PM ET","Det","Matthew","Stafford","GB",19.08,17.8,18.79,17.8,0,0,17.4163974489909,18.1231921221713,1,30.5,0
"WR","T.Y. Hilton (7451821)","T.Y. Hilton",7451821,6800,"SD@Ind 04:25PM ET","Ind","T.Y.","Hilton","SD",19.22,19.3,16.55,19.3,1,0.284090909090909,18.2287942939544,18.6081711358861,0,34.4,0
"RB","Adrian Peterson (7451631)","Adrian Peterson",7451631,6700,"Min@Car 01:00PM ET","Min","Adrian","Peterson","Car",0,0,0,0,5,0.0757575757575758,0,0,0,0,0
"QB","Philip Rivers (7451559)","Philip Rivers",7451559,6700,"SD@Ind 04:25PM ET","SD","Philip","Rivers","Ind",19.37,20,20.95,20,0,0,18.6457092955352,18.8946121623739,1,15.4,0
"WR","Donte Moncrief (7451825)","Donte Moncrief",7451825,6700,"SD@Ind 04:25PM ET","Ind","Donte","Moncrief","SD",0,0,0,0,3,0.113636363636364,0,0,0,0,0
"WR","Jarvis Landry (7451730)","Jarvis Landry",7451730,6600,"Cle@Mia 01:00PM ET","Mia","Jarvis","Landry","Cle",18.74,19,16.25,19,1,0.319444444444444,17.8645353239752,18.1902331597626,0,29.6,0
"RB","LeSean McCoy (7451575)","LeSean McCoy",7451575,6500,"Ari@Buf 01:00PM ET","Buf","LeSean","McCoy","Ari",15.37,15.5,13.92,15.5,3,0.173076923076923,14.6103528944235,14.8976995002061,0,29.6,0
"TE","Jordan Reed (7451866)","Jordan Reed",7451866,6500,"Was@NYG 01:00PM ET","Was","Jordan","Reed","NYG",19.94,15.9,13.2,15.9,1,0.197674418604651,16.8504426535342,18.245442925714,0,9.6,0
"QB","Blake Bortles (7451522)","Blake Bortles",7451522,6500,"Bal@Jax 01:00PM ET","Jax","Blake","Bortles","Bal",19.97,19.9,19.94,19.9,0,0,18.8635650741626,19.2949367863414,1,14.5,0
"QB","Kirk Cousins (7451512)","Kirk Cousins",7451512,6400,"Was@NYG 01:00PM ET","Was","Kirk","Cousins","NYG",17.69,20.1,16.88,20.1,0,0,17.945725266763,17.7274345577625,0,19.3,0
"WR","Demaryius Thomas (7451764)","Demaryius Thomas",7451764,6400,"Den@Cin 01:00PM ET","Den","Demaryius","Thomas","Cin",12.92,14.8,14.32,14.8,1,0.266666666666667,13.1666832860527,12.9781456445693,0,24,0
"RB","DeMarco Murray (7451581)","DeMarco Murray",7451581,6300,"Oak@Ten 01:00PM ET","Ten","DeMarco","Murray","Oak",15.85,14.6,14.52,14.6,2,0.186666666666667,14.3746928736321,15.0071797596468,0,29.5,0
"WR","Doug Baldwin (7451798)","Doug Baldwin",7451798,6300,"SF@Sea 04:05PM ET","Sea","Doug","Baldwin","SF",17.26,17.5,13.69,17.5,1,0.253333333333333,16.4539423167948,16.7537884108044,0,33,0
"QB","Ryan Tannehill (7451517)","Ryan Tannehill",7451517,6200,"Cle@Mia 01:00PM ET","Mia","Ryan","Tannehill","Cle",19.39,21.3,18.42,21.3,0,0,19.3045498364654,19.2429756699033,1,25,0
"WR","Marvin Jones Jr. (7451754)","Marvin Jones",7451754,6200,"Det@GB 01:00PM ET","Det","Marvin","Jones","GB",15.77,18.4,15.15,18.4,1,0.27710843373494,16.2387231406914,15.9271586046504,0,41.5,0
"WR","Sammy Watkins (7451702)","Sammy Watkins",7451702,6100,"Ari@Buf 01:00PM ET","Buf","Sammy","Watkins","Ari",0,0,0,0,1,0.192307692307692,0,0,0,0,0
"QB","Joe Flacco (7451519)","Joe Flacco",7451519,6100,"Bal@Jax 01:00PM ET","Bal","Joe","Flacco","Jax",17.63,18.2,17.79,18.2,0,0,16.9690686285903,17.1964402296455,1,13.8,0
"RB","Eddie Lacy (7451617)","Eddie Lacy",7451617,6100,"Det@GB 01:00PM ET","GB","Eddie","Lacy","Det",13.21,13.3,14.09,13.3,6,0.038961038961039,12.5462449110542,12.7984877249998,0,14.5,0
"WR","Michael Crabtree (7451705)","Michael Crabtree",7451705,6000,"Oak@Ten 01:00PM ET","Oak","Michael","Crabtree","Ten",14.09,14.4,14.44,14.4,2,0.172413793103448,13.4890158934528,13.7060838013726,0,21.2,0
"WR","Emmanuel Sanders (7451763)","Emmanuel Sanders",7451763,6000,"Den@Cin 01:00PM ET","Den","Emmanuel","Sanders","Cin",12.48,12.2,13.21,12.2,2,0.233333333333333,11.6704361856202,11.9973990070497,0,35.7,0
"QB","Jameis Winston (7451544)","Jameis Winston",7451544,6000,"LA@TB 04:05PM ET","TB","Jameis","Winston","LA",18.3,18.2,17.88,18.2,0,0,17.2681667096987,17.6721730972672,1,30.5,0
"WR","Jeremy Maclin (7451809)","Jeremy Maclin",7451809,6000,"NYJ@KC 04:25PM ET","KC","Jeremy","Maclin","NYJ",14.78,14.9,15.24,14.9,1,0.265060240963855,14.0470085216442,14.3245416987352,0,7.5,0
"QB","Tony Romo (7451568)","Tony Romo",7451568,6000,"Chi@Dal 08:30PM ET","Dal","Tony","Romo","Chi",0,0,0,0,0,0,0,0,1,0,0
"QB","Marcus Mariota (7451508)","Marcus Mariota",7451508,5900,"Oak@Ten 01:00PM ET","Ten","Marcus","Mariota","Oak",18.45,17.2,17.93,17.2,0,0,16.8351964743544,17.5216323584543,1,7.8,0
"WR","DeSean Jackson (7451715)","DeSean Jackson",7451715,5900,"Was@NYG 01:00PM ET","Was","DeSean","Jackson","NYG",13.85,13,12.2,13,1,0.197674418604651,12.681970793077,13.1758046917662,0,20.6,0
"WR","Golden Tate (7451753)","Golden Tate",7451753,5900,"Det@GB 01:00PM ET","Det","Golden","Tate","GB",12.48,13.4,12.3,13.4,2,0.228915662650602,12.2703551763909,12.3058567237325,0,7.2,0
"QB","Ryan Fitzpatrick (7451551)","Ryan Fitzpatrick",7451551,5900,"NYJ@KC 04:25PM ET","NYJ","Ryan","Fitzpatrick","KC",16.42,18.5,18.57,18.5,0,0,16.5788861701021,16.4143953008726,1,3.7,0
"QB","Tyrod Taylor (7451501)","Tyrod Taylor",7451501,5800,"Ari@Buf 01:00PM ET","Buf","Tyrod","Taylor","Ari",16.86,16.8,16.93,16.8,0,0,15.9254235536064,16.2898351202787,1,17.4,0
"WR","Michael Floyd (7451695)","Michael Floyd",7451695,5800,"Ari@Buf 01:00PM ET","Ari","Michael","Floyd","Buf",13.31,12,12.78,12,2,0.189189189189189,11.9409741756957,12.5353301042085,0,10.5,0
"TE","Greg Olsen (7451898)","Greg Olsen",7451898,5800,"Min@Car 01:00PM ET","Car","Greg","Olsen","Min",15.99,13.1,14.27,13.1,2,0.243243243243243,13.6872922416691,14.7210144816545,0,12.4,0
"QB","Alex Smith (7451552)","Alex Smith",7451552,5800,"NYJ@KC 04:25PM ET","KC","Alex","Smith","NYJ",16.38,15.5,15.51,15.5,9,0.0120481927710843,15.0612320913182,15.6148490469194,1,13.2,0
"RB","Melvin Gordon (7451671)","Melvin Gordon",7451671,5800,"SD@Ind 04:25PM ET","SD","Melvin","Gordon","Ind",17.72,16.8,15.58,16.8,7,0.0454545454545455,16.3093404935366,16.9004773085692,0,17.8,0
"RB","Ryan Mathews (7451676)","Ryan Mathews",7451676,5800,"Pit@Phi 04:25PM ET","Phi","Ryan","Mathews","Pit",12.4,11.5,13.1,11.5,8,0.0144927536231884,11.2847702372896,11.7606614144926,0,-0.5,0
"RB","Latavius Murray (7451583)","Latavius Murray",7451583,5700,"Oak@Ten 01:00PM ET","Oak","Latavius","Murray","Ten",15.52,12.4,14.08,12.4,5,0.0919540229885057,13.1275244252305,14.2073577571982,0,10.8,0
"QB","Andy Dalton (7451529)","Andy Dalton",7451529,5700,"Den@Cin 01:00PM ET","Cin","Andy","Dalton","Den",18.06,16.2,17.34,16.2,0,0,16.1611621139376,16.9876651293194,1,11.2,0
"RB","Doug Martin (7451640)","Doug Martin",7451640,5700,"LA@TB 04:05PM ET","TB","Doug","Martin","LA",0,0,0,0,6,0.0632911392405063,0,0,0,0,0
"RB","Spencer Ware (7451661)","Spencer Ware",7451661,5700,"NYJ@KC 04:25PM ET","KC","Spencer","Ware","NYJ",12.84,11.1,13.19,11.1,3,0.132530120481928,11.2812198607954,11.970263760305,0,8.3,0
"QB","Dak Prescott (7451571)","Dak Prescott",7451571,5700,"Chi@Dal 08:30PM ET","Dal","Dak","Prescott","Chi",17.62,17.7,17.94,17.7,0,0,16.7146382319715,17.0608156904662,1,23.5,0
"QB","Josh McCown (7451515)","Josh McCown",7451515,5600,"Cle@Mia 01:00PM ET","Cle","Josh","McCown","Mia",0,0,0,0,0,0,0,0,1,0,0
"RB","T.J. Yeldon (7451614)","T.J. Yeldon",7451614,5600,"Bal@Jax 01:00PM ET","Jax","T.J.","Yeldon","Bal",11.48,9.7,10.65,9.7,2,0.181818181818182,9.97418990841759,10.6447297078087,0,4.8,0
"RB","Jamaal Charles (7451657)","Jamaal Charles",7451657,5600,"NYJ@KC 04:25PM ET","KC","Jamaal","Charles","NYJ",0,9.1,0,9.1,11,0,4.54938568001081,2.33913768484495,0,0,0
"QB","Jay Cutler (7451567)","Jay Cutler",7451567,5600,"Chi@Dal 08:30PM ET","Chi","Jay","Cutler","Dal",0,0,14.16,0,0,0,0,0,1,0,0
"WR","Sterling Shepard (7451724)","Sterling Shepard",7451724,5500,"Was@NYG 01:00PM ET","NYG","Sterling","Shepard","Was",14.79,12,13.12,12,2,0.164383561643836,12.6016684444128,13.5862027073131,0,18.3,0
"RB","Arian Foster (7451598)","Arian Foster",7451598,5500,"Cle@Mia 01:00PM ET","Mia","Arian","Foster","Cle",0,0,0,0,5,0.0694444444444444,0,0,0,0,0
"RB","Thomas Rawls (7451652)","Thomas Rawls",7451652,5500,"SF@Sea 04:05PM ET","Sea","Thomas","Rawls","SF",0,0,0,0,5,0.08,0,0,0,0,0
"QB","Carson Wentz (7451566)","Carson Wentz",7451566,5500,"Pit@Phi 04:25PM ET","Phi","Carson","Wentz","Pit",17.23,16.6,18.18,16.6,0,0,15.9906106223239,16.5011436516077,1,24,0
"RB","Danny Woodhead (7451666)","Danny Woodhead",7451666,5400,"SD@Ind 04:25PM ET","SD","Danny","Woodhead","Ind",0,0,0,0,3,0.136363636363636,0,0,0,0,0
"WR","Corey Coleman (7451735)","Corey Coleman",7451735,5300,"Cle@Mia 01:00PM ET","Cle","Corey","Coleman","Mia",0,0,0,0,2,0.2,0,0,0,0,0
"QB","Sam Bradford (7451538)","Sam Bradford",7451538,5300,"Min@Car 01:00PM ET","Min","Sam","Bradford","Car",15.09,13.3,14.9,13.3,9,0,13.3855051983434,14.1333799505651,1,10.6,0
"WR","Allen Hurns (7451744)","Allen Hurns",7451744,5200,"Bal@Jax 01:00PM ET","Jax","Allen","Hurns","Bal",12.82,12.4,12.23,12.4,3,0.170454545454545,11.9222037998684,12.2902253055884,0,8,0
"WR","Travis Benjamin (7451820)","Travis Benjamin",7451820,5200,"SD@Ind 04:25PM ET","SD","Travis","Benjamin","Ind",15.51,17.6,15.57,17.6,1,0.227272727272727,15.7227092347724,15.5369073722624,0,11.2,0
"RB","Jeremy Langford (7451685)","Jeremy Langford",7451685,5200,"Chi@Dal 08:30PM ET","Chi","Jeremy","Langford","Dal",11.41,13.6,12.95,13.6,5,0.11864406779661,11.8926775751721,11.5975138530973,0,6.6,0
"RB","Rashad Jennings (7451590)","Rashad Jennings",7451590,5100,"Was@NYG 01:00PM ET","NYG","Rashad","Jennings","Was",0,0,0,0,7,0.0547945205479452,0,0,0,0,0
"QB","Trevor Siemian (7451532)","Trevor Siemian",7451532,5100,"Den@Cin 01:00PM ET","Den","Trevor","Siemian","Cin",11.23,11.1,13.27,11.1,0,0,10.5624916360424,10.8270847799007,1,32,0
"WR","Stefon Diggs (7451781)","Stefon Diggs",7451781,5100,"Min@Car 01:00PM ET","Min","Stefon","Diggs","Car",16.24,15.7,14.83,15.7,1,0.318181818181818,15.0987204832798,15.5668517985053,0,8,0
"QB","Drew Stanton (7451500)","Drew Stanton",7451500,5000,"Ari@Buf 01:00PM ET","Ari","Drew","Stanton","Buf",0,0,0,0,0,0,0,0,1,0,0
"QB","EJ Manuel (7451502)","EJ Manuel",7451502,5000,"Ari@Buf 01:00PM ET","Buf","EJ","Manuel","Ari",0,0,0,0,0,0,0,0,1,0,0
"QB","Cardale Jones (7451503)","Cardale Jones",7451503,5000,"Ari@Buf 01:00PM ET","Buf","Cardale","Jones","Ari",0,0,0,0,0,0,0,0,1,0,0
"QB","Matt Cassel (7451504)","Matt Cassel",7451504,5000,"Oak@Ten 01:00PM ET","Ten","Matt","Cassel","Oak",0,0,0,0,0,0,0,0,1,0,0
"QB","Matt McGloin (7451505)","Matt McGloin",7451505,5000,"Oak@Ten 01:00PM ET","Oak","Matt","McGloin","Ten",0,0,0,0,0,0,0,0,1,0,0
"QB","Connor Cook (7451507)","Connor Cook",7451507,5000,"Oak@Ten 01:00PM ET","Oak","Connor","Cook","Ten",0,0,0,0,0,0,0,0,1,0,0
"TE","Delanie Walker (7451856)","Delanie Walker",7451856,5000,"Oak@Ten 01:00PM ET","Ten","Delanie","Walker","Oak",0,0,0,0,3,0.146666666666667,0,0,0,0,0
"QB","Josh Johnson (7451510)","Josh Johnson",7451510,5000,"Was@NYG 01:00PM ET","NYG","Josh","Johnson","Was",0,0,0,0,0,0,0,0,1,0,0
"QB","Colt McCoy (7451511)","Colt McCoy",7451511,5000,"Was@NYG 01:00PM ET","Was","Colt","McCoy","NYG",0,0,0,0,0,0,0,0,1,0,0
"QB","Ryan Nassib (7451513)","Ryan Nassib",7451513,5000,"Was@NYG 01:00PM ET","NYG","Ryan","Nassib","Was",0,0,0,0,0,0,0,0,1,0,0
"QB","Nate Sudfeld (7451514)","Nate Sudfeld",7451514,5000,"Was@NYG 01:00PM ET","Was","Nate","Sudfeld","NYG",0,0,0,0,0,0,0,0,1,0,0
"QB","Matt Moore (7451516)","Matt Moore",7451516,5000,"Cle@Mia 01:00PM ET","Mia","Matt","Moore","Cle",0,0,0,0,0,0,0,0,1,0,0
"QB","Cody Kessler (7451518)","Cody Kessler",7451518,5000,"Cle@Mia 01:00PM ET","Cle","Cody","Kessler","Mia",11.67,14.4,12.28,14.4,0,0,12.4086914810911,11.9877650854853,1,10.7,0
"QB","Chad Henne (7451520)","Chad Henne",7451520,5000,"Bal@Jax 01:00PM ET","Jax","Chad","Henne","Bal",0,0,0,0,0,0,0,0,1,0,0
"QB","Ryan Mallett (7451521)","Ryan Mallett",7451521,5000,"Bal@Jax 01:00PM ET","Bal","Ryan","Mallett","Jax",0,0,0,0,0,0,0,0,1,0,0
"QB","Brandon Allen (7451523)","Brandon Allen",7451523,5000,"Bal@Jax 01:00PM ET","Jax","Brandon","Allen","Bal",0,0,0,0,0,0,0,0,1,0,0
"WR","Mike Wallace (7451741)","Mike Wallace",7451741,5000,"Bal@Jax 01:00PM ET","Bal","Mike","Wallace","Jax",13.34,15.75,12.38,10.5,3,0.180555555555556,11.2044678886253,12.1710594300395,0,6.9,1
"QB","Dan Orlovsky (7451524)","Dan Orlovsky",7451524,5000,"Det@GB 01:00PM ET","Det","Dan","Orlovsky","GB",0,0,0,0,0,0,0,0,1,0,0
"QB","Brett Hundley (7451527)","Brett Hundley",7451527,5000,"Det@GB 01:00PM ET","GB","Brett","Hundley","Det",0,0,0,0,0,0,0,0,1,0,0
"QB","Joe Callahan (7451528)","Joe Callahan",7451528,5000,"Det@GB 01:00PM ET","GB","Joe","Callahan","Det",0,0,0,0,0,0,0,0,1,0,0
"QB","Austin Davis (7451530)","Austin Davis",7451530,5000,"Den@Cin 01:00PM ET","Den","Austin","Davis","Cin",0,0,0,0,0,0,0,0,1,0,0
"QB","AJ McCarron (7451531)","AJ McCarron",7451531,5000,"Den@Cin 01:00PM ET","Cin","AJ","McCarron","Den",0,0,0,0,0,0,0,0,1,0,0
"QB","Jeff Driskel (7451533)","Jeff Driskel",7451533,5000,"Den@Cin 01:00PM ET","Cin","Jeff","Driskel","Den",0,0,0,0,0,0,0,0,1,0,0
"QB","Paxton Lynch (7451534)","Paxton Lynch",7451534,5000,"Den@Cin 01:00PM ET","Den","Paxton","Lynch","Cin",0,0,0,0,0,0,0,0,1,0,0
"QB","Derek Anderson (7451535)","Derek Anderson",7451535,5000,"Min@Car 01:00PM ET","Car","Derek","Anderson","Min",0,0,0,0,0,0,0,0,1,0.1,0
"QB","Shaun Hill (7451536)","Shaun Hill",7451536,5000,"Min@Car 01:00PM ET","Min","Shaun","Hill","Car",0,0,0,0,0,0,0,0,1,0,0
"QB","Joe Webb (7451537)","Joe Webb",7451537,5000,"Min@Car 01:00PM ET","Car","Joe","Webb","Min",0,0,0,0,10,0,0,0,1,0,0
"QB","Case Keenum (7451540)","Case Keenum",7451540,5000,"LA@TB 04:05PM ET","LA","Case","Keenum","TB",11.39,13,11.5,13,0,0,11.5837897788582,11.4290840136328,1,14.7,0
"QB","Mike Glennon (7451541)","Mike Glennon",7451541,5000,"LA@TB 04:05PM ET","TB","Mike","Glennon","LA",0,0,0,0,0,0,0,0,1,0,0
"QB","Ryan Griffin (7451542)","Ryan Griffin",7451542,5000,"LA@TB 04:05PM ET","TB","Ryan","Griffin","LA",0,0,0,0,6,0.0597014925373134,0,0,1,0,0
"QB","Sean Mannion (7451543)","Sean Mannion",7451543,5000,"LA@TB 04:05PM ET","LA","Sean","Mannion","TB",0,0,0,0,0,0,0,0,1,0,0
"QB","Jared Goff (7451545)","Jared Goff",7451545,5000,"LA@TB 04:05PM ET","LA","Jared","Goff","TB",0,0,0,0,0,0,0,0,1,0,0
"QB","Colin Kaepernick (7451546)","Colin Kaepernick",7451546,5000,"SF@Sea 04:05PM ET","SF","Colin","Kaepernick","Sea",0,1.1,0,1.1,0,0,0.549925741539768,0.282752906959279,1,0,0
"QB","Christian Ponder (7451547)","Christian Ponder",7451547,5000,"SF@Sea 04:05PM ET","SF","Christian","Ponder","Sea",0,0,0,0,0,0,0,0,1,0,0
"QB","Blaine Gabbert (7451549)","Blaine Gabbert",7451549,5000,"SF@Sea 04:05PM ET","SF","Blaine","Gabbert","Sea",14.52,12.4,12.15,12.4,10,0.0136986301369863,12.6811093788001,13.4973087010464,1,6,0
"QB","Trevone Boykin (7451550)","Trevone Boykin",7451550,5000,"SF@Sea 04:05PM ET","Sea","Trevone","Boykin","SF",0,0,0,0,0,0,0,0,1,5.4,0
"RB","Christine Michael (7451650)","Christine Michael",7451650,5000,"SF@Sea 04:05PM ET","Sea","Christine","Michael","SF",16.12,15.6,13.28,15.6,0,0,14.9951574284772,15.4559411020435,0,28.1,0
"QB","Nick Foles (7451553)","Nick Foles",7451553,5000,"NYJ@KC 04:25PM ET","KC","Nick","Foles","NYJ",0,0,0,0,0,0,0,0,1,0,0
"QB","Bryce Petty (7451554)","Bryce Petty",7451554,5000,"NYJ@KC 04:25PM ET","NYJ","Bryce","Petty","KC",0,0,0,0,0,0,0,0,1,0,0
"QB","Geno Smith (7451555)","Geno Smith",7451555,5000,"NYJ@KC 04:25PM ET","NYJ","Geno","Smith","KC",0,0,0,0,0,0,0,0,1,0,0
"QB","Tyler Bray (7451556)","Tyler Bray",7451556,5000,"NYJ@KC 04:25PM ET","KC","Tyler","Bray","NYJ",0,0,0,0,0,0,0,0,1,0,0
"QB","Christian Hackenberg (7451557)","Christian Hackenberg",7451557,5000,"NYJ@KC 04:25PM ET","NYJ","Christian","Hackenberg","KC",0,0,0,0,0,0,0,0,1,0,0
"QB","Kellen Clemens (7451558)","Kellen Clemens",7451558,5000,"SD@Ind 04:25PM ET","SD","Kellen","Clemens","Ind",0,0,0,0,0,0,0,0,1,0,0
"QB","Scott Tolzien (7451560)","Scott Tolzien",7451560,5000,"SD@Ind 04:25PM ET","Ind","Scott","Tolzien","SD",0,0,0,0,0,0,0,0,1,0,0
"RB","Frank Gore (7451665)","Frank Gore",7451665,5000,"SD@Ind 04:25PM ET","Ind","Frank","Gore","SD",11.92,12,11.94,12,6,0.102272727272727,11.3204572611574,11.5483619161576,0,15.3,0
"QB","Chase Daniel (7451563)","Chase Daniel",7451563,5000,"Pit@Phi 04:25PM ET","Phi","Chase","Daniel","Pit",0,0,0,0,0,0,0,0,1,0,0
"QB","Landry Jones (7451564)","Landry Jones",7451564,5000,"Pit@Phi 04:25PM ET","Pit","Landry","Jones","Phi",0,0,0,0,0,0,0,0,1,0,0
"QB","Zach Mettenberger (7451565)","Zach Mettenberger",7451565,5000,"Pit@Phi 04:25PM ET","Pit","Zach","Mettenberger","Phi",0,0,0,0,0,0,0,0,0,0,0
"QB","Brian Hoyer (7451569)","Brian Hoyer",7451569,5000,"Chi@Dal 08:30PM ET","Chi","Brian","Hoyer","Dal",14.01,16.8,15.9,16.8,0,0,14.6531406712797,14.2661953102462,1,22.4,0
"QB","Mark Sanchez (7451570)","Mark Sanchez",7451570,5000,"Chi@Dal 08:30PM ET","Dal","Mark","Sanchez","Chi",0,1.6,0,1.6,0,0,0.799891987694209,0.411276955577134,1,0,0
"WR","DeVante Parker (7451731)","DeVante Parker",7451731,4900,"Cle@Mia 01:00PM ET","Mia","DeVante","Parker","Cle",12.78,21.15,11.34,14.1,2,0.180555555555556,12.7542324349362,12.6988051086431,0,14.1,1
"RB","Theo Riddick (7451618)","Theo Riddick",7451618,4900,"Det@GB 01:00PM ET","Det","Theo","Riddick","GB",14.37,13.9,15.53,13.9,5,0.120481927710843,13.3640458602989,13.7763734884772,0,11.8,0
"RB","Charles Sims (7451643)","Charles Sims",7451643,4900,"LA@TB 04:05PM ET","TB","Charles","Sims","LA",13.14,16,13.49,16,5,0.0886075949367089,13.8648135870381,13.4428141536055,0,24.4,0
"WR","John Brown (7451697)","John Brown",7451697,4800,"Ari@Buf 01:00PM ET","Ari","John","Brown","Buf",9.96,9.2,10.8,9.2,4,0.108108108108108,9.04567279168888,9.43693109384011,0,13,0
"RB","Jonathan Stewart (7451633)","Jonathan Stewart",7451633,4800,"Min@Car 01:00PM ET","Car","Jonathan","Stewart","Min",0,0,0,0,7,0.0540540540540541,0,0,0,0,0
"WR","Quincy Enunwa (7451810)","Quincy Enunwa",7451810,4800,"NYJ@KC 04:25PM ET","NYJ","Quincy","Enunwa","KC",9.92,8.8,8.91,8.8,3,0.191780821917808,8.82784319290811,9.30570989269976,0,7.7,0
"WR","Tajae Sharpe (7451711)","Tajae Sharpe",7451711,4700,"Oak@Ten 01:00PM ET","Ten","Tajae","Sharpe","Oak",14.03,12.8,13.02,12.8,1,0.253333333333333,12.6623390029727,13.2522039024264,0,7.8,0
"WR","Victor Cruz (7451714)","Victor Cruz",7451714,4700,"Was@NYG 01:00PM ET","NYG","Victor","Cruz","Was",10.38,8.7,10.5,8.7,2,0.164383561643836,8.98320086503523,9.606627648806,0,10,0
"RB","Isaiah Crowell (7451602)","Isaiah Crowell",7451602,4700,"Cle@Mia 01:00PM ET","Cle","Isaiah","Crowell","Mia",10.5,13.1,11.37,13.1,6,0.0666666666666667,11.236473636766,10.8228451633813,0,7.9,0
"TE","Travis Kelce (7451924)","Travis Kelce",7451924,4700,"NYJ@KC 04:25PM ET","KC","Travis","Kelce","NYJ",12.74,12.3,11.86,12.3,2,0.168674698795181,11.836497346923,12.2077165713727,0,20.9,0
"TE","Julius Thomas (7451878)","Julius Thomas",7451878,4600,"Bal@Jax 01:00PM ET","Jax","Julius","Thomas","Bal",12.85,9.5,12.62,9.5,4,0.147727272727273,10.4857920235655,11.5660872952894,0,3.3,0
"RB","Ameer Abdullah (7451621)","Ameer Abdullah",7451621,4600,"Det@GB 01:00PM ET","Det","Ameer","Abdullah","GB",0,0,0,0,6,0.0602409638554217,0,0,0,0,0
"TE","Antonio Gates (7451930)","Antonio Gates",7451930,4600,"SD@Ind 04:25PM ET","SD","Antonio","Gates","Ind",0,0,0,0,3,0.136363636363636,0,0,0,0,0
"WR","Markus Wheaton (7451830)","Markus Wheaton",7451830,4600,"Pit@Phi 04:25PM ET","Pit","Markus","Wheaton","Phi",10.26,9.5,8.06,9.5,10,0,9.32957705331068,9.72706023985636,0,1.2,0
"TE","Tyler Eifert (7451894)","Tyler Eifert",7451894,4500,"Den@Cin 01:00PM ET","Cin","Tyler","Eifert","Den",0,0,0,0,10,0,0,0,0,0,0
"RB","Carlos Hyde (7451651)","Carlos Hyde",7451651,4400,"SF@Sea 04:05PM ET","SF","Carlos","Hyde","Sea",10.98,10.4,10.79,10.4,4,0.0821917808219178,10.1009351298186,10.4696388477978,0,28.5,0
"WR","Phillip Dorsett (7451824)","Phillip Dorsett",7451824,4400,"SD@Ind 04:25PM ET","Ind","Phillip","Dorsett","SD",12.56,11.9,12.97,11.9,3,0.113636363636364,11.556169641642,11.9770885023711,0,5.7,0
"RB","Giovani Bernard (7451625)","Giovani Bernard",7451625,4300,"Den@Cin 01:00PM ET","Cin","Giovani","Bernard","Den",10.6,12,12.78,12,2,0.183908045977011,10.7311893998692,10.6110971620372,0,9.4,0
"WR","Torrey Smith (7451797)","Torrey Smith",7451797,4300,"SF@Sea 04:05PM ET","SF","Torrey","Smith","Sea",11.06,11,7.13,11,2,0.219178082191781,10.4366078289183,10.6806716306313,0,6.5,0
"WR","Tyrell Williams (7451826)","Tyrell Williams",7451826,4300,"SD@Ind 04:25PM ET","SD","Tyrell","Williams","Ind",13.32,13.1,12.59,13.1,2,0.166666666666667,12.4953640676998,12.8251835017293,0,12.9,0
"TE","Jason Witten (7451942)","Jason Witten",7451942,4300,"Chi@Dal 08:30PM ET","Dal","Jason","Witten","Chi",10.41,11.9,11.31,11.9,2,0.233766233766234,10.5963772918166,10.4504830316448,0,4.5,0
"RB","Duke Johnson Jr. (7451605)","Duke Johnson",7451605,4200,"Cle@Mia 01:00PM ET","Cle","Duke","Johnson","Mia",9.02,11.3,10.56,11.3,3,0.183333333333333,9.67590088189292,9.30928598525244,0,13.1,0
"WR","Anquan Boldin (7451750)","Anquan Boldin",7451750,4200,"Det@GB 01:00PM ET","Det","Anquan","Boldin","GB",9.55,8.2,8.55,8.2,3,0.144578313253012,8.36271013034352,8.88876288358218,0,12.2,0
"WR","Tyler Lockett (7451805)","Tyler Lockett",7451805,4200,"SF@Sea 04:05PM ET","Sea","Tyler","Lockett","SF",12.2,13.8,11.54,13.8,2,0.213333333333333,12.3453319603139,12.2098622269043,0,0,0
"RB","Matt Jones (7451597)","Matt Jones",7451597,4100,"Was@NYG 01:00PM ET","Was","Matt","Jones","NYG",10.34,11.8,11.2,11.8,8,0.0232558139534884,10.5151349893355,10.3750747879906,0,9.9,0
"WR","Steve Smith Sr. (7451738)","Steve Smith",7451738,4100,"Bal@Jax 01:00PM ET","Bal","Steve","Smith","Jax",11.28,11.6,10.25,11.6,2,0.194444444444444,10.8347786345184,10.9911112813261,0,16.7,0
"WR","Davante Adams (7451758)","Davante Adams",7451758,4100,"Det@GB 01:00PM ET","GB","Davante","Adams","Det",10.06,9.5,9.2,9.5,3,0.207792207792208,9.24029404402459,9.585050428626,0,10.3,0
"WR","Devin Funchess (7451782)","Devin Funchess",7451782,4100,"Min@Car 01:00PM ET","Car","Devin","Funchess","Min",7.72,6.6,7.77,6.6,3,0.108108108108108,6.74587860768161,7.17809615524731,0,0,0
"WR","Tavon Austin (7451789)","Tavon Austin",7451789,4100,"LA@TB 04:05PM ET","LA","Tavon","Austin","TB",11.6,13.7,9.86,13.7,1,0.328125,12.0274896832248,11.7581279834897,0,21.4,0
"RB","Jay Ajayi (7451601)","Jay Ajayi",7451601,4000,"Cle@Mia 01:00PM ET","Mia","Jay","Ajayi","Cle",6.62,9.2,10.05,10.1378947674465,6,0.0555555555555556,7.55464653661121,7.06536724629321,0,8.8,0
"TE","Gary Barnidge (7451869)","Gary Barnidge",7451869,4000,"Cle@Mia 01:00PM ET","Cle","Gary","Barnidge","Mia",9.3,9.7,9.06,4.21248217057057,4,0.116666666666667,9.00100510719923,9.0968227653978,0,13.6,0
"RB","James Starks (7451616)","James Starks",7451616,4000,"Det@GB 01:00PM ET","GB","James","Starks","Det",6.72,6.9,5.69,5.84045974964032,7,0.025974025974026,6.44944330894383,6.54516152826626,0,1.8,0
"WR","Kevin White (7451847)","Kevin White",7451847,4000,"Chi@Dal 08:30PM ET","Chi","Kevin","White","Dal",8.9,11.6,9.95,11.6,2,0.220338983050847,9.77231082401393,9.30119452768494,0,12.2,0
"WR","Pierre Garcon (7451717)","Pierre Garcon",7451717,3900,"Was@NYG 01:00PM ET","Was","Pierre","Garcon","NYG",9.61,9.7,7.99,8.75159393238294,4,0.13953488372093,9.13939377159267,9.31693797280485,0,10.9,0
"RB","Justin Forsett (7451607)","Justin Forsett",7451607,3900,"Bal@Jax 01:00PM ET","Bal","Justin","Forsett","Jax",10.31,12.6,11.16,14.3961242654655,9,0,10.9016885317897,10.5594117940946,0,9.2,0
"RB","Chris Ivory (7451608)","Chris Ivory",7451608,3900,"Bal@Jax 01:00PM ET","Jax","Chris","Ivory","Bal",9.8,8,6.75,8,11,0,8.37432739348935,9.01486552817298,0,3.3,0
"WR","Vincent Jackson (7451785)","Vincent Jackson",7451785,3900,"LA@TB 04:05PM ET","TB","Vincent","Jackson","LA",11,14,9.05,15.2377680186072,2,0.189873417721519,11.9096204030592,11.4092129789694,0,6.7,0
"WR","Kenny Britt (7451786)","Kenny Britt",7451786,3900,"LA@TB 04:05PM ET","LA","Kenny","Britt","TB",9.33,9.6,7.66,8.67875875596776,2,0.25,8.96440430936125,9.09241942735878,0,6.8,0
"WR","Eli Rogers (7451834)","Eli Rogers",7451834,3900,"Pit@Phi 04:25PM ET","Pit","Eli","Rogers","Phi",8.79,6.2,10.01,5.45335236459401,4,0.126760563380282,7.02356971043862,7.83502940643542,0,5.2,0
"TE","Zach Ertz (7451938)","Zach Ertz",7451938,3900,"Pit@Phi 04:25PM ET","Phi","Zach","Ertz","Pit",0,0,0,0,3,0.115942028985507,0,0,0,0,0
"WR","Jamison Crowder (7451723)","Jamison Crowder",7451723,3800,"Was@NYG 01:00PM ET","Was","Jamison","Crowder","NYG",10.88,8.9,8.15,12.9435686407669,1,0.197674418604651,9.30639488671222,10.013061796329,0,17.8,0
"RB","Fozzy Whittaker (7451634)","Fozzy Whittaker",7451634,3800,"Min@Car 01:00PM ET","Car","Fozzy","Whittaker","Min",8.9,5.8,11.23,4.97576538205141,6,0.0675675675675676,6.87270236862242,7.81031556371783,0,10.6,0
"RB","Jerick McKinnon (7451637)","Jerick McKinnon",7451637,3800,"Min@Car 01:00PM ET","Min","Jerick","McKinnon","Car",11.16,12.7,11.36,11.609486891773,6,0.0454545454545455,11.3311345704865,11.1886583015472,0,7.7,0
"TE","Dwayne Allen (7451932)","Dwayne Allen",7451932,3800,"SD@Ind 04:25PM ET","Ind","Dwayne","Allen","SD",10.82,9.8,10.96,11.1855978257387,2,0.125,9.72954922700439,10.2018021404721,0,6.5,0
"WR","Sammie Coates (7451833)","Sammie Coates",7451833,3800,"Pit@Phi 04:25PM ET","Pit","Sammie","Coates","Phi",7.61,5.1,8.42,4.09873121446282,5,0.0985915492957746,5.94687421411094,6.71441861321706,0,8,0
"RB","Derrick Henry (7451589)","Derrick Henry",7451589,3700,"Oak@Ten 01:00PM ET","Ten","Derrick","Henry","Oak",6.75,7.4,9.57,7.82749065301457,7,0.04,6.71280200649118,6.69498704856867,0,4.5,0
"RB","Shane Vereen (7451591)","Shane Vereen",7451591,3700,"Was@NYG 01:00PM ET","NYG","Shane","Vereen","Was",11.4,0,12.81,0,4,0.123287671232877,5.08913152930701,8.09455924013014,0,16.5,0
"TE","Eric Ebron (7451886)","Eric Ebron",7451886,3700,"Det@GB 01:00PM ET","Det","Eric","Ebron","GB",12.51,9.8,10,8.4884193052055,3,0.144578313253012,10.4839906554718,11.4017850453685,0,11.9,0
"RB","Jeremy Hill (7451628)","Jeremy Hill",7451628,3700,"Den@Cin 01:00PM ET","Cin","Jeremy","Hill","Den",8.62,9.8,10.98,5.78576082942027,6,0.0574712643678161,8.74743612485742,8.63969421693817,0,21.7,0
"WR","Ted Ginn Jr. (7451773)","Ted Ginn",7451773,3700,"Min@Car 01:00PM ET","Car","Ted","Ginn","Min",7.16,6.7,7.57,4.30742795979515,5,0.0810810810810811,6.54587943091145,6.8061734935259,0,9.7,0
"RB","Darren Sproles (7451674)","Darren Sproles",7451674,3700,"Pit@Phi 04:25PM ET","Phi","Darren","Sproles","Pit",8.98,10.2,9.77,10.2,4,0.101449275362319,9.10811853849593,8.99813111604709,0,27.7,0
"RB","Alfred Morris (7451682)","Alfred Morris",7451682,3700,"Chi@Dal 08:30PM ET","Dal","Alfred","Morris","Chi",5.96,4.1,5.75,4.37199128050394,9,0.012987012987013,4.71035689519183,5.28578957333093,0,9.1,0
"RB","Andre Ellington (7451576)","Andre Ellington",7451576,3600,"Ari@Buf 01:00PM ET","Ari","Andre","Ellington","Buf",0,3.9,4.13,4.95174845258158,8,0.0405405405405405,1.94973672000463,1.00248757921926,0,0,0
"RB","Jalen Richard (7451588)","Jalen Richard",7451588,3600,"Oak@Ten 01:00PM ET","Oak","Jalen","Richard","Ten",0,3.1,0,17.3167526967224,6,0.0459770114942529,1.54979072615753,0.796849101430697,0,5.1,0
"RB","Kenyan Drake (7451606)","Kenyan Drake",7451606,3600,"Cle@Mia 01:00PM ET","Mia","Kenyan","Drake","Cle",9.85,10.4,9.41,9.36165601989857,7,0.0277777777777778,9.59648612735219,9.66728341434627,0,6.8,0
"WR","Kenny Stills (7451729)","Kenny Stills",7451729,3600,"Cle@Mia 01:00PM ET","Mia","Kenny","Stills","Cle",8.29,9.6,7.64,13.9673761366626,3,0.138888888888889,8.5001326610736,8.35396840896095,0,12.6,0
"RB","Dwayne Washington (7451623)","Dwayne Washington",7451623,3600,"Det@GB 01:00PM ET","Det","Dwayne","Washington","GB",7.36,6.7,8.11,4.52986386832877,9,0,6.63516244019754,6.94818330475625,0,4.5,0
"WR","Dontrelle Inman (7451819)","Dontrelle Inman",7451819,3600,"SD@Ind 04:25PM ET","SD","Dontrelle","Inman","Ind",4.74,9.5,8.99,0.994324144441178,5,0.121212121212121,6.86536599701465,5.80758944989861,0,6.2,0
"RB","Chris Johnson (7451574)","Chris Johnson",7451574,3500,"Ari@Buf 01:00PM ET","Ari","Chris","Johnson","Buf",5.28,2.9,5.46,4.40680494093076,11,0,3.80687567284848,4.49449849846488,0,0.5,0
"WR","Seth Roberts (7451712)","Seth Roberts",7451712,3500,"Oak@Ten 01:00PM ET","Oak","Seth","Roberts","Ten",7.64,6.6,6,5.01102518196864,4,0.114942528735632,6.71016540396717,7.12129223075517,0,10.7,0
"RB","Terrance West (7451612)","Terrance West",7451612,3500,"Bal@Jax 01:00PM ET","Bal","Terrance","West","Jax",7.97,10.5,8.93,15.4968101284094,5,0.0694444444444444,8.80721908929385,8.35809599850452,0,6.3,0
"WR","Tyler Boyd (7451772)","Tyler Boyd",7451772,3500,"Den@Cin 01:00PM ET","Cin","Tyler","Boyd","Den",9.72,7.8,7.37,8.88925475943751,5,0.126436781609195,8.23862769131314,8.9066519842337,0,4.8,0
"RB","Charcandrick West (7451663)","Charcandrick West",7451663,3500,"NYJ@KC 04:25PM ET","KC","Charcandrick","West","NYJ",8.46,2.5,5.87,2.67185777271501,5,0.0963855421686747,5.02650252357372,6.64963525813322,0,4.1,0
"WR","Nelson Agholor (7451837)","Nelson Agholor",7451837,3500,"Pit@Phi 04:25PM ET","Phi","Nelson","Agholor","Pit",9.03,8.4,6.72,8.4,2,0.173913043478261,8.23056080466147,8.5709469938304,0,5.1,0
"TE","Jesse James (7451941)","Jesse James",7451941,3500,"Pit@Phi 04:25PM ET","Pit","Jesse","James","Phi",9.64,9.3,9.37,4.27603922025025,3,0.169014084507042,8.95281322606203,9.23542020559512,0,3,0
"WR","Eddie Royal (7451838)","Eddie Royal",7451838,3500,"Chi@Dal 08:30PM ET","Chi","Eddie","Royal","Dal",9.06,9.4,10.79,9.4,3,0.203389830508475,8.74388574836326,8.84929656275067,0,5.1,0
"RB","DeAndre Washington (7451587)","DeAndre Washington",7451587,3400,"Oak@Ten 01:00PM ET","Oak","DeAndre","Washington","Ten",6.18,5.2,6.16,4.30769806460886,9,0.0229885057471264,5.3584939469463,5.7247532726436,0,7.2,0
"WR","Andre Johnson (7451703)","Andre Johnson",7451703,3400,"Oak@Ten 01:00PM ET","Ten","Andre","Johnson","Oak",5.64,2,5.21,0.136107069942365,3,0.146666666666667,3.51764584648544,4.51877287116738,0,0,0
"RB","Chris Thompson (7451593)","Chris Thompson",7451593,3400,"Was@NYG 01:00PM ET","Was","Chris","Thompson","NYG",8.84,7.9,8.08,10.4949102577436,5,0.0697674418604651,7.89577569968524,8.30751362454371,0,2.6,0
"WR","Terrelle Pryor Sr. (7451727)","Terrelle Pryor",7451727,3400,"Cle@Mia 01:00PM ET","Cle","Terrelle","Pryor","Mia",11.78,14.1,8.89,13.5458704949657,1,0.283333333333333,12.3078173885058,11.9887560524913,0,34.9,0
"TE","Dennis Pitta (7451876)","Dennis Pitta",7451876,3400,"Bal@Jax 01:00PM ET","Bal","Dennis","Pitta","Jax",12.38,10.7,10.76,4.75459855744973,1,0.222222222222222,10.8758959425139,11.540821955581,0,10.2,0
"WR","Brandon LaFell (7451762)","Brandon LaFell",7451762,3400,"Den@Cin 01:00PM ET","Cin","Brandon","LaFell","Den",9.14,6.9,7.3,0,3,0.149425287356322,7.52976772130549,8.26348024415354,0,5.2,0
"RB","Benny Cunningham (7451642)","Benny Cunningham",7451642,3400,"LA@TB 04:05PM ET","LA","Benny","Cunningham","TB",3.17,5.6,4.66,6.77572426011895,6,0.046875,4.21475765411422,3.69032485252107,0,4.9,0
"RB","Shaun Draughn (7451647)","Shaun Draughn",7451647,3400,"SF@Sea 04:05PM ET","SF","Shaun","Draughn","Sea",5.03,6.5,5.52,6.72659662047234,7,0.0410958904109589,5.49502888355283,5.24235938447549,0,2.2,0
"WR","Jeremy Kerley (7451799)","Jeremy Kerley",7451799,3400,"SF@Sea 04:05PM ET","SF","Jeremy","Kerley","Sea",11.01,7.7,7.77,7.34729092118076,1,0.246575342465753,8.76450985197752,9.79691045694591,0,4.4,0
"WR","Jermaine Kearse (7451800)","Jermaine Kearse",7451800,3400,"SF@Sea 04:05PM ET","Sea","Jermaine","Kearse","SF",9.7,10.3,6.79,12.0700325884162,3,0.186666666666667,9.47953062115673,9.53507124619993,0,3.1,0
"RB","Bilal Powell (7451659)","Bilal Powell",7451659,3400,"NYJ@KC 04:25PM ET","NYJ","Bilal","Powell","KC",6.36,5.5,7.35,5.5,5,0.0821917808219178,5.58882840299644,5.92967653192163,0,12.1,0
"RB","Mike Gillislee (7451578)","Mike Gillislee",7451578,3300,"Ari@Buf 01:00PM ET","Buf","Mike","Gillislee","Ari",3.68,1.3,5.19,1.3,7,0.0576923076923077,2.29271961086556,2.94714305304492,0,2,0
"WR","Jaron Brown (7451696)","Jaron Brown",7451696,3300,"Ari@Buf 01:00PM ET","Ari","Jaron","Brown","Buf",5.05,2.4,0,1.45885150390495,7,0.0540540540540541,3.45423396601503,4.20266316693212,0,7.9,0
"WR","Rishard Matthews (7451708)","Rishard Matthews",7451708,3300,"Oak@Ten 01:00PM ET","Ten","Rishard","Matthews","Oak",8.93,11.2,7.41,9.39484424319315,5,0.12,9.58573027848329,9.21967676047521,0,6.2,0
"RB","C.J. Prosise (7451654)","C.J. Prosise",7451654,3300,"SF@Sea 04:05PM ET","Sea","C.J.","Prosise","SF",0,0,0,0,8,0.0133333333333333,0,0,0,0,0
"RB","Jordan Howard (7451691)","Jordan Howard",7451691,3300,"Chi@Dal 08:30PM ET","Chi","Jordan","Howard","Dal",5.85,6.9,4.9,6.9,6,0.0338983050847458,6.06106221854935,5.92741884941422,0,13.2,0
"WR","Terrance Williams (7451842)","Terrance Williams",7451842,3300,"Chi@Dal 08:30PM ET","Dal","Terrance","Williams","Chi",5.03,5.6,6.16,4.9320325047847,4,0.0649350649350649,5.04508964047484,5.01101609696335,0,11.8,0
"RB","Reggie Bush (7451572)","Reggie Bush",7451572,3200,"Ari@Buf 01:00PM ET","Buf","Reggie","Bush","Ari",0,3.4,3.82,3.4,8,0.0192307692307692,1.69977047385019,0.873963530601409,0,0,0
"WR","Robert Woods (7451700)","Robert Woods",7451700,3200,"Ari@Buf 01:00PM ET","Buf","Robert","Woods","Ari",8.91,11.1,7.28,11.1,4,0.134615384615385,9.52680872832379,9.1797709696286,0,11.1,0
"WR","Jeff Janis (7451760)","Jeff Janis",7451760,3200,"Det@GB 01:00PM ET","GB","Jeff","Janis","Det",0,0,0,0,11,0,0,0,0,0,0
"WR","Adam Thielen (7451783)","Adam Thielen",7451783,3200,"Min@Car 01:00PM ET","Min","Adam","Thielen","Car",9.02,6,0,13.8812851006215,3,0.151515151515152,7.02625867265585,7.94693106990318,0,5.9,0
"WR","Darrius Heyward-Bey (7451828)","Darrius Heyward-Bey",7451828,3200,"Pit@Phi 04:25PM ET","Pit","Darrius","Heyward-Bey","Phi",3.25,2.2,5.32,6.74249019387163,7,0.028169014084507,2.55070038397847,2.8731652464118,0,0,0
"WR","Dorial Green-Beckham (7451835)","Dorial Green-Beckham",7451835,3200,"Pit@Phi 04:25PM ET","Phi","Dorial","Green-Beckham","Pit",6.94,5.9,5.69,5.9,6,0.0869565217391304,6.04772212684965,6.44432422338394,0,6.3,0
"WR","Cole Beasley (7451843)","Cole Beasley",7451843,3200,"Chi@Dal 08:30PM ET","Dal","Cole","Beasley","Chi",11.24,10.1,10.5,9.30196910851887,1,0.25974025974026,10.0670232941978,10.5771371732265,0,14.3,0
"WR","Kamar Aiken (7451743)","Kamar Aiken",7451743,3100,"Bal@Jax 01:00PM ET","Bal","Kamar","Aiken","Jax",3.41,6.4,7.98,6.26672063056104,8,0.0555555555555556,4.72184325910463,4.06637510378606,0,1.5,0
"WR","Laquon Treadwell (7451784)","Laquon Treadwell",7451784,3100,"Min@Car 01:00PM ET","Min","Laquon","Treadwell","Car",0,1.8,0,1.8,9,0,0.899878486155985,0.462686575024275,0,0,0
"TE","Kyle Rudolph (7451902)","Kyle Rudolph",7451902,3100,"Min@Car 01:00PM ET","Min","Kyle","Rudolph","Car",9.47,10.3,9.77,11.2462201515792,2,0.257575757575758,9.37685516047773,9.37175996328503,0,20,0
"WR","Quinton Patton (7451803)","Quinton Patton",7451803,3100,"SF@Sea 04:05PM ET","SF","Quinton","Patton","Sea",7.22,6.5,6.22,5.28535789765436,3,0.150684931506849,6.4726778352355,6.79736681744786,0,1.8,0
"WR","Chris Conley (7451812)","Chris Conley",7451812,3100,"NYJ@KC 04:25PM ET","KC","Chris","Conley","NYJ",5.5,5.8,5.48,3.48098417865098,3,0.132530120481928,5.35489121075893,5.39614877280183,0,7.4,0
"RB","Ka'Deem Carey (7451687)","Ka'Deem Carey",7451687,3100,"Chi@Dal 08:30PM ET","Chi","Ka'Deem","Carey","Dal",4.69,0,3.97,0,7,0.0169491525423729,2.09368656775876,3.33013007335179,0,0,0
"RB","Jerome Felton (7451573)","Jerome Felton",7451573,3000,"Ari@Buf 01:00PM ET","Buf","Jerome","Felton","Ari",0,0,0,0,10,0,0,0,0,0,0
"RB","Stepfan Taylor (7451577)","Stepfan Taylor",7451577,3000,"Ari@Buf 01:00PM ET","Ari","Stepfan","Taylor","Buf",0,0,0,0,0,0,0,0,0,0,0
"RB","Jonathan Williams (7451580)","Jonathan Williams",7451580,3000,"Ari@Buf 01:00PM ET","Buf","Jonathan","Williams","Ari",0,0,0,0,10,0,0,0,0,0.2,0
"WR","Brandon Tate (7451693)","Brandon Tate",7451693,3000,"Ari@Buf 01:00PM ET","Buf","Brandon","Tate","Ari",0,0,0,0,10,0,0,0,0,0,0
"WR","Greg Salas (7451694)","Greg Salas",7451694,3000,"Ari@Buf 01:00PM ET","Buf","Greg","Salas","Ari",0,0,0,0,5,0.115384615384615,0,0,0,0,1
"WR","Marquise Goodwin (7451698)","Marquise Goodwin",7451698,3000,"Ari@Buf 01:00PM ET","Buf","Marquise","Goodwin","Ari",7.36,18.45,0,12.3,6,0.0961538461538462,9.43478439712727,8.38765264927622,0,1.6,1
"WR","Walt Powell (7451699)","Walt Powell",7451699,3000,"Ari@Buf 01:00PM ET","Buf","Walt","Powell","Ari",0,5.2,0,5.2,10,0,2.59964896000618,1.33665010562568,0,5.8,0
"WR","J.J. Nelson (7451701)","J.J. Nelson",7451701,3000,"Ari@Buf 01:00PM ET","Ari","J.J.","Nelson","Buf",0,4.4,0,4.4,9,0.027027027027027,2.19970296615907,1.13101162783712,0,0,0
"RB","Taiwan Jones (7451582)","Taiwan Jones",7451582,3000,"Oak@Ten 01:00PM ET","Oak","Taiwan","Jones","Ten",0,0,0,0,9,0.0229885057471264,0,0,0,0,0
"RB","Jalston Fowler (7451584)","Jalston Fowler",7451584,3000,"Oak@Ten 01:00PM ET","Ten","Jalston","Fowler","Oak",0,0,0,0,10,0,0,0,0,2.4,0
"RB","Jamize Olawale (7451585)","Jamize Olawale",7451585,3000,"Oak@Ten 01:00PM ET","Oak","Jamize","Olawale","Ten",0,0,0,0,9,0.0229885057471264,0,0,0,0,0
"RB","Antonio Andrews (7451586)","Antonio Andrews",7451586,3000,"Oak@Ten 01:00PM ET","Ten","Antonio","Andrews","Oak",0,0,0,0,0,0,0,0,0,0,0
"WR","Harry Douglas (7451704)","Harry Douglas",7451704,3000,"Oak@Ten 01:00PM ET","Ten","Harry","Douglas","Oak",5.08,1.5,4.64,3.96691085305129,6,0.0533333333333333,3.01768717432995,3.99262135110454,0,4,0
"WR","Marc Mariani (7451706)","Marc Mariani",7451706,3000,"Oak@Ten 01:00PM ET","Ten","Marc","Mariani","Oak",0,0,0,0,0,0,0,0,0,0,0
"WR","Kendall Wright (7451707)","Kendall Wright",7451707,3000,"Oak@Ten 01:00PM ET","Ten","Kendall","Wright","Oak",0,5.8,0,7.11443111616943,10,0,2.89960845539151,1.49087896396711,0,0,0
"WR","Andre Holmes (7451709)","Andre Holmes",7451709,3000,"Oak@Ten 01:00PM ET","Oak","Andre","Holmes","Ten",4.08,2.4,0,2.66945399608504,6,0.0459770114942529,3.02121137097751,3.51391558246491,0,1.8,0
"WR","Johnny Holton (7451713)","Johnny Holton",7451713,3000,"Oak@Ten 01:00PM ET","Oak","Johnny","Holton","Ten",0,1.4,0,1.4,12,0.0114942528735632,0.699905489232433,0.359867336129992,0,0.2,0
"RB","Bobby Rainey (7451592)","Bobby Rainey",7451592,3000,"Was@NYG 01:00PM ET","NYG","Bobby","Rainey","Was",0,0,0,0,9,0,0,0,0,3.4,0
"RB","Orleans Darkwa (7451594)","Orleans Darkwa",7451594,3000,"Was@NYG 01:00PM ET","NYG","Orleans","Darkwa","Was",6.98,5.8,4.83,6.89791453483676,8,0.0136986301369863,6.01558547947598,6.44702137590644,0,13.2,0
"RB","Rob Kelley (7451595)","Rob Kelley",7451595,3000,"Was@NYG 01:00PM ET","Was","Rob","Kelley","NYG",0,1.9,0,1.9,11,0,0.949871735386873,0.488391384747846,0,0.7,0
"RB","Paul Perkins (7451596)","Paul Perkins",7451596,3000,"Was@NYG 01:00PM ET","NYG","Paul","Perkins","Was",0,4.2,0,4.2,9,0,2.0997164676973,1.07960200838998,0,0,0
"WR","Dwayne Harris (7451716)","Dwayne Harris",7451716,3000,"Was@NYG 01:00PM ET","NYG","Dwayne","Harris","Was",0,1.5,0,1.5,9,0,0.749898738463321,0.385572145853563,0,0,0
"WR","Tavarres King (7451718)","Tavarres King",7451718,3000,"Was@NYG 01:00PM ET","NYG","Tavarres","King","Was",0,0,0,0,9,0,0,0,0,0,0
"WR","Ryan Grant (7451719)","Ryan Grant",7451719,3000,"Was@NYG 01:00PM ET","Was","Ryan","Grant","NYG",0,0,0,0,8,0.0232558139534884,0,0,0,0,0
"WR","Josh Doctson (7451721)","Josh Doctson",7451721,3000,"Was@NYG 01:00PM ET","Was","Josh","Doctson","NYG",0,7.7,7.15,7.7,5,0.0697674418604651,3.84948019077838,1.97927034871496,0,0,0
"WR","Rashad Ross (7451722)","Rashad Ross",7451722,3000,"Was@NYG 01:00PM ET","Was","Rashad","Ross","NYG",0,0,0,0,11,0,0,0,0,0,0
"WR","Roger Lewis (7451725)","Roger Lewis",7451725,3000,"Was@NYG 01:00PM ET","NYG","Roger","Lewis","Was",0,0,0,0,9,0,0,0,0,0,0
"RB","Isaiah Pead (7451599)","Isaiah Pead",7451599,3000,"Cle@Mia 01:00PM ET","Mia","Isaiah","Pead","Cle",0,0,0,0,11,0,0,0,0,1.7,0
"RB","Malcolm Johnson (7451600)","Malcolm Johnson",7451600,3000,"Cle@Mia 01:00PM ET","Cle","Malcolm","Johnson","Mia",0,0,0,0,7,0.0333333333333333,0,0,0,1.3,0
"RB","George Atkinson III (7451603)","George Atkinson III",7451603,3000,"Cle@Mia 01:00PM ET","Cle","George","Atkinson III","Mia",0,0,0,0,0,0,0,0,0,0,0
"RB","Damien Williams (7451604)","Damien Williams",7451604,3000,"Cle@Mia 01:00PM ET","Mia","Damien","Williams","Cle",0,0,0,0,7,0.0277777777777778,0,0,0,11.5,0
"WR","Andrew Hawkins (7451726)","Andrew Hawkins",7451726,3000,"Cle@Mia 01:00PM ET","Cle","Andrew","Hawkins","Mia",6.21,9.2,0,12.009994463558,5,0.1,7.37161636757473,6.77424713327099,0,3.5,0
"WR","Justin Hunter (7451728)","Justin Hunter",7451728,3000,"Cle@Mia 01:00PM ET","Mia","Justin","Hunter","Cle",0,0,0,0,10,0,0,0,0,0,0
"WR","Jakeem Grant (7451732)","Jakeem Grant",7451732,3000,"Cle@Mia 01:00PM ET","Mia","Jakeem","Grant","Cle",0,0,0,0,11,0,0,0,0,0,0
"WR","Jordan Payton (7451733)","Jordan Payton",7451733,3000,"Cle@Mia 01:00PM ET","Cle","Jordan","Payton","Mia",0,0,0,0,9,0,0,0,0,0,0
"WR","Ricardo Louis (7451734)","Ricardo Louis",7451734,3000,"Cle@Mia 01:00PM ET","Cle","Ricardo","Louis","Mia",0,3.8,0,3.81668580813201,9,0,1.89974347077375,0.976782769495693,0,7,0
"WR","Leonte Carroo (7451736)","Leonte Carroo",7451736,3000,"Cle@Mia 01:00PM ET","Mia","Leonte","Carroo","Cle",0,3.1,0,3.1,7,0.0277777777777778,1.54979072615753,0.796849101430697,0,0,0
"WR","Rashard Higgins (7451737)","Rashard Higgins",7451737,3000,"Cle@Mia 01:00PM ET","Cle","Rashard","Higgins","Mia",5.3,6.5,0,6.5,8,0.0166666666666667,5.61556094608905,5.43407262963647,0,0,0
"RB","Kyle Juszczyk (7451609)","Kyle Juszczyk",7451609,3000,"Bal@Jax 01:00PM ET","Bal","Kyle","Juszczyk","Jax",0,2.6,3.25,2.6,5,0.0694444444444444,1.29982448000309,0.668325052812842,0,1.2,0
"RB","Denard Robinson (7451610)","Denard Robinson",7451610,3000,"Bal@Jax 01:00PM ET","Jax","Denard","Robinson","Bal",0,2.4,0,2.4,8,0.0227272727272727,1.19983798154131,0.616915433365701,0,0,0
"RB","Corey Grant (7451611)","Corey Grant",7451611,3000,"Bal@Jax 01:00PM ET","Jax","Corey","Grant","Bal",0,0,0,0,10,0.0113636363636364,0,0,0,0,0
"RB","Javorius Allen (7451613)","Javorius Allen",7451613,3000,"Bal@Jax 01:00PM ET","Bal","Javorius","Allen","Jax",0,0,0,0,10,0,0,0,0,0,0
"RB","Kenneth Dixon (7451615)","Kenneth Dixon",7451615,3000,"Bal@Jax 01:00PM ET","Bal","Kenneth","Dixon","Jax",0,0,0,0,10,0,0,0,0,0,0
"WR","Devin Hester (7451739)","Devin Hester",7451739,3000,"Bal@Jax 01:00PM ET","Bal","Devin","Hester","Jax",0,0,0,0,0,0,0,0,0,-1,0
"WR","Bryan Walters (7451740)","Bryan Walters",7451740,3000,"Bal@Jax 01:00PM ET","Jax","Bryan","Walters","Bal",0,0,0,0,11,0,0,0,0,0,0
"WR","Arrelious Benn (7451742)","Arrelious Benn",7451742,3000,"Bal@Jax 01:00PM ET","Jax","Arrelious","Benn","Bal",0,1,0,1,8,0.0227272727272727,0.49993249230888,0.257048097235709,0,0,0
"WR","Marqise Lee (7451745)","Marqise Lee",7451745,3000,"Bal@Jax 01:00PM ET","Jax","Marqise","Lee","Bal",7.78,5.3,0,5.00922742659581,5,0.102272727272727,6.12275127046589,6.88653657221,0,9.4,0
"WR","Rashad Greene (7451746)","Rashad Greene",7451746,3000,"Bal@Jax 01:00PM ET","Jax","Rashad","Greene","Bal",4.3,3,0,3,7,0.0454545454545455,3.41938217657753,3.82435523315972,0,0,0
"WR","Chris Moore (7451747)","Chris Moore",7451747,3000,"Bal@Jax 01:00PM ET","Bal","Chris","Moore","Jax",0,1.1,0,1.1,5,0.0694444444444444,0.549925741539768,0.282752906959279,0,1.2,0
"WR","Breshad Perriman (7451749)","Breshad Perriman",7451749,3000,"Bal@Jax 01:00PM ET","Bal","Breshad","Perriman","Jax",4.92,8.3,7.61,7.61286646393189,4,0.0833333333333333,6.34580171460147,5.62694056332307,0,4.4,0
"RB","Michael Burton (7451619)","Michael Burton",7451619,3000,"Det@GB 01:00PM ET","Det","Michael","Burton","GB",0,0,0,0,0,0,0,0,0,0,0
"RB","Zach Zenner (7451620)","Zach Zenner",7451620,3000,"Det@GB 01:00PM ET","Det","Zach","Zenner","GB",4.18,2.4,3.51,1.77776125977252,9,0,3.06585287562055,3.58492048808008,0,0,0
"RB","Aaron Ripkowski (7451622)","Aaron Ripkowski",7451622,3000,"Det@GB 01:00PM ET","GB","Aaron","Ripkowski","Det",0,0,0,0,11,0,0,0,0,0,0
"WR","Andre Roberts (7451752)","Andre Roberts",7451752,3000,"Det@GB 01:00PM ET","Det","Andre","Roberts","GB",2.51,1.1,0,1.1,7,0.0120481927710843,1.67042750808017,2.06497603790021,0,0,0
"WR","Jared Abbrederis (7451756)","Jared Abbrederis",7451756,3000,"Det@GB 01:00PM ET","GB","Jared","Abbrederis","Det",2.42,1.8,4.88,1.8,8,0.012987012987013,1.98020289851765,2.18100529091155,0,0,0
"WR","Ty Montgomery (7451757)","Ty Montgomery",7451757,3000,"Det@GB 01:00PM ET","GB","Ty","Montgomery","Det",0,0,0,0,8,0.012987012987013,0,0,0,-0.1,0
"WR","Trevor Davis (7451759)","Trevor Davis",7451759,3000,"Det@GB 01:00PM ET","GB","Trevor","Davis","Det",0,0,0,0,8,0.012987012987013,0,0,0,0,0
"RB","Rex Burkhead (7451624)","Rex Burkhead",7451624,3000,"Den@Cin 01:00PM ET","Cin","Rex","Burkhead","Den",0,0,0,0,10,0,0,0,0,0,0
"RB","Kapri Bibbs (7451626)","Kapri Bibbs",7451626,3000,"Den@Cin 01:00PM ET","Den","Kapri","Bibbs","Cin",0,0,0,0,6,0.0333333333333333,0,0,0,0,0
"RB","Andy Janovich (7451629)","Andy Janovich",7451629,3000,"Den@Cin 01:00PM ET","Den","Andy","Janovich","Cin",0,0,0,0,8,0.0166666666666667,0,0,0,2.5,0
"RB","Devontae Booker (7451630)","Devontae Booker",7451630,3000,"Den@Cin 01:00PM ET","Den","Devontae","Booker","Cin",4.23,5,5.39,1.73710498054734,8,0.0166666666666667,4.38799810794516,4.28874799370052,0,3.5,0
"WR","Jordan Norwood (7451761)","Jordan Norwood",7451761,3000,"Den@Cin 01:00PM ET","Den","Jordan","Norwood","Cin",4.7,2.1,0,2.13314437963523,5,0.0833333333333333,3.14800895207172,3.87703156810829,0,0,0
"WR","Bennie Fowler (7451766)","Bennie Fowler",7451766,3000,"Den@Cin 01:00PM ET","Den","Bennie","Fowler","Cin",2.76,1.5,0,1.3247597892049,11,0,1.98200426661133,2.34530754083244,0,2.3,0
"WR","James Wright (7451767)","James Wright",7451767,3000,"Den@Cin 01:00PM ET","Cin","James","Wright","Den",2.32,0,0,0,8,0.0229885057471264,1.03568290771862,1.6473138102721,0,2,0
"WR","Jordan Taylor (7451768)","Jordan Taylor",7451768,3000,"Den@Cin 01:00PM ET","Den","Jordan","Taylor","Cin",0,0,0,0,8,0.0166666666666667,0,0,0,0,0
"WR","Cody Latimer (7451769)","Cody Latimer",7451769,3000,"Den@Cin 01:00PM ET","Den","Cody","Latimer","Cin",0,1.9,0,1.89602718281171,6,0.0333333333333333,0.949871735386873,0.488391384747846,0,2,0
"WR","Alex Erickson (7451770)","Alex Erickson",7451770,3000,"Den@Cin 01:00PM ET","Cin","Alex","Erickson","Den",0,0,0,0,9,0.0114942528735632,0,0,0,0,0
"WR","Cody Core (7451771)","Cody Core",7451771,3000,"Den@Cin 01:00PM ET","Cin","Cody","Core","Den",0,0,0,0,0,0,0,0,0,0,0
"TE","Virgil Green (7451891)","Virgil Green",7451891,3000,"Den@Cin 01:00PM ET","Den","Virgil","Green","Cin",0,0,0,0,4,0.133333333333333,0,0,0,0,0
"RB","Mike Tolbert (7451632)","Mike Tolbert",7451632,3000,"Min@Car 01:00PM ET","Car","Mike","Tolbert","Min",0,5,3.58,5,8,0.0405405405405405,2.4996624615444,1.28524048617854,0,3.9,0
"RB","Matt Asiata (7451635)","Matt Asiata",7451635,3000,"Min@Car 01:00PM ET","Min","Matt","Asiata","Car",7.4,8,9.85,8.32524936731519,7,0.0151515151515152,7.3029312820563,7.31074779340874,0,2.9,0
"RB","Zach Line (7451636)","Zach Line",7451636,3000,"Min@Car 01:00PM ET","Min","Zach","Line","Car",0,0,0,0,9,0,0,0,0,0,0
"RB","Cameron Artis-Payne (7451638)","Cameron Artis-Payne",7451638,3000,"Min@Car 01:00PM ET","Car","Cameron","Artis-Payne","Min",8.79,6.6,10.91,4.18376081595604,10,0,7.22354270736218,7.9378486453297,0,6.8,0
"WR","Charles Johnson (7451774)","Charles Johnson",7451774,3000,"Min@Car 01:00PM ET","Min","Charles","Johnson","Car",7.1,5.3,5.36,5.01103868261554,4,0.121212121212121,5.81918903889319,6.4037032140268,0,0,0
"WR","Brenton Bersin (7451775)","Brenton Bersin",7451775,3000,"Min@Car 01:00PM ET","Car","Brenton","Bersin","Min",0,0,0,0,10,0,0,0,0,0,0
"WR","Jarius Wright (7451776)","Jarius Wright",7451776,3000,"Min@Car 01:00PM ET","Min","Jarius","Wright","Car",0,0,0,0,9,0,0,0,0,0,0
"WR","Corey Brown (7451777)","Corey Brown",7451777,3000,"Min@Car 01:00PM ET","Car","Corey","Brown","Min",0,3.7,0,3.7,3,0.108108108108108,1.84975022154286,0.951077959772122,0,9.7,0
"WR","Damiere Byrd (7451778)","Damiere Byrd",7451778,3000,"Min@Car 01:00PM ET","Car","Damiere","Byrd","Min",0,0,0,0,0,0,0,0,0,0,0
"WR","Cordarrelle Patterson (7451780)","Cordarrelle Patterson",7451780,3000,"Min@Car 01:00PM ET","Min","Cordarrelle","Patterson","Car",0,1.2,0,0,7,0.0151515151515152,0.599918990770656,0.30845771668285,0,1.8,0
"RB","Chase Reynolds (7451639)","Chase Reynolds",7451639,3000,"LA@TB 04:05PM ET","LA","Chase","Reynolds","TB",0,0,0,0,0,0,0,0,0,0,0
"RB","Jacquizz Rodgers (7451641)","Jacquizz Rodgers",7451641,3000,"LA@TB 04:05PM ET","TB","Jacquizz","Rodgers","LA",4.71,5.7,0,5.7,9,0.0126582278481013,4.95223007484799,4.80950520871836,0,3.3,0
"RB","Malcolm Brown (7451644)","Malcolm Brown",7451644,3000,"LA@TB 04:05PM ET","LA","Malcolm","Brown","TB",0,1.4,0,1.4,8,0.015625,0.699905489232433,0.359867336129992,0,0,0
"RB","Peyton Barber (7451646)","Peyton Barber",7451646,3000,"LA@TB 04:05PM ET","TB","Peyton","Barber","LA",0,0,0,0,11,0,0,0,0,0,0
"WR","Brian Quick (7451787)","Brian Quick",7451787,3000,"LA@TB 04:05PM ET","LA","Brian","Quick","TB",3.18,4.1,5.62,0,4,0.09375,3.46932306611521,3.31185319722902,0,13.3,0
"WR","Russell Shepard (7451788)","Russell Shepard",7451788,3000,"LA@TB 04:05PM ET","TB","Russell","Shepard","LA",0,0,0,0,7,0.0253164556962025,0,0,0,1.6,0
"WR","Cecil Shorts III (7451790)","Cecil Shorts III",7451790,3000,"LA@TB 04:05PM ET","TB","Cecil","Shorts III","LA",0,0,0,0,0,0,0,0,0,0,0
"WR","Adam Humphries (7451792)","Adam Humphries",7451792,3000,"LA@TB 04:05PM ET","TB","Adam","Humphries","LA",8.95,3.3,0,7.24376715975742,3,0.177215189873418,5.64519189017174,7.20319777343615,0,22,0
"WR","Bradley Marquez (7451793)","Bradley Marquez",7451793,3000,"LA@TB 04:05PM ET","LA","Bradley","Marquez","TB",0,0,0,0,9,0,0,0,0,2.2,0
"WR","Nelson Spruce (7451794)","Nelson Spruce",7451794,3000,"LA@TB 04:05PM ET","LA","Nelson","Spruce","TB",0,0,0,0,0,0,0,0,0,0,0
"WR","Pharoh Cooper (7451795)","Pharoh Cooper",7451795,3000,"LA@TB 04:05PM ET","LA","Pharoh","Cooper","TB",0,0,0,0,9,0,0,0,0,0,0
"WR","Mike Thomas (7451796)","Mike Thomas",7451796,3000,"LA@TB 04:05PM ET","LA","Mike","Thomas","TB",0,2.3,0,2.3,9,0,1.14984473231042,0.59121062364213,0,0,0
"RB","DuJuan Harris (7451648)","DuJuan Harris",7451648,3000,"SF@Sea 04:05PM ET","SF","DuJuan","Harris","Sea",0,0,0,0,13,0,0,0,0,0,0
"RB","Will Tukuafu (7451649)","Will Tukuafu",7451649,3000,"SF@Sea 04:05PM ET","Sea","Will","Tukuafu","SF",0,0,0,0,8,0.0133333333333333,0,0,0,0,0
"RB","Mike Davis (7451653)","Mike Davis",7451653,3000,"SF@Sea 04:05PM ET","SF","Mike","Davis","Sea",0,1.1,0,1.1,10,0.0136986301369863,0.549925741539768,0.282752906959279,0,0,0
"RB","Alex Collins (7451655)","Alex Collins",7451655,3000,"SF@Sea 04:05PM ET","Sea","Alex","Collins","SF",1.83,5,0,5,10,0,3.31660199651211,2.58463025893628,0,5.1,0
"WR","Rod Streater (7451801)","Rod Streater",7451801,3000,"SF@Sea 04:05PM ET","SF","Rod","Streater","Sea",2.72,3.4,0,3.4,7,0.0410958904109589,2.91401940014099,2.80529696333421,0,2.9,0
"WR","Paul Richardson (7451802)","Paul Richardson",7451802,3000,"SF@Sea 04:05PM ET","Sea","Paul","Richardson","SF",4.19,2.3,0,3.78263427646939,4,0.12,3.02032377685397,3.56631616891803,0,0,0
"WR","Tanner McEvoy (7451804)","Tanner McEvoy",7451804,3000,"SF@Sea 04:05PM ET","Sea","Tanner","McEvoy","SF",0,0,0,0,10,0,0,0,0,0,0
"WR","Aaron Burbridge (7451806)","Aaron Burbridge",7451806,3000,"SF@Sea 04:05PM ET","SF","Aaron","Burbridge","Sea",0,1.3,0,1.3,10,0.0136986301369863,0.649912240001545,0.334162526406421,0,0,0
"TE","Jimmy Graham (7451915)","Jimmy Graham",7451915,3000,"SF@Sea 04:05PM ET","Sea","Jimmy","Graham","SF",10.26,9.8,7.05,5.05242396145729,6,0.0666666666666667,9.47955680100334,9.80417466902707,0,24,0
"RB","Anthony Sherman (7451658)","Anthony Sherman",7451658,3000,"NYJ@KC 04:25PM ET","KC","Anthony","Sherman","NYJ",0,0,0,0,11,0,0,0,0,1.3,0
"RB","Knile Davis (7451660)","Knile Davis",7451660,3000,"NYJ@KC 04:25PM ET","KC","Knile","Davis","NYJ",0,0,0,0,11,0,0,0,0,0,0
"RB","Troymaine Pope (7451662)","Troymaine Pope",7451662,3000,"NYJ@KC 04:25PM ET","NYJ","Troymaine","Pope","KC",0,0,0,0,0,0,0,0,0,0,0
"RB","Julian Howsare (7451664)","Julian Howsare",7451664,3000,"NYJ@KC 04:25PM ET","NYJ","Julian","Howsare","KC",0,0,0,0,0,0,0,0,0,0,0
"WR","Albert Wilson (7451811)","Albert Wilson",7451811,3000,"NYJ@KC 04:25PM ET","KC","Albert","Wilson","NYJ",5.36,5.1,5.09,5.31229578480357,5,0.0963855421686747,4.94244035964245,5.11680823687558,0,0,0
"WR","Charone Peake (7451813)","Charone Peake",7451813,3000,"NYJ@KC 04:25PM ET","NYJ","Charone","Peake","KC",0,0,0,0,9,0,0,0,0,0,0
"WR","De'Anthony Thomas (7451814)","De'Anthony Thomas",7451814,3000,"NYJ@KC 04:25PM ET","KC","De'Anthony","Thomas","NYJ",0,0,0,0,11,0,0,0,0,0,0
"WR","Robby Anderson (7451815)","Robby Anderson",7451815,3000,"NYJ@KC 04:25PM ET","NYJ","Robby","Anderson","KC",0,5.2,0,5.2,9,0,2.59964896000618,1.33665010562568,0,5.4,0
"WR","Demarcus Robinson (7451816)","Demarcus Robinson",7451816,3000,"NYJ@KC 04:25PM ET","KC","Demarcus","Robinson","NYJ",0,0,0,0,0,0,0,0,0,0,0
"WR","Jalin Marshall (7451817)","Jalin Marshall",7451817,3000,"NYJ@KC 04:25PM ET","NYJ","Jalin","Marshall","KC",3.6,6.8,0,6.8,5,0.0821917808219178,5.00663511484997,4.30410366334918,0,2.9,0
"WR","Tyreek Hill (7451818)","Tyreek Hill",7451818,3000,"NYJ@KC 04:25PM ET","KC","Tyreek","Hill","NYJ",2.57,0,0,5.40402333771597,8,0.036144578313253,1.14728666932623,1.82482607431004,0,5.3,0
"RB","Robert Turbin (7451667)","Robert Turbin",7451667,3000,"SD@Ind 04:25PM ET","Ind","Robert","Turbin","SD",4.27,3,0,2.21688435477806,8,0.0340909090909091,3.40598972518462,3.80305376147517,0,6.9,0
"RB","Jordan Todman (7451668)","Jordan Todman",7451668,3000,"SD@Ind 04:25PM ET","Ind","Jordan","Todman","SD",0,0,0,0,11,0,0,0,0,0,0
"RB","Andre Williams (7451669)","Andre Williams",7451669,3000,"SD@Ind 04:25PM ET","SD","Andre","Williams","Ind",0,2.2,0,2.2,0,0,1.09985148307954,0.565505813918559,0,0,0
"RB","Josh Ferguson (7451670)","Josh Ferguson",7451670,3000,"SD@Ind 04:25PM ET","Ind","Josh","Ferguson","SD",0,3.2,4.75,1.52579126086467,7,0.0795454545454545,1.59978397538842,0.822553911154268,0,6.1,0
"RB","Derek Watt (7451672)","Derek Watt",7451672,3000,"SD@Ind 04:25PM ET","SD","Derek","Watt","Ind",0,0,0,0,10,0,0,0,0,1.6,0
"RB","Kenneth Farrow (7451673)","Kenneth Farrow",7451673,3000,"SD@Ind 04:25PM ET","SD","Kenneth","Farrow","Ind",4.88,5.1,0,5.1,9,0.0151515151515152,4.72816113735584,4.77598468992273,0,0,0
"WR","Isaiah Burse (7451822)","Isaiah Burse",7451822,3000,"SD@Ind 04:25PM ET","SD","Isaiah","Burse","Ind",3.51,1.9,0,1.9,10,0,2.51678854835772,2.98066357184055,0,0,0
"WR","Quan Bray (7451823)","Quan Bray",7451823,3000,"SD@Ind 04:25PM ET","Ind","Quan","Bray","SD",1.97,2.9,0,2.9,10,0.0113636363636364,2.32924186916372,2.14423612260254,0,0,0
"WR","Chester Rogers (7451827)","Chester Rogers",7451827,3000,"SD@Ind 04:25PM ET","Ind","Chester","Rogers","SD",0,6.6,0,6.6,9,0.0227272727272727,3.29955444923861,1.69651744175568,0,0,0
"RB","Kenjon Barner (7451677)","Kenjon Barner",7451677,3000,"Pit@Phi 04:25PM ET","Phi","Kenjon","Barner","Pit",0,2.2,0,2.2,10,0,1.09985148307954,0.565505813918559,0,10.2,0
"RB","Fitzgerald Toussaint (7451678)","Fitzgerald Toussaint",7451678,3000,"Pit@Phi 04:25PM ET","Pit","Fitzgerald","Toussaint","Phi",2.4,4.4,0,4.4,8,0.0140845070422535,3.27109907759213,2.83512936260136,0,0,0
"RB","Roosevelt Nix (7451679)","Roosevelt Nix",7451679,3000,"Pit@Phi 04:25PM ET","Pit","Roosevelt","Nix","Phi",0,0,0,0,0,0,0,0,0,0,0
"RB","Daryl Richardson (7451680)","Daryl Richardson",7451680,3000,"Pit@Phi 04:25PM ET","Pit","Daryl","Richardson","Phi",0,2.9,0,2.9,0,0,1.44980422769575,0.745439481983555,0,0.1,0
"RB","Wendell Smallwood (7451681)","Wendell Smallwood",7451681,3000,"Pit@Phi 04:25PM ET","Phi","Wendell","Smallwood","Pit",0,1.6,4.16,1.6,8,0.0144927536231884,0.799891987694209,0.411276955577134,0,13.9,0
"WR","Josh Huff (7451832)","Josh Huff",7451832,3000,"Pit@Phi 04:25PM ET","Phi","Josh","Huff","Pit",2.78,3.2,0,3.2,0,0,2.84081780446504,2.79649028725618,0,6,0
"WR","Bryce Treggs (7451836)","Bryce Treggs",7451836,3000,"Pit@Phi 04:25PM ET","Phi","Bryce","Treggs","Pit",0,0,0,0,10,0,0,0,0,0,0
"RB","Lance Dunbar (7451683)","Lance Dunbar",7451683,3000,"Chi@Dal 08:30PM ET","Dal","Lance","Dunbar","Chi",0,5.6,4.99,2.49331501981789,5,0.051948051948052,2.79962195692973,1.43946934451997,0,6.1,0
"RB","Rod Smith (7451684)","Rod Smith",7451684,3000,"Chi@Dal 08:30PM ET","Dal","Rod","Smith","Chi",0,0,0,0,0,0,0,0,0,0,0
"RB","Keith Smith (7451686)","Keith Smith",7451686,3000,"Chi@Dal 08:30PM ET","Dal","Keith","Smith","Chi",0,0,0,0,9,0.012987012987013,0,0,0,0,0
"RB","Paul Lasike (7451688)","Paul Lasike",7451688,3000,"Chi@Dal 08:30PM ET","Chi","Paul","Lasike","Dal",0,0,0,0,9,0,0,0,0,0,0
"RB","Darius Jackson (7451689)","Darius Jackson",7451689,3000,"Chi@Dal 08:30PM ET","Dal","Darius","Jackson","Chi",0,0,0,0,0,0,0,0,0,0,0
"WR","Deonte Thompson (7451839)","Deonte Thompson",7451839,3000,"Chi@Dal 08:30PM ET","Chi","Deonte","Thompson","Dal",0,0,0,0,9,0,0,0,0,0,0
"WR","Brice Butler (7451841)","Brice Butler",7451841,3000,"Chi@Dal 08:30PM ET","Dal","Brice","Butler","Chi",2.97,1.3,0,4.54335992110184,7,0.038961038961039,1.97576492789995,2.44300822317717,0,0,0
"WR","Joshua Bellamy (7451845)","Joshua Bellamy",7451845,3000,"Chi@Dal 08:30PM ET","Chi","Joshua","Bellamy","Dal",0,0,0,0,0,0,0,0,0,0,0
"WR","Cameron Meredith (7451846)","Cameron Meredith",7451846,3000,"Chi@Dal 08:30PM ET","Chi","Cameron","Meredith","Dal",0,0,0,0,9,0,0,0,0,3.4,0
"WR","Lucky Whitehead (7451848)","Lucky Whitehead",7451848,3000,"Chi@Dal 08:30PM ET","Dal","Lucky","Whitehead","Chi",0,0,0,0,11,0,0,0,0,0.3,0
"TE","Charles Clay (7451852)","Charles Clay",7451852,2900,"Ari@Buf 01:00PM ET","Buf","Charles","Clay","Ari",9.55,8.8,6.46,8.8,1,0.192307692307692,8.66266962572885,9.04299174192361,0,0,0
"TE","Jordan Cameron (7451870)","Jordan Cameron",7451870,2900,"Cle@Mia 01:00PM ET","Mia","Jordan","Cameron","Cle",8.59,0,6.62,0,3,0.138888888888889,3.83470524883748,6.09932139234367,0,1.5,0
"TE","Jared Cook (7451882)","Jared Cook",7451882,2900,"Det@GB 01:00PM ET","GB","Jared","Cook","Det",9.03,7.6,6.04,7.6,4,0.116883116883117,7.83061481081436,8.36530851604184,0,2.5,0
"TE","Austin Seferian-Jenkins (7451912)","Austin Seferian-Jenkins",7451912,2900,"LA@TB 04:05PM ET","TB","Austin","Seferian-Jenkins","LA",0,0,0,0,9,0,0,0,0,0,0
"TE","Vance McDonald (7451919)","Vance McDonald",7451919,2900,"SF@Sea 04:05PM ET","SF","Vance","McDonald","Sea",7.93,6,8.15,6,6,0.0684931506849315,6.53966627204667,7.17297759869776,0,2.4,0
"TE","Zach Miller (7451943)","Zach Miller",7451943,2900,"Chi@Dal 08:30PM ET","Chi","Zach","Miller","Dal",9.53,9.8,7.69,9.8,4,0.152542372881356,9.15367381710912,9.28583885803628,0,27.8,0
"TE","Clive Walford (7451860)","Clive Walford",7451860,2800,"Oak@Ten 01:00PM ET","Oak","Clive","Walford","Ten",9.4,8.5,8.31,8.5,3,0.137931034482759,8.44572762107162,8.85936995433013,0,4.7,0
"TE","Brent Celek (7451936)","Brent Celek",7451936,2800,"Pit@Phi 04:25PM ET","Phi","Brent","Celek","Pit",5.86,5.3,0,5.3,7,0.0579710144927536,5.26563438131944,5.52324238439861,0,9.1,0
"TE","Vernon Davis (7451863)","Vernon Davis",7451863,2700,"Was@NYG 01:00PM ET","Was","Vernon","Davis","NYG",6.76,3.6,0,3.6,5,0.0697674418604651,4.81752268618174,5.72530476963449,0,0,0
"TE","Larry Donnell (7451864)","Larry Donnell",7451864,2700,"Was@NYG 01:00PM ET","NYG","Larry","Donnell","Was",8.66,4.3,5.31,4.3,5,0.0958904109589041,6.01566401901579,7.25433164438784,0,4.1,0
"TE","Richard Rodgers (7451887)","Richard Rodgers",7451887,2700,"Det@GB 01:00PM ET","GB","Richard","Rodgers","Det",5.58,4.4,6.12,4.4,5,0.0649350649350649,4.69069892524093,5.09308536116398,0,8.9,0
"TE","Lance Kendricks (7451908)","Lance Kendricks",7451908,2700,"LA@TB 04:05PM ET","LA","Lance","Kendricks","TB",6.81,6.5,5.75,6.5,3,0.15625,6.28964766619902,6.50624670442564,0,0,0
"TE","Will Tye (7451867)","Will Tye",7451867,2600,"Was@NYG 01:00PM ET","NYG","Will","Tye","Was",5.8,5.8,5.95,5.8,6,0.0821917808219178,5.48881572468806,5.60916348964736,0,4.4,0
"TE","Darren Fells (7451849)","Darren Fells",7451849,2500,"Ari@Buf 01:00PM ET","Ari","Darren","Fells","Buf",7.03,3.6,0,3.6,5,0.0810810810810811,4.93805474871796,5.91701801479547,0,3.5,0
"TE","Jim Dray (7451850)","Jim Dray",7451850,2500,"Ari@Buf 01:00PM ET","Buf","Jim","Dray","Ari",0,0,0,0,0,0,0,0,0,0,0
"TE","Jermaine Gresham (7451851)","Jermaine Gresham",7451851,2500,"Ari@Buf 01:00PM ET","Ari","Jermaine","Gresham","Buf",3.63,2.7,0,2.7,6,0.0675675675675676,2.97030434777647,3.27150793636733,0,0,0
"TE","Nick O'Leary (7451853)","Nick O'Leary",7451853,2500,"Ari@Buf 01:00PM ET","Buf","Nick","O'Leary","Ari",0,0,0,0,8,0.0192307692307692,0,0,0,3.8,0
"TE","Troy Niklas (7451854)","Troy Niklas",7451854,2500,"Ari@Buf 01:00PM ET","Ari","Troy","Niklas","Buf",0,0,0,0,10,0.0135135135135135,0,0,0,1,0
"TE","Anthony Fasano (7451855)","Anthony Fasano",7451855,2500,"Oak@Ten 01:00PM ET","Ten","Anthony","Fasano","Oak",6.32,3.7,0,3.7,7,0.04,4.67109331498324,5.43858799465129,0,0,0
"TE","Lee Smith (7451857)","Lee Smith",7451857,2500,"Oak@Ten 01:00PM ET","Oak","Lee","Smith","Ten",3.91,3,0,3,6,0.0459770114942529,3.24528030846966,3.54743610126053,0,1.4,0
"TE","Mychal Rivera (7451858)","Mychal Rivera",7451858,2500,"Oak@Ten 01:00PM ET","Oak","Mychal","Rivera","Ten",0,2,0,2,13,0,0.999864984617761,0.514096194471417,0,0,0
"TE","Beau Brinkley (7451859)","Beau Brinkley",7451859,2500,"Oak@Ten 01:00PM ET","Ten","Beau","Brinkley","Oak",0,0,0,0,0,0,0,0,0,0,0
"TE","Jace Amaro (7451861)","Jace Amaro",7451861,2500,"Oak@Ten 01:00PM ET","Ten","Jace","Amaro","Oak",5.85,3.9,0,3.9,10,0,4.56126474162271,5.1562745577071,0,8.9,0
"TE","Phillip Supernaw (7451862)","Phillip Supernaw",7451862,2500,"Oak@Ten 01:00PM ET","Ten","Phillip","Supernaw","Oak",0,4.6,0,4.6,9,0.0133333333333333,2.29968946462085,1.18242124728426,0,0,0
"TE","Niles Paul (7451865)","Niles Paul",7451865,2500,"Was@NYG 01:00PM ET","Was","Niles","Paul","NYG",0,0,0,0,10,0.0116279069767442,0,0,0,0,0
"TE","Jerell Adams (7451868)","Jerell Adams",7451868,2500,"Was@NYG 01:00PM ET","NYG","Jerell","Adams","Was",0,0,0,0,9,0,0,0,0,0,0
"TE","MarQueis Gray (7451871)","MarQueis Gray",7451871,2500,"Cle@Mia 01:00PM ET","Mia","MarQueis","Gray","Cle",0,0,0,0,11,0,0,0,0,0,0
"TE","Dion Sims (7451872)","Dion Sims",7451872,2500,"Cle@Mia 01:00PM ET","Mia","Dion","Sims","Cle",2.4,2.7,0,2.7,10,0.0138888888888889,2.42121384066703,2.39814759730065,0,8.6,0
"TE","Randall Telfer (7451873)","Randall Telfer",7451873,2500,"Cle@Mia 01:00PM ET","Cle","Randall","Telfer","Mia",0,0,0,0,9,0,0,0,0,0,0
"TE","Seth DeValve (7451874)","Seth DeValve",7451874,2500,"Cle@Mia 01:00PM ET","Cle","Seth","DeValve","Mia",0,0,0,0,9,0,0,0,0,0,0
"TE","Marcedes Lewis (7451875)","Marcedes Lewis",7451875,2500,"Bal@Jax 01:00PM ET","Jax","Marcedes","Lewis","Bal",3.63,2.8,0,2.8,6,0.0568181818181818,3.02029759700736,3.2972127460909,0,5,0
"TE","Crockett Gillmore (7451877)","Crockett Gillmore",7451877,2500,"Bal@Jax 01:00PM ET","Bal","Crockett","Gillmore","Jax",3.1,4.3,4.96,4.3,8,0.0555555555555556,3.53359636086255,3.30645889218402,0,0,0
"TE","Neal Sterling (7451879)","Neal Sterling",7451879,2500,"Bal@Jax 01:00PM ET","Jax","Neal","Sterling","Bal",0,0,0,0,11,0,0,0,0,0,0
"TE","Ben Koyack (7451880)","Ben Koyack",7451880,2500,"Bal@Jax 01:00PM ET","Jax","Ben","Koyack","Bal",0,0,0,0,11,0,0,0,0,0,0
"TE","Maxx Williams (7451881)","Maxx Williams",7451881,2500,"Bal@Jax 01:00PM ET","Bal","Maxx","Williams","Jax",0,0,0,0,0,0,0,0,0,0,0
"TE","Andrew Quarless (7451883)","Andrew Quarless",7451883,2500,"Det@GB 01:00PM ET","Det","Andrew","Quarless","GB",0,0,0,0,0,0,0,0,0,0,0
"TE","Justin Perillo (7451884)","Justin Perillo",7451884,2500,"Det@GB 01:00PM ET","GB","Justin","Perillo","Det",0,0,0,0,11,0,0,0,0,2.3,0
"TE","Orson Charles (7451885)","Orson Charles",7451885,2500,"Det@GB 01:00PM ET","Det","Orson","Charles","GB",0,0,0,0,0,0,0,0,0,0,0
"TE","Cole Wick (7451888)","Cole Wick",7451888,2500,"Det@GB 01:00PM ET","Det","Cole","Wick","GB",0,0,0,0,7,0.0120481927710843,0,0,0,2.3,0
"TE","Khari Lee (7451889)","Khari Lee",7451889,2500,"Det@GB 01:00PM ET","Det","Khari","Lee","GB",0,0,0,0,9,0,0,0,0,0,0
"TE","Clark Harris (7451890)","Clark Harris",7451890,2500,"Den@Cin 01:00PM ET","Cin","Clark","Harris","Den",0,0,0,0,0,0,0,0,0,0,0
"TE","John Phillips (7451892)","John Phillips",7451892,2500,"Den@Cin 01:00PM ET","Den","John","Phillips","Cin",7.14,1.9,0,1.9,11,0,4.13727516690021,5.55814164567146,0,8.9,0
"TE","Ryan Hewitt (7451893)","Ryan Hewitt",7451893,2500,"Den@Cin 01:00PM ET","Cin","Ryan","Hewitt","Den",0,0,0,0,0,0,0,0,0,0,0
"TE","Tyler Kroft (7451895)","Tyler Kroft",7451895,2500,"Den@Cin 01:00PM ET","Cin","Tyler","Kroft","Den",6.33,6,0,6,7,0.0459770114942529,5.82540219775797,6.03689910885493,0,0,0
"TE","C.J. Uzomah (7451896)","C.J. Uzomah",7451896,2500,"Den@Cin 01:00PM ET","Cin","C.J.","Uzomah","Den",4.17,3,0,3,3,0.149425287356322,3.36134822054158,3.73204885585999,0,5.1,0
"TE","Jeff Heuerman (7451897)","Jeff Heuerman",7451897,2500,"Den@Cin 01:00PM ET","Den","Jeff","Heuerman","Cin",4.05,6,0,6,11,0,4.80757589189656,4.41798726082891,0,3.9,0
"TE","Ed Dickson (7451899)","Ed Dickson",7451899,2500,"Min@Car 01:00PM ET","Car","Ed","Dickson","Min",0,2.4,0,2.4,9,0.0135135135135135,1.19983798154131,0.616915433365701,0,3.3,0
"TE","Rhett Ellison (7451900)","Rhett Ellison",7451900,2500,"Min@Car 01:00PM ET","Min","Rhett","Ellison","Car",0,1.1,0,1.1,9,0,0.549925741539768,0.282752906959279,0,2.8,0
"TE","Kevin McDermott (7451901)","Kevin McDermott",7451901,2500,"Min@Car 01:00PM ET","Min","Kevin","McDermott","Car",0,0,0,0,0,0,0,0,0,0,0
"TE","MyCole Pruitt (7451903)","MyCole Pruitt",7451903,2500,"Min@Car 01:00PM ET","Min","MyCole","Pruitt","Car",0,2.2,0,2.2,9,0,1.09985148307954,0.565505813918559,0,0,0
"TE","Scott Simonson (7451904)","Scott Simonson",7451904,2500,"Min@Car 01:00PM ET","Car","Scott","Simonson","Min",0,0,0,0,0,0,0,0,0,0,0
"TE","David Morgan (7451905)","David Morgan",7451905,2500,"Min@Car 01:00PM ET","Min","David","Morgan","Car",0,0,0,0,0,0,0,0,0,0,0
"TE","Brandon Myers (7451906)","Brandon Myers",7451906,2500,"LA@TB 04:05PM ET","TB","Brandon","Myers","LA",0,1.3,0,1.3,9,0.0126582278481013,0.649912240001545,0.334162526406421,0,1.7,0
"TE","Andrew DePaola (7451907)","Andrew DePaola",7451907,2500,"LA@TB 04:05PM ET","TB","Andrew","DePaola","LA",0,0,0,0,0,0,0,0,0,0,0
"TE","Luke Stocker (7451909)","Luke Stocker",7451909,2500,"LA@TB 04:05PM ET","TB","Luke","Stocker","LA",0,0,0,0,11,0,0,0,0,0,0
"TE","Cory Harkey (7451910)","Cory Harkey",7451910,2500,"LA@TB 04:05PM ET","LA","Cory","Harkey","TB",0,0,0,0,0,0,0,0,0,0,0
"TE","Cameron Brate (7451911)","Cameron Brate",7451911,2500,"LA@TB 04:05PM ET","TB","Cameron","Brate","LA",7.22,9.1,6.26,9.1,4,0.10126582278481,7.77250231523859,7.4656918702607,0,21.6,0
"TE","Tyler Higbee (7451913)","Tyler Higbee",7451913,2500,"LA@TB 04:05PM ET","LA","Tyler","Higbee","TB",0,2.3,5.23,2.3,5,0.0625,1.14984473231042,0.59121062364213,0,0,0
"TE","Temarrick Hemingway (7451914)","Temarrick Hemingway",7451914,2500,"LA@TB 04:05PM ET","LA","Temarrick","Hemingway","TB",0,0,0,0,0,0,0,0,0,0,0
"TE","Kyle Nelson (7451916)","Kyle Nelson",7451916,2500,"SF@Sea 04:05PM ET","SF","Kyle","Nelson","Sea",0,0,0,0,0,0,0,0,0,0,0
"TE","Garrett Celek (7451917)","Garrett Celek",7451917,2500,"SF@Sea 04:05PM ET","SF","Garrett","Celek","Sea",2.77,2.4,0,2.4,4,0.0821917808219178,2.43640766015363,2.58375131890609,0,5.5,0
"TE","Luke Willson (7451918)","Luke Willson",7451918,2500,"SF@Sea 04:05PM ET","Sea","Luke","Willson","SF",4.51,3.5,0,3.5,7,0.0533333333333333,3.76309558248236,4.10198958356945,0,2.9,0
"TE","Brandon Williams (7451920)","Brandon Williams",7451920,2500,"SF@Sea 04:05PM ET","Sea","Brandon","Williams","SF",0,0,0,0,10,0,0,0,0,0,0
"TE","Blake Bell (7451921)","Blake Bell",7451921,2500,"SF@Sea 04:05PM ET","SF","Blake","Bell","Sea",0,2.2,0,2.2,9,0.0273972602739726,1.09985148307954,0.565505813918559,0,0,0
"TE","Nick Vannett (7451922)","Nick Vannett",7451922,2500,"SF@Sea 04:05PM ET","Sea","Nick","Vannett","SF",0,1.1,0,1.1,10,0,0.549925741539768,0.282752906959279,0,0,0
"TE","Kellen Davis (7451923)","Kellen Davis",7451923,2500,"NYJ@KC 04:25PM ET","NYJ","Kellen","Davis","KC",1.21,1.5,0,1.5,7,0.0136986301369863,1.29006094464415,1.2447315037972,0,0,0
"TE","James Winchester (7451925)","James Winchester",7451925,2500,"NYJ@KC 04:25PM ET","KC","James","Winchester","NYJ",0,0,0,0,0,0,0,0,0,0,0
"TE","Brandon Bostick (7451926)","Brandon Bostick",7451926,2500,"NYJ@KC 04:25PM ET","NYJ","Brandon","Bostick","KC",0,1.7,0,1.7,7,0.0136986301369863,0.849885236925097,0.436981765300705,0,0,0
"TE","James O'Shaughnessy (7451927)","James O'Shaughnessy",7451927,2500,"NYJ@KC 04:25PM ET","KC","James","O'Shaughnessy","NYJ",0,0,0,0,11,0,0,0,0,0,0
"TE","Ross Travis (7451928)","Ross Travis",7451928,2500,"NYJ@KC 04:25PM ET","KC","Ross","Travis","NYJ",0,0,0,0,9,0.0120481927710843,0,0,0,3,0
"TE","Demetrius Harris (7451929)","Demetrius Harris",7451929,2500,"NYJ@KC 04:25PM ET","KC","Demetrius","Harris","NYJ",0,0,0,0,7,0.0481927710843374,0,0,0,9.4,0
"TE","Sean McGrath (7451931)","Sean McGrath",7451931,2500,"SD@Ind 04:25PM ET","SD","Sean","McGrath","Ind",0,3,0,3,10,0,1.49979747692664,0.771144291707126,0,2.3,0
"TE","Jack Doyle (7451933)","Jack Doyle",7451933,2500,"SD@Ind 04:25PM ET","Ind","Jack","Doyle","SD",7.94,7.7,3.75,7.7,3,0.113636363636364,7.39401565943607,7.61705985455998,0,12.5,0
"TE","Erik Swoope (7451934)","Erik Swoope",7451934,2500,"SD@Ind 04:25PM ET","Ind","Erik","Swoope","SD",0,0,0,0,11,0,0,0,0,0,0
"TE","Hunter Henry (7451935)","Hunter Henry",7451935,2500,"SD@Ind 04:25PM ET","SD","Hunter","Henry","Ind",7.44,9.4,8.38,9.4,8,0.0303030303030303,8.02069337314595,7.6990170917848,0,11.6,0
"TE","David Johnson (7451937)","David Johnson",7451937,2500,"Pit@Phi 04:25PM ET","Pit","David","Johnson","Phi",0,1.3,0,1.3,3,0.148648648648649,0.649912240001545,0.334162526406421,0,0,0
"TE","Trey Burton (7451939)","Trey Burton",7451939,2500,"Pit@Phi 04:25PM ET","Phi","Trey","Burton","Pit",10,5.4,8,5.4,4,0.101449275362319,7.16378592277235,8.48855028659049,0,3.9,0
"TE","Xavier Grimble (7451940)","Xavier Grimble",7451940,2500,"Pit@Phi 04:25PM ET","Pit","Xavier","Grimble","Phi",0,1.4,0,1.4,6,0.0563380281690141,0.699905489232433,0.359867336129992,0,0,0
"TE","Logan Paulsen (7451944)","Logan Paulsen",7451944,2500,"Chi@Dal 08:30PM ET","Chi","Logan","Paulsen","Dal",0,0,0,0,7,0.0169491525423729,0,0,0,0,0
"TE","Patrick Scales (7451945)","Patrick Scales",7451945,2500,"Chi@Dal 08:30PM ET","Chi","Patrick","Scales","Dal",0,0,0,0,0,0,0,0,0,0,0
"TE","Greg Scruggs (7451946)","Greg Scruggs",7451946,2500,"Chi@Dal 08:30PM ET","Chi","Greg","Scruggs","Dal",0,0,0,0,0,0,0,0,0,0,0
"TE","Gavin Escobar (7451947)","Gavin Escobar",7451947,2500,"Chi@Dal 08:30PM ET","Dal","Gavin","Escobar","Chi",0,0,0,0,11,0,0,0,0,0,0
"TE","Geoff Swaim (7451948)","Geoff Swaim",7451948,2500,"Chi@Dal 08:30PM ET","Dal","Geoff","Swaim","Chi",2.87,1.2,0,1.2,7,0.038961038961039,1.88113017402602,2.34629850783842,0,0,0
