"Position","Name","Salary","GameInfo","AvgPointsPerGame","teamAbbrev"
"SP","Clayton Kershaw",14100,"SD@LAD 10:10PM ET",25.007,"LAD"
"SP","Jon Lester",11300,"ChC@StL 08:15PM ET",20.76,"ChC"
"SP","Madison Bumgarner",11100,"SF@Ari 09:40PM ET",21.728,"SF"
"SP","Jake Arrieta",10400,"ChC@StL 08:15PM ET",20.379,"ChC"
"SP","Rich Hill",10400,"SD@LAD 10:10PM ET",20.926,"LAD"
"SP","Corey Kluber",10200,"Cle@Tex 08:05PM ET",22.571,"Cle"
"SP","Johnny Cueto",10200,"SF@Ari 09:40PM ET",22.171,"SF"
"SP","Chris Archer",9900,"NYY@TB 07:10PM ET",18.885,"TB"
"SP","Kyle Hendricks",9800,"ChC@StL 08:15PM ET",19.119,"ChC"
"SP","Yu Darvish",9800,"Cle@Tex 08:05PM ET",20.989,"Tex"
"SP","Felix Hernandez",9700,"Sea@Hou 08:10PM ET",15.008,"Sea"
"SP","Masahiro Tanaka",9600,"NYY@TB 07:10PM ET",18.337,"NYY"
"SP","Kenta Maeda",9600,"SD@LAD 10:10PM ET",15.154,"LAD"
"SP","John Lackey",9500,"ChC@StL 08:15PM ET",18.425,"ChC"
"SP","Lance McCullers Jr.",9500,"Sea@Hou 08:10PM ET",20.375,"Hou"
"SP","Dallas Keuchel",9200,"Sea@Hou 08:10PM ET",15.623,"Hou"
"SP","Carlos Martinez",9100,"ChC@StL 08:15PM ET",17.258,"StL"
"SP","Michael Pineda",8900,"NYY@TB 07:10PM ET",15.608,"NYY"
"SP","Carlos Carrasco",8800,"Cle@Tex 08:05PM ET",18.706,"Cle"
"SP","Garrett Richards",8700,"LAA@Oak 10:05PM ET",17.3,"LAA"
"SP","Cole Hamels",8700,"Cle@Tex 08:05PM ET",17.988,"Tex"
"SP","Hyun-Jin Ryu",8500,"SD@LAD 10:10PM ET",0.5,"LAD"
"SP","Matt Shoemaker",8400,"LAA@Oak 10:05PM ET",15.822,"LAA"
"SP","Danny Salazar",8400,"Cle@Tex 08:05PM ET",16.976,"Cle"
"SP","James Paxton",8400,"Sea@Hou 08:10PM ET",16.643,"Sea"
"SP","Julio Urias",8400,"SD@LAD 10:10PM ET",12.35,"LAD"
"SP","Collin McHugh",8300,"Sea@Hou 08:10PM ET",14.758,"Hou"
"SP","Tyler Skaggs",8200,"LAA@Oak 10:05PM ET",13.215,"LAA"
"SP","Drew Smyly",8100,"Sea@Hou 08:10PM ET",14.383,"Sea"
"SP","Zack Greinke",8100,"SF@Ari 09:40PM ET",15.067,"Ari"
"SP","Jeff Samardzija",8100,"SF@Ari 09:40PM ET",14.78,"SF"
"SP","Robbie Ray",8100,"SF@Ari 09:40PM ET",16.033,"Ari"
"SP","Jon Gray",8000,"Col@Mil 07:40PM ET",16.779,"Col"
"P","Jose De Leon",7900,"NYY@TB 07:10PM ET",8.713,"TB"
"SP","Jake Odorizzi",7800,"NYY@TB 07:10PM ET",15.256,"TB"
"SP","Jharel Cotton",7800,"LAA@Oak 10:05PM ET",18.32,"Oak"
"SP","Blake Snell",7700,"NYY@TB 07:10PM ET",13.887,"TB"
"SP","Hisashi Iwakuma",7700,"Sea@Hou 08:10PM ET",14.011,"Sea"
"SP","Taijuan Walker",7700,"SF@Ari 09:40PM ET",13.874,"Ari"
"SP","Alex Cobb",7600,"NYY@TB 07:10PM ET",4.02,"TB"
"SP","Ricky Nolasco",7600,"LAA@Oak 10:05PM ET",13.286,"LAA"
"SP","Alex Reyes",7400,"ChC@StL 08:15PM ET",14.492,"StL"
"SP","Sonny Gray",7400,"LAA@Oak 10:05PM ET",9.866,"Oak"
"SP","Nick Tropeano",7400,"LAA@Oak 10:05PM ET",14.304,"LAA"
"SP","Sean Manaea",7400,"LAA@Oak 10:05PM ET",14.876,"Oak"
"SP","Alex Wood",7400,"SD@LAD 10:10PM ET",11.191,"LAD"
"SP","Adam Wainwright",7300,"ChC@StL 08:15PM ET",13.282,"StL"
"SP","Tyson Ross",7300,"Cle@Tex 08:05PM ET",0.8,"Tex"
"SP","Brandon McCarthy",7300,"SD@LAD 10:10PM ET",10.78,"LAD"
"SP","Joe Musgrove",7200,"Sea@Hou 08:10PM ET",14.791,"Hou"
"SP","Matt Moore",7200,"SF@Ari 09:40PM ET",16.196,"SF"
"SP","Scott Kazmir",7200,"SD@LAD 10:10PM ET",13.391,"LAD"
"SP","Junior Guerra",7000,"Col@Mil 07:40PM ET",17.488,"Mil"
"SP","CC Sabathia",6900,"NYY@TB 07:10PM ET",14.688,"NYY"
"SP","Andrew Heaney",6900,"LAA@Oak 10:05PM ET",15.3,"LAA"
"SP","Mike Fiers",6800,"Sea@Hou 08:10PM ET",12.319,"Hou"
"SP","Archie Bradley",6800,"SF@Ari 09:40PM ET",13.221,"Ari"
"SP","Jesse Chavez",6700,"LAA@Oak 10:05PM ET",2.648,"LAA"
"SP","Michael Wacha",6600,"ChC@StL 08:15PM ET",10.648,"StL"
"SP","Jacob Faria",6600,"NYY@TB 07:10PM ET",0,"TB"
"SP","Jimmy Nelson",6500,"Col@Mil 07:40PM ET",11.191,"Mil"
"SP","Zach Davies",6500,"Col@Mil 07:40PM ET",14.696,"Mil"
"SP","Trevor Bauer",6500,"Cle@Tex 08:05PM ET",12.869,"Cle"
"SP","Jered Weaver",6500,"SD@LAD 10:10PM ET",9.713,"SD"
"SP","Brett Anderson",6400,"ChC@StL 08:15PM ET",-1.975,"ChC"
"SP","Lance Lynn",6400,"ChC@StL 08:15PM ET",0,"StL"
"SP","Daniel Mengden",6400,"LAA@Oak 10:05PM ET",9.714,"Oak"
"SP","Mike Leake",6300,"ChC@StL 08:15PM ET",10.456,"StL"
"SP","Chad Green",6300,"NYY@TB 07:10PM ET",10.646,"NYY"
"SP","Chad Bettis",6300,"Col@Mil 07:40PM ET",12.359,"Col"
"SP","Josh Hader",6300,"Col@Mil 07:40PM ET",0,"Mil"
"SP","Yovani Gallardo",6300,"Sea@Hou 08:10PM ET",8.529,"Sea"
"SP","Luis Severino",6200,"NYY@TB 07:10PM ET",6.734,"NYY"
"SP","Charlie Morton",6200,"Sea@Hou 08:10PM ET",12.8,"Hou"
"SP","Ariel Miranda",6200,"Sea@Hou 08:10PM ET",12.458,"Sea"
"SP","Matt Andriese",6100,"NYY@TB 07:10PM ET",11.174,"TB"
"SP","Tyler Chatwood",6100,"Col@Mil 07:40PM ET",13.641,"Col"
"SP","Brad Peacock",6100,"Sea@Hou 08:10PM ET",8.025,"Hou"
"SP","Anthony Banda",6100,"SF@Ari 09:40PM ET",0,"Ari"
"SP","Luke Weaver",6000,"ChC@StL 08:15PM ET",10.417,"StL"
"SP","Jaime Schultz",6000,"NYY@TB 07:10PM ET",0,"TB"
"SP","Chris Heston",6000,"Sea@Hou 08:10PM ET",0.063,"Sea"
"SP","Zach Lee",6000,"SD@LAD 10:10PM ET",0,"SD"
"SP","Taylor Jungmann",5900,"Col@Mil 07:40PM ET",2.5,"Mil"
"SP","Tyler Anderson",5900,"Col@Mil 07:40PM ET",14.763,"Col"
"SP","Tim Cooney",5900,"Cle@Tex 08:05PM ET",0,"Cle"
"SP","Jhoulys Chacin",5900,"SD@LAD 10:10PM ET",9.021,"SD"
"SP","Kendall Graveman",5800,"LAA@Oak 10:05PM ET",11.677,"Oak"
"SP","Jorge Lopez",5800,"Col@Mil 07:40PM ET",0,"Mil"
"SP","Josh Tomlin",5800,"Cle@Tex 08:05PM ET",12.449,"Cle"
"SP","Shelby Miller",5800,"SF@Ari 09:40PM ET",6.84,"Ari"
"SP","Martin Perez",5700,"Cle@Tex 08:05PM ET",9.939,"Tex"
"SP","Nate Smith",5600,"LAA@Oak 10:05PM ET",0,"LAA"
"SP","Chase Anderson",5600,"Col@Mil 07:40PM ET",11.034,"Mil"
"SP","A.J. Griffin",5600,"Cle@Tex 08:05PM ET",11.928,"Tex"
"SP","Bud Norris",5500,"LAA@Oak 10:05PM ET",7.241,"LAA"
"SP","Chris Bassitt",5500,"LAA@Oak 10:05PM ET",8.32,"Oak"
"SP","Rob Whalen",5400,"Sea@Hou 08:10PM ET",8.75,"Sea"
"SP","Luis Perdomo",5400,"SD@LAD 10:10PM ET",6.903,"SD"
"RP","Mike Montgomery",5300,"ChC@StL 08:15PM ET",5.474,"ChC"
"SP","Chih-Wei Hu",5300,"NYY@TB 07:10PM ET",0,"TB"
"SP","Jeff Hoffman",5300,"Col@Mil 07:40PM ET",6.013,"Col"
"RP","Bryan Mitchell",5200,"NYY@TB 07:10PM ET",8.29,"NYY"
"SP","Yusmeiro Petit",5200,"LAA@Oak 10:05PM ET",3.842,"LAA"
"SP","Tommy Milone",5200,"Col@Mil 07:40PM ET",5.989,"Mil"
"SP","Andrew Cashner",5200,"Cle@Tex 08:05PM ET",9.343,"Tex"
"SP","David Paulino",5200,"Sea@Hou 08:10PM ET",1.917,"Hou"
"SP","Clayton Richard",5200,"SD@LAD 10:10PM ET",3.455,"SD"
"SP","Robbie Erlin",5200,"SD@LAD 10:10PM ET",14.083,"SD"
"SP","Daniel Wright",5100,"LAA@Oak 10:05PM ET",4.361,"LAA"
"SP","Wily Peralta",5100,"Col@Mil 07:40PM ET",10.628,"Mil"
"SP","Tyler Wagner",5100,"Cle@Tex 08:05PM ET",9.967,"Tex"
"SP","Ross Stripling",5100,"SD@LAD 10:10PM ET",8.531,"LAD"
"SP","Anderson Espinoza",5100,"SD@LAD 10:10PM ET",0,"SD"
"SP","John Gant",5000,"ChC@StL 08:15PM ET",5.715,"StL"
"RP","Alec Mills",5000,"ChC@StL 08:15PM ET",0.033,"ChC"
"SP","Vicente Campos",5000,"LAA@Oak 10:05PM ET",13.15,"LAA"
"SP","Grant Holmes",5000,"LAA@Oak 10:05PM ET",0,"Oak"
"SP","Brady Rodgers",5000,"Sea@Hou 08:10PM ET",-3.41,"Hou"
"SP","Patrick Corbin",5000,"SF@Ari 09:40PM ET",8.038,"Ari"
"SP","Christian Friedrich",5000,"SD@LAD 10:10PM ET",10.917,"SD"
"SP","Brock Stewart",5000,"SD@LAD 10:10PM ET",8.286,"LAD"
"SP","Abel De los Santos",4900,"LAA@Oak 10:05PM ET",-0.89,"LAA"
"SP","Matt Garza",4900,"Col@Mil 07:40PM ET",10.376,"Mil"
"SP","Dillon Overton",4900,"Sea@Hou 08:10PM ET",-0.407,"Sea"
"SP","Walker Buehler",4900,"SD@LAD 10:10PM ET",0,"LAD"
"SP","Marco Gonzales",4800,"ChC@StL 08:15PM ET",0,"StL"
"RP","Adam Warren",4800,"NYY@TB 07:10PM ET",2.717,"NYY"
"SP","Alex Meyer",4800,"LAA@Oak 10:05PM ET",8.829,"LAA"
"SP","Jesse Hahn",4800,"LAA@Oak 10:05PM ET",5.628,"Oak"
"OF","Mike Trout",4800,"LAA@Oak 10:05PM ET",10.447,"LAA"
"SP","German Marquez",4800,"Col@Mil 07:40PM ET",5.717,"Col"
"3B","Nolan Arenado",4800,"Col@Mil 07:40PM ET",9.881,"Col"
"SP","Matt Cain",4800,"SF@Ari 09:40PM ET",7.829,"SF"
"RP","Ty Blach",4800,"SF@Ari 09:40PM ET",11.125,"SF"
"SP","Jarred Cosart",4800,"SD@LAD 10:10PM ET",5.158,"SD"
"3B/OF","Kris Bryant",4700,"ChC@StL 08:15PM ET",9.953,"ChC"
"OF","Ryan Braun",4700,"Col@Mil 07:40PM ET",9.138,"Mil"
"SP","Joan Gregorio",4700,"SF@Ari 09:40PM ET",0,"SF"
"SP","Paul Clemens",4700,"SD@LAD 10:10PM ET",8.572,"SD"
"OF","Carlos Gonzalez",4600,"Col@Mil 07:40PM ET",8.46,"Col"
"OF","Charlie Blackmon",4600,"Col@Mil 07:40PM ET",10.014,"Col"
"SP","Taylor Clarke",4600,"SF@Ari 09:40PM ET",0,"Ari"
"RP","Chris Stratton",4600,"SF@Ari 09:40PM ET",2.986,"SF"
"RP","Frank Duncan",4600,"SF@Ari 09:40PM ET",0,"Ari"
"1B","Paul Goldschmidt",4600,"SF@Ari 09:40PM ET",9.88,"Ari"
"1B","Anthony Rizzo",4500,"ChC@StL 08:15PM ET",9.237,"ChC"
"SP","Kyle Freeland",4500,"Col@Mil 07:40PM ET",0,"Col"
"SP","Chi Chi Gonzalez",4500,"Cle@Tex 08:05PM ET",-0.25,"Tex"
"OF","Michael Brantley",4500,"Cle@Tex 08:05PM ET",6,"Cle"
"SP","Jorge De La Rosa",4500,"SF@Ari 09:40PM ET",9.211,"Ari"
"SP","Albert Suarez",4500,"SF@Ari 09:40PM ET",7.3,"SF"
"SP","Tyrell Jenkins",4500,"SD@LAD 10:10PM ET",3.971,"SD"
"RP","Rob Zastryzny",4400,"ChC@StL 08:15PM ET",7.4,"ChC"
"OF","Ian Desmond",4400,"Col@Mil 07:40PM ET",8.585,"Col"
"1B","Edwin Encarnacion",4400,"Cle@Tex 08:05PM ET",9.296,"Cle"
"2B","Jose Altuve",4400,"Sea@Hou 08:10PM ET",10.043,"Hou"
"SS","Carlos Correa",4400,"Sea@Hou 08:10PM ET",8.301,"Hou"
"SP","Brad Keller",4400,"SF@Ari 09:40PM ET",0,"Ari"
"SP","Cesar Vargas",4400,"SD@LAD 10:10PM ET",8.614,"SD"
"RP","Ryan Buchter",4400,"SD@LAD 10:10PM ET",3.426,"SD"
"RP","Trevor Cahill",4400,"SD@LAD 10:10PM ET",3.968,"SD"
"RP","Brad Hand",4400,"SD@LAD 10:10PM ET",3.915,"SD"
"RP","Brandon Maurer",4400,"SD@LAD 10:10PM ET",2.489,"SD"
"RP","Buddy Baumann",4400,"SD@LAD 10:10PM ET",2.777,"SD"
"RP","Keith Hessler",4400,"SD@LAD 10:10PM ET",1.879,"SD"
"RP","Jose M. Torres",4400,"SD@LAD 10:10PM ET",2.438,"SD"
"RP","Carter Capps",4400,"SD@LAD 10:10PM ET",0,"SD"
"RP","Kevin Quackenbush",4400,"SD@LAD 10:10PM ET",2.468,"SD"
"SP","Pierce Johnson",4300,"ChC@StL 08:15PM ET",0,"ChC"
"SP","Taylor Guerrieri",4300,"NYY@TB 07:10PM ET",0,"TB"
"SP","Justus Sheffield",4300,"NYY@TB 07:10PM ET",0,"NYY"
"RP","Tyler Clippard",4300,"NYY@TB 07:10PM ET",2.944,"NYY"
"RP","Dellin Betances",4300,"NYY@TB 07:10PM ET",4.499,"NYY"
"RP","Tommy Layne",4300,"NYY@TB 07:10PM ET",1.776,"NYY"
"RP","Aroldis Chapman",4300,"NYY@TB 07:10PM ET",4.708,"NYY"
"RP","Chasen Shreve",4300,"NYY@TB 07:10PM ET",2.25,"NYY"
"RP","Jonathan Holder",4300,"NYY@TB 07:10PM ET",1.444,"NYY"
"RP","Ben Heller",4300,"NYY@TB 07:10PM ET",1.155,"NYY"
"SP","Antonio Senzatela",4300,"Col@Mil 07:40PM ET",0,"Col"
"OF","David Dahl",4300,"Col@Mil 07:40PM ET",7.778,"Col"
"SP","Mike Clevinger",4300,"Cle@Tex 08:05PM ET",6.181,"Cle"
"1B","Carlos Santana",4300,"Cle@Tex 08:05PM ET",8.312,"Cle"
"2B","Jason Kipnis",4300,"Cle@Tex 08:05PM ET",8.398,"Cle"
"SS","Francisco Lindor",4300,"Cle@Tex 08:05PM ET",8.139,"Cle"
"SP","Andrew Moore",4300,"Sea@Hou 08:10PM ET",0,"Sea"
"RP","Casey Fien",4300,"Sea@Hou 08:10PM ET",2.09,"Sea"
"RP","Marc Rzepczynski",4300,"Sea@Hou 08:10PM ET",1.835,"Sea"
"RP","Steve Cishek",4300,"Sea@Hou 08:10PM ET",3.719,"Sea"
"RP","Evan Scribner",4300,"Sea@Hou 08:10PM ET",4.725,"Sea"
"RP","Nick Vincent",4300,"Sea@Hou 08:10PM ET",3.12,"Sea"
"RP","James Pazos",4300,"Sea@Hou 08:10PM ET",0.386,"Sea"
"RP","Tony Zych",4300,"Sea@Hou 08:10PM ET",4.513,"Sea"
"RP","Edwin Diaz",4300,"Sea@Hou 08:10PM ET",4.54,"Sea"
"RP","Shae Simmons",4300,"Sea@Hou 08:10PM ET",2.2,"Sea"
"RP","Francis Martes",4300,"Sea@Hou 08:10PM ET",0,"Hou"
"RP","Dan Altavilla",4300,"Sea@Hou 08:10PM ET",2.53,"Sea"
"RP","Zac Curtis",4300,"Sea@Hou 08:10PM ET",0.6,"Sea"
"SP","Ryne Stanek",4200,"NYY@TB 07:10PM ET",0,"TB"
"SP","Raul Alcantara",4200,"LAA@Oak 10:05PM ET",4.57,"Oak"
"RP","Huston Street",4200,"LAA@Oak 10:05PM ET",1.248,"LAA"
"RP","Andrew Bailey",4200,"LAA@Oak 10:05PM ET",2.317,"LAA"
"RP","J.C. Ramirez",4200,"LAA@Oak 10:05PM ET",2.417,"LAA"
"RP","Jose Alvarez",4200,"LAA@Oak 10:05PM ET",2.135,"LAA"
"RP","Austin Adams",4200,"LAA@Oak 10:05PM ET",0.782,"LAA"
"RP","Brooks Pounders",4200,"LAA@Oak 10:05PM ET",1.792,"LAA"
"RP","Mike Morin",4200,"LAA@Oak 10:05PM ET",2.274,"LAA"
"RP","Kirby Yates",4200,"LAA@Oak 10:05PM ET",2.795,"LAA"
"RP","Cam Bedrosian",4200,"LAA@Oak 10:05PM ET",3.626,"LAA"
"RP","Greg Mahle",4200,"LAA@Oak 10:05PM ET",1.26,"LAA"
"2B/3B","DJ LeMahieu",4200,"Col@Mil 07:40PM ET",8.776,"Col"
"RP","Adam Plutko",4200,"Cle@Tex 08:05PM ET",2.025,"Cle"
"RP","Sergio Romo",4200,"SD@LAD 10:10PM ET",2.426,"LAD"
"RP","Kenley Jansen",4200,"SD@LAD 10:10PM ET",4.65,"LAD"
"RP","Josh Ravin",4200,"SD@LAD 10:10PM ET",4.215,"LAD"
"RP","Chris Hatcher",4200,"SD@LAD 10:10PM ET",2.981,"LAD"
"RP","Josh Fields",4200,"SD@LAD 10:10PM ET",2.678,"LAD"
"RP","Pedro Baez",4200,"SD@LAD 10:10PM ET",3.301,"LAD"
"RP","Luis Avilan",4200,"SD@LAD 10:10PM ET",2.972,"LAD"
"RP","Grant Dayton",4200,"SD@LAD 10:10PM ET",3.792,"LAD"
"RP","Adam Liberatore",4200,"SD@LAD 10:10PM ET",2.314,"LAD"
"SS","Corey Seager",4200,"SD@LAD 10:10PM ET",8.417,"LAD"
"RP","Jonathan Broxton",4100,"ChC@StL 08:15PM ET",2.441,"StL"
"RP","Pedro Strop",4100,"ChC@StL 08:15PM ET",2.966,"ChC"
"RP","Wade Davis",4100,"ChC@StL 08:15PM ET",3.34,"ChC"
"RP","Brian Duensing",4100,"ChC@StL 08:15PM ET",2.343,"ChC"
"RP","Seung Hwan Oh",4100,"ChC@StL 08:15PM ET",4.345,"StL"
"RP","Hector Rondon",4100,"ChC@StL 08:15PM ET",2.962,"ChC"
"RP","Miguel Socolovich",4100,"ChC@StL 08:15PM ET",4.167,"StL"
"RP","Brett Cecil",4100,"ChC@StL 08:15PM ET",2.136,"StL"
"RP","Justin Grimm",4100,"ChC@StL 08:15PM ET",2.228,"ChC"
"RP","Kevin Siegrist",4100,"ChC@StL 08:15PM ET",3.214,"StL"
"RP","Koji Uehara",4100,"ChC@StL 08:15PM ET",3.489,"ChC"
"RP","Tyler Lyons",4100,"ChC@StL 08:15PM ET",4.753,"StL"
"RP","Trevor Rosenthal",4100,"ChC@StL 08:15PM ET",2.728,"StL"
"RP","Felix Pena",4100,"ChC@StL 08:15PM ET",3.041,"ChC"
"RP","Sam Tuivailala",4100,"ChC@StL 08:15PM ET",0.854,"StL"
"RP","Carl Edwards Jr.",4100,"ChC@StL 08:15PM ET",3.271,"ChC"
"RP","Matt Bowman",4100,"ChC@StL 08:15PM ET",2.784,"StL"
"C/OF","Kyle Schwarber",4100,"ChC@StL 08:15PM ET",6.286,"ChC"
"RP","Jumbo Diaz",4100,"NYY@TB 07:10PM ET",2.47,"TB"
"RP","Xavier Cedeno",4100,"NYY@TB 07:10PM ET",2.363,"TB"
"RP","Brad Boxberger",4100,"NYY@TB 07:10PM ET",2.309,"TB"
"RP","Danny Farquhar",4100,"NYY@TB 07:10PM ET",3.437,"TB"
"RP","Alex Colome",4100,"NYY@TB 07:10PM ET",3.816,"TB"
"RP","Erasmo Ramirez",4100,"NYY@TB 07:10PM ET",3.281,"TB"
"RP","Shawn Tolleson",4100,"NYY@TB 07:10PM ET",1.296,"TB"
"RP","Ryan Garton",4100,"NYY@TB 07:10PM ET",2.303,"TB"
"RP","Ryan Madson",4100,"LAA@Oak 10:05PM ET",2.611,"Oak"
"RP","Santiago Casilla",4100,"LAA@Oak 10:05PM ET",2.832,"Oak"
"RP","John Axford",4100,"LAA@Oak 10:05PM ET",2.573,"Oak"
"RP","Sean Doolittle",4100,"LAA@Oak 10:05PM ET",3.026,"Oak"
"RP","Liam Hendriks",4100,"LAA@Oak 10:05PM ET",3.455,"Oak"
"RP","Daniel Coulombe",4100,"LAA@Oak 10:05PM ET",4.196,"Oak"
"RP","Andrew Triggs",4100,"LAA@Oak 10:05PM ET",5.981,"Oak"
"RP","Frankie Montas",4100,"LAA@Oak 10:05PM ET",0,"Oak"
"RP","Ryan Dull",4100,"LAA@Oak 10:05PM ET",3.624,"Oak"
"SP","Chris Rusin",4100,"Col@Mil 07:40PM ET",7.067,"Col"
"SP","Brent Suter",4100,"Col@Mil 07:40PM ET",3.725,"Mil"
"SP","Luis Ortiz",4100,"Col@Mil 07:40PM ET",0,"Mil"
"SS","Trevor Story",4100,"Col@Mil 07:40PM ET",9.814,"Col"
"RP","Tony Sipp",4100,"Sea@Hou 08:10PM ET",1.528,"Hou"
"RP","Will Harris",4100,"Sea@Hou 08:10PM ET",3.23,"Hou"
"RP","Luke Gregerson",4100,"Sea@Hou 08:10PM ET",3.44,"Hou"
"RP","Ashur Tolliver",4100,"Sea@Hou 08:10PM ET",2.74,"Hou"
"RP","Ken Giles",4100,"Sea@Hou 08:10PM ET",3.588,"Hou"
"RP","Jandel Gustave",4100,"Sea@Hou 08:10PM ET",3.45,"Hou"
"RP","Michael Feliz",4100,"Sea@Hou 08:10PM ET",5.49,"Hou"
"RP","Chris Devenski",4100,"Sea@Hou 08:10PM ET",7.386,"Hou"
"RP","James Hoyt",4100,"Sea@Hou 08:10PM ET",3.268,"Hou"
"2B","Robinson Cano",4100,"Sea@Hou 08:10PM ET",9.093,"Sea"
"OF","Nelson Cruz",4100,"Sea@Hou 08:10PM ET",9.109,"Sea"
"OF","George Springer",4100,"Sea@Hou 08:10PM ET",8.821,"Hou"
"RP","Tommy Hunter",4000,"NYY@TB 07:10PM ET",2.409,"TB"
"RP","Austin Pruitt",4000,"NYY@TB 07:10PM ET",0,"TB"
"C","Gary Sanchez",4000,"NYY@TB 07:10PM ET",10.434,"NYY"
"3B","Evan Longoria",4000,"NYY@TB 07:10PM ET",8.256,"TB"
"RP","Blake Parker",4000,"LAA@Oak 10:05PM ET",2.247,"LAA"
"SP","Jordan Lyles",4000,"Col@Mil 07:40PM ET",1.885,"Col"
"SP","Taylor Williams",4000,"Col@Mil 07:40PM ET",0,"Mil"
"RP","Chad Qualls",4000,"Col@Mil 07:40PM ET",1.28,"Col"
"RP","Jason Motte",4000,"Col@Mil 07:40PM ET",1.748,"Col"
"RP","Jake McGee",4000,"Col@Mil 07:40PM ET",1.645,"Col"
"RP","Carlos Torres",4000,"Col@Mil 07:40PM ET",3.387,"Mil"
"RP","Mike Dunn",4000,"Col@Mil 07:40PM ET",2.53,"Col"
"RP","Adam Ottavino",4000,"Col@Mil 07:40PM ET",3.016,"Col"
"RP","Jared Hughes",4000,"Col@Mil 07:40PM ET",1.673,"Mil"
"RP","Neftali Feliz",4000,"Col@Mil 07:40PM ET",2.896,"Mil"
"RP","Greg Holland",4000,"Col@Mil 07:40PM ET",0,"Col"
"RP","Michael Blazek",4000,"Col@Mil 07:40PM ET",1.819,"Mil"
"RP","Jhan Marinez",4000,"Col@Mil 07:40PM ET",3.105,"Mil"
"RP","Damien Magnifico",4000,"Col@Mil 07:40PM ET",-0.283,"Mil"
"RP","Tyler Cravy",4000,"Col@Mil 07:40PM ET",3.468,"Mil"
"RP","Jairo Diaz",4000,"Col@Mil 07:40PM ET",0,"Col"
"RP","Scott Oberg",4000,"Col@Mil 07:40PM ET",2.071,"Col"
"RP","Jacob Barnes",4000,"Col@Mil 07:40PM ET",2.889,"Mil"
"RP","Adrian Houser",4000,"Col@Mil 07:40PM ET",0,"Mil"
"RP","Carlos Estevez",4000,"Col@Mil 07:40PM ET",2.221,"Col"
"RP","Miguel Castro",4000,"Col@Mil 07:40PM ET",1.189,"Col"
"RP","Sam Moll",4000,"Col@Mil 07:40PM ET",0,"Col"
"RP","Corey Knebel",4000,"Col@Mil 07:40PM ET",2.503,"Mil"
"3B/SS","Jonathan Villar",4000,"Col@Mil 07:40PM ET",9.679,"Mil"
"SP","Cody Anderson",4000,"Cle@Tex 08:05PM ET",5.426,"Cle"
"SP","Connor Sadzeck",4000,"Cle@Tex 08:05PM ET",0,"Tex"
"SP","Nick Martinez",4000,"Cle@Tex 08:05PM ET",3.133,"Tex"
"RP","Boone Logan",4000,"Cle@Tex 08:05PM ET",2.407,"Cle"
"RP","Matt Bush",4000,"Cle@Tex 08:05PM ET",3.898,"Tex"
"RP","Andrew Miller",4000,"Cle@Tex 08:05PM ET",6.159,"Cle"
"RP","Jeremy Jeffress",4000,"Cle@Tex 08:05PM ET",2.556,"Tex"
"RP","Zach McAllister",4000,"Cle@Tex 08:05PM ET",2.727,"Cle"
"RP","Tony Barnette",4000,"Cle@Tex 08:05PM ET",3.546,"Tex"
"RP","Sam Dyson",4000,"Cle@Tex 08:05PM ET",2.609,"Tex"
"RP","Dan Otero",4000,"Cle@Tex 08:05PM ET",3.559,"Cle"
"RP","Tanner Scheppers",4000,"Cle@Tex 08:05PM ET",2.01,"Tex"
"RP","Eddie Gamboa",4000,"Cle@Tex 08:05PM ET",5.4,"Tex"
"RP","Bryan Shaw",4000,"Cle@Tex 08:05PM ET",2.653,"Cle"
"RP","Carlos Frias",4000,"Cle@Tex 08:05PM ET",13.2,"Cle"
"RP","Joe Colon",4000,"Cle@Tex 08:05PM ET",1.736,"Cle"
"RP","Dario Alvarez",4000,"Cle@Tex 08:05PM ET",3.892,"Tex"
"RP","Perci Garner",4000,"Cle@Tex 08:05PM ET",2.95,"Cle"
"RP","Cody Allen",4000,"Cle@Tex 08:05PM ET",4.293,"Cle"
"RP","Alex Claudio",4000,"Cle@Tex 08:05PM ET",3.324,"Tex"
"RP","Jose Leclerc",4000,"Cle@Tex 08:05PM ET",3.613,"Tex"
"RP","Ryan Merritt",4000,"Cle@Tex 08:05PM ET",9.54,"Cle"
"RP","Shawn Armstrong",4000,"Cle@Tex 08:05PM ET",2.36,"Cle"
"RP","Andrew Faulkner",4000,"Cle@Tex 08:05PM ET",-0.022,"Tex"
"RP","Nick Goody",4000,"Cle@Tex 08:05PM ET",2.869,"Cle"
"RP","Shawn Morimando",4000,"Cle@Tex 08:05PM ET",0.05,"Cle"
"RP","Keone Kela",4000,"Cle@Tex 08:05PM ET",3.142,"Tex"
"RP","Mike Hauschild",4000,"Cle@Tex 08:05PM ET",0,"Tex"
"RP","Yohander Mendez",4000,"Cle@Tex 08:05PM ET",-4.725,"Tex"
"RP","Kyle Crockett",4000,"Cle@Tex 08:05PM ET",1.317,"Cle"
"2B/SS","Jean Segura",4000,"Sea@Hou 08:10PM ET",9.575,"Sea"
"SP","Andrew Suarez",4000,"SF@Ari 09:40PM ET",0,"SF"
"RP","Fernando Rodney",4000,"SF@Ari 09:40PM ET",2.916,"Ari"
"RP","Tom Wilhelmsen",4000,"SF@Ari 09:40PM ET",0.993,"Ari"
"RP","George Kontos",4000,"SF@Ari 09:40PM ET",2.331,"SF"
"RP","Mark Melancon",4000,"SF@Ari 09:40PM ET",3.168,"SF"
"RP","Neil Ramirez",4000,"SF@Ari 09:40PM ET",2.556,"SF"
"RP","Cory Gearrin",4000,"SF@Ari 09:40PM ET",2.331,"SF"
"RP","Hunter Strickland",4000,"SF@Ari 09:40PM ET",2.526,"SF"
"RP","Will Smith",4000,"SF@Ari 09:40PM ET",2.53,"SF"
"RP","J.J. Hoover",4000,"SF@Ari 09:40PM ET",-0.289,"Ari"
"RP","Randall Delgado",4000,"SF@Ari 09:40PM ET",2.301,"Ari"
"RP","Jake Barrett",4000,"SF@Ari 09:40PM ET",2.304,"Ari"
"RP","Derek Law",4000,"SF@Ari 09:40PM ET",2.969,"SF"
"RP","Josh Osich",4000,"SF@Ari 09:40PM ET",1.118,"SF"
"RP","Steven Okert",4000,"SF@Ari 09:40PM ET",2.419,"SF"
"RP","Ray Black",4000,"SF@Ari 09:40PM ET",0,"SF"
"RP","Andrew Chafin",4000,"SF@Ari 09:40PM ET",1.644,"Ari"
"RP","Steve Hathaway",4000,"SF@Ari 09:40PM ET",1.358,"Ari"
"RP","Silvino Bracho",4000,"SF@Ari 09:40PM ET",0.888,"Ari"
"RP","Jimmie Sherfy",4000,"SF@Ari 09:40PM ET",0,"Ari"
"OF","Hunter Pence",4000,"SF@Ari 09:40PM ET",7.33,"SF"
"RP","Craig Stammen",4000,"SD@LAD 10:10PM ET",0,"SD"
"RP","Miguel Diaz",4000,"SD@LAD 10:10PM ET",0,"SD"
"2B","Rougned Odor",3900,"Cle@Tex 08:05PM ET",8.523,"Tex"
"3B/OF","Jose Ramirez",3900,"Cle@Tex 08:05PM ET",7.845,"Cle"
"OF","Shin-soo Choo",3900,"Cle@Tex 08:05PM ET",7.52,"Tex"
"1B/C","Buster Posey",3900,"SF@Ari 09:40PM ET",7.605,"SF"
"OF","Dexter Fowler",3800,"ChC@StL 08:15PM ET",8.401,"StL"
"3B","Adrian Beltre",3800,"Cle@Tex 08:05PM ET",8.506,"Tex"
"3B","Kyle Seager",3800,"Sea@Hou 08:10PM ET",8.481,"Sea"
"1B/OF","Wil Myers",3800,"SD@LAD 10:10PM ET",8.862,"SD"
"1B/3B","Matt Carpenter",3700,"ChC@StL 08:15PM ET",8.55,"StL"
"2B/OF","Ben Zobrist",3700,"ChC@StL 08:15PM ET",7.951,"ChC"
"C","Jonathan Lucroy",3700,"Cle@Tex 08:05PM ET",7.438,"Tex"
"1B","Brandon Belt",3700,"SF@Ari 09:40PM ET",7.714,"SF"
"3B/SS","Eduardo Nunez",3700,"SF@Ari 09:40PM ET",8.368,"SF"
"OF","A.J. Pollock",3700,"SF@Ari 09:40PM ET",8.333,"Ari"
"SS","Aledmys Diaz",3600,"ChC@StL 08:15PM ET",8.477,"StL"
"OF","Stephen Piscotty",3600,"ChC@StL 08:15PM ET",7.916,"StL"
"OF","Gerardo Parra",3600,"Col@Mil 07:40PM ET",5.971,"Col"
"OF","Keon Broxton",3600,"Col@Mil 07:40PM ET",6.92,"Mil"
"1B","Mike Napoli",3600,"Cle@Tex 08:05PM ET",8.048,"Tex"
"OF","Carlos Gomez",3600,"Cle@Tex 08:05PM ET",6.661,"Tex"
"3B","Alex Bregman",3600,"Sea@Hou 08:10PM ET",8.694,"Hou"
"3B","Jake Lamb",3600,"SF@Ari 09:40PM ET",8,"Ari"
"OF","Denard Span",3600,"SF@Ari 09:40PM ET",7.134,"SF"
"1B","Albert Pujols",3500,"LAA@Oak 10:05PM ET",8.118,"LAA"
"OF","Khris Davis",3500,"LAA@Oak 10:05PM ET",8.225,"Oak"
"1B/OF","Eric Thames",3500,"Col@Mil 07:40PM ET",0,"Mil"
"OF","Domingo Santana",3500,"Col@Mil 07:40PM ET",6.3,"Mil"
"SS","Elvis Andrus",3500,"Cle@Tex 08:05PM ET",7.68,"Tex"
"OF","Tyler Naquin",3500,"Cle@Tex 08:05PM ET",6.031,"Cle"
"C","Evan Gattis",3500,"Sea@Hou 08:10PM ET",7.516,"Hou"
"2B","Joe Panik",3500,"SF@Ari 09:40PM ET",6.886,"SF"
"OF","Yasmany Tomas",3500,"SF@Ari 09:40PM ET",7.678,"Ari"
"2B/3B","Javier Baez",3400,"ChC@StL 08:15PM ET",5.899,"ChC"
"1B","Chris Carter",3400,"NYY@TB 07:10PM ET",7.831,"NYY"
"OF","Mallex Smith",3400,"NYY@TB 07:10PM ET",5.75,"TB"
"OF","Nomar Mazara",3400,"Cle@Tex 08:05PM ET",6.347,"Tex"
"OF","Carlos Beltran",3400,"Sea@Hou 08:10PM ET",7.606,"Hou"
"SS","Brandon Crawford",3400,"SF@Ari 09:40PM ET",7.163,"SF"
"1B","Adrian Gonzalez",3400,"SD@LAD 10:10PM ET",7.048,"LAD"
"OF","Yasiel Puig",3400,"SD@LAD 10:10PM ET",5.791,"LAD"
"OF","Randal Grichuk",3300,"ChC@StL 08:15PM ET",6.947,"StL"
"SS","Brad Miller",3300,"NYY@TB 07:10PM ET",7.467,"TB"
"OF","Rajai Davis",3300,"LAA@Oak 10:05PM ET",7.235,"Oak"
"1B/3B","Travis Shaw",3300,"Col@Mil 07:40PM ET",6.342,"Mil"
"OF","Raimel Tapia",3300,"Col@Mil 07:40PM ET",2.864,"Col"
"3B/OF","Joey Gallo",3300,"Cle@Tex 08:05PM ET",1.824,"Tex"
"OF","David Peralta",3300,"SF@Ari 09:40PM ET",6.286,"Ari"
"C","Yasmani Grandal",3300,"SD@LAD 10:10PM ET",6.613,"LAD"
"2B","Logan Forsythe",3300,"SD@LAD 10:10PM ET",7.929,"LAD"
"OF","Joc Pederson",3300,"SD@LAD 10:10PM ET",6.953,"LAD"
"C/OF","Willson Contreras",3200,"ChC@StL 08:15PM ET",6.484,"ChC"
"2B/SS","Addison Russell",3200,"ChC@StL 08:15PM ET",7.024,"ChC"
"1B/OF","Matt Holliday",3200,"NYY@TB 07:10PM ET",6.964,"NYY"
"OF","Steven Souza Jr.",3200,"NYY@TB 07:10PM ET",6.642,"TB"
"OF","Kole Calhoun",3200,"LAA@Oak 10:05PM ET",7.592,"LAA"
"C","Dustin Garneau",3200,"Col@Mil 07:40PM ET",4.375,"Col"
"3B/OF","Hernan Perez",3200,"Col@Mil 07:40PM ET",7.252,"Mil"
"SS","Orlando Arcia",3200,"Col@Mil 07:40PM ET",6.2,"Mil"
"1B","Bobby Bradley",3200,"Cle@Tex 08:05PM ET",0,"Cle"
"3B/OF","Lonnie Chisenhall",3200,"Cle@Tex 08:05PM ET",5.681,"Cle"
"OF","Abraham Almonte",3200,"Cle@Tex 08:05PM ET",5.164,"Cle"
"OF","Delino DeShields",3200,"Cle@Tex 08:05PM ET",4.373,"Tex"
"OF","Josh Reddick",3200,"Sea@Hou 08:10PM ET",6.286,"Hou"
"OF","Mitch Haniger",3200,"Sea@Hou 08:10PM ET",5.794,"Sea"
"3B","Justin Turner",3200,"SD@LAD 10:10PM ET",8.031,"LAD"
"2B/3B","Jedd Gyorko",3100,"ChC@StL 08:15PM ET",6.5,"StL"
"C","Wilson Ramos",3100,"NYY@TB 07:10PM ET",7.618,"TB"
"OF","Brett Gardner",3100,"NYY@TB 07:10PM ET",6.913,"NYY"
"OF","Kevin Kiermaier",3100,"NYY@TB 07:10PM ET",7.495,"TB"
"1B","C.J. Cron",3100,"LAA@Oak 10:05PM ET",7.095,"LAA"
"3B","Trevor Plouffe",3100,"LAA@Oak 10:05PM ET",6.765,"Oak"
"OF","Cameron Maybin",3100,"LAA@Oak 10:05PM ET",8.298,"LAA"
"C","Tom Murphy",3100,"Col@Mil 07:40PM ET",6.286,"Col"
"OF","Brandon Guyer",3100,"Cle@Tex 08:05PM ET",5.741,"Cle"
"OF","Bradley Zimmer",3100,"Cle@Tex 08:05PM ET",0,"Cle"
"OF","Greg Allen",3100,"Cle@Tex 08:05PM ET",0,"Cle"
"OF","Norichika Aoki",3100,"Sea@Hou 08:10PM ET",6.381,"Hou"
"2B/OF","Brandon Drury",3100,"SF@Ari 09:40PM ET",6.463,"Ari"
"OF/SS","Chris Owings",3100,"SF@Ari 09:40PM ET",7.21,"Ari"
"OF","Jarrett Parker",3100,"SF@Ari 09:40PM ET",4,"SF"
"C","Yadier Molina",3000,"ChC@StL 08:15PM ET",6.544,"StL"
"OF","Colby Rasmus",3000,"NYY@TB 07:10PM ET",6.009,"TB"
"OF","Jacoby Ellsbury",3000,"NYY@TB 07:10PM ET",7.007,"NYY"
"OF","Corey Dickerson",3000,"NYY@TB 07:10PM ET",6.446,"TB"
"OF","Aaron Judge",3000,"NYY@TB 07:10PM ET",5.074,"NYY"
"1B/3B","Luis Valbuena",3000,"LAA@Oak 10:05PM ET",6.767,"LAA"
"1B/3B","Ryon Healy",3000,"LAA@Oak 10:05PM ET",7.625,"Oak"
"3B/SS","Marcus Semien",3000,"LAA@Oak 10:05PM ET",6.943,"Oak"
"1B","Jesus Aguilar",3000,"Col@Mil 07:40PM ET",0,"Mil"
"1B/3B","Mark Reynolds",3000,"Col@Mil 07:40PM ET",6.756,"Col"
"2B/3B","Jurickson Profar",3000,"Cle@Tex 08:05PM ET",4.922,"Tex"
"C","Brian McCann",3000,"Sea@Hou 08:10PM ET",6.408,"Hou"
"3B/OF","Danny Valencia",3000,"Sea@Hou 08:10PM ET",6.962,"Sea"
"C","Nick Hundley",3000,"SF@Ari 09:40PM ET",6.524,"SF"
"2B","Chase Utley",3000,"SD@LAD 10:10PM ET",6.446,"LAD"
"2B/3B","Ryan Schimpf",3000,"SD@LAD 10:10PM ET",7.685,"SD"
"OF","Franklin Gutierrez",3000,"SD@LAD 10:10PM ET",5.172,"LAD"
"OF","Jason Heyward",2900,"ChC@StL 08:15PM ET",5.842,"ChC"
"1B","Logan Morrison",2900,"NYY@TB 07:10PM ET",6.29,"TB"
"2B/3B","Matt Duffy",2900,"NYY@TB 07:10PM ET",6.12,"TB"
"1B/C","Stephen Vogt",2900,"LAA@Oak 10:05PM ET",6.095,"Oak"
"1B/3B","Jefry Marte",2900,"LAA@Oak 10:05PM ET",6.227,"LAA"
"C","Tony Wolters",2900,"Col@Mil 07:40PM ET",5.577,"Col"
"OF","Michael Reed",2900,"Col@Mil 07:40PM ET",3.375,"Mil"
"OF","Jordan Patterson",2900,"Col@Mil 07:40PM ET",3.4,"Col"
"C","Yan Gomes",2900,"Cle@Tex 08:05PM ET",4.487,"Cle"
"3B","Yuli Gurriel",2900,"Sea@Hou 08:10PM ET",5.833,"Hou"
"3B/SS","Taylor Motter",2900,"Sea@Hou 08:10PM ET",3.794,"Sea"
"OF","Leonys Martin",2900,"Sea@Hou 08:10PM ET",6.923,"Sea"
"OF","Derek Fisher",2900,"Sea@Hou 08:10PM ET",0,"Hou"
"OF","Jeremy Hazelbaker",2900,"SF@Ari 09:40PM ET",3.868,"Ari"
"OF","Mac Williamson",2900,"SF@Ari 09:40PM ET",3.907,"SF"
"2B/3B","Yangervis Solarte",2900,"SD@LAD 10:10PM ET",7.609,"SD"
"3B/SS","Jhonny Peralta",2800,"ChC@StL 08:15PM ET",6.024,"StL"
"OF","Albert Almora Jr.",2800,"ChC@StL 08:15PM ET",3.661,"ChC"
"1B","Greg Bird",2800,"NYY@TB 07:10PM ET",0,"NYY"
"2B/OF","Nick Franklin",2800,"NYY@TB 07:10PM ET",5.933,"TB"
"2B/SS","Starlin Castro",2800,"NYY@TB 07:10PM ET",6.742,"NYY"
"SS","Didi Gregorius",2800,"NYY@TB 07:10PM ET",6.797,"NYY"
"C","Andrew Susac",2800,"Col@Mil 07:40PM ET",3.5,"Mil"
"SS","Pat Valaika",2800,"Col@Mil 07:40PM ET",2.615,"Col"
"OF","Kirk Nieuwenhuis",2800,"Col@Mil 07:40PM ET",5.28,"Mil"
"C","Robinson Chirinos",2800,"Cle@Tex 08:05PM ET",5.31,"Tex"
"3B","Giovanny Urshela",2800,"Cle@Tex 08:05PM ET",0,"Cle"
"SS","Erik Gonzalez",2800,"Cle@Tex 08:05PM ET",1,"Cle"
"OF","Austin Jackson",2800,"Cle@Tex 08:05PM ET",5.593,"Cle"
"C/OF","Chris Herrmann",2800,"SF@Ari 09:40PM ET",6.214,"Ari"
"2B/SS","Kelby Tomlinson",2800,"SF@Ari 09:40PM ET",3.455,"SF"
"1B","Cody Bellinger",2800,"SD@LAD 10:10PM ET",0,"LAD"
"2B/SS","Chris Taylor",2800,"SD@LAD 10:10PM ET",2.722,"LAD"
"OF","Andre Ethier",2800,"SD@LAD 10:10PM ET",2.375,"LAD"
"OF","Manuel Margot",2800,"SD@LAD 10:10PM ET",6.4,"SD"
"C","Miguel Montero",2700,"ChC@StL 08:15PM ET",4.969,"ChC"
"1B","Matt Adams",2700,"ChC@StL 08:15PM ET",5.05,"StL"
"OF","Jon Jay",2700,"ChC@StL 08:15PM ET",6.489,"ChC"
"C","Josh Phegley",2700,"LAA@Oak 10:05PM ET",5.192,"Oak"
"1B/OF","Mark Canha",2700,"LAA@Oak 10:05PM ET",3.625,"Oak"
"3B/SS","Yunel Escobar",2700,"LAA@Oak 10:05PM ET",6.47,"LAA"
"OF","Ben Revere",2700,"LAA@Oak 10:05PM ET",5.272,"LAA"
"C","Brett Nicholas",2700,"Cle@Tex 08:05PM ET",5.667,"Tex"
"3B","Yandy Diaz",2700,"Cle@Tex 08:05PM ET",0,"Cle"
"1B/3B","Marwin Gonzalez",2700,"Sea@Hou 08:10PM ET",6.05,"Hou"
"OF","Jarrod Dyson",2700,"Sea@Hou 08:10PM ET",6.299,"Sea"
"OF","Preston Tucker",2700,"Sea@Hou 08:10PM ET",3.604,"Hou"
"OF","Socrates Brito",2700,"SF@Ari 09:40PM ET",3.7,"Ari"
"2B/C","Austin Barnes",2700,"SD@LAD 10:10PM ET",1.696,"LAD"
"2B","Willie Calhoun",2700,"SD@LAD 10:10PM ET",0,"LAD"
"OF","Trayce Thompson",2700,"SD@LAD 10:10PM ET",5.938,"LAD"
"OF","Alex Dickerson",2700,"SD@LAD 10:10PM ET",6.476,"SD"
"OF","Andrew Toles",2700,"SD@LAD 10:10PM ET",4.847,"LAD"
"OF","Hunter Renfroe",2700,"SD@LAD 10:10PM ET",10.818,"SD"
"2B","Kolten Wong",2600,"ChC@StL 08:15PM ET",4.579,"StL"
"3B","Jeimer Candelario",2600,"ChC@StL 08:15PM ET",1.8,"ChC"
"OF","Mark Zagunis",2600,"ChC@StL 08:15PM ET",0,"ChC"
"C","Derek Norris",2600,"NYY@TB 07:10PM ET",5.376,"TB"
"1B","Jake Bauers",2600,"NYY@TB 07:10PM ET",0,"TB"
"2B/SS","Tim Beckham",2600,"NYY@TB 07:10PM ET",5.516,"TB"
"3B","Chase Headley",2600,"NYY@TB 07:10PM ET",6.092,"NYY"
"1B","Yonder Alonso",2600,"LAA@Oak 10:05PM ET",5.167,"Oak"
"2B","Joey Wendle",2600,"LAA@Oak 10:05PM ET",5.357,"Oak"
"SS","Andrelton Simmons",2600,"LAA@Oak 10:05PM ET",6.032,"LAA"
"1B/OF","Ryan Rua",2600,"Cle@Tex 08:05PM ET",4.92,"Tex"
"2B","Andy Ibanez",2600,"Cle@Tex 08:05PM ET",0,"Tex"
"C","Mike Zunino",2600,"Sea@Hou 08:10PM ET",6.214,"Sea"
"3B","J.D. Davis",2600,"Sea@Hou 08:10PM ET",0,"Hou"
"OF","Ben Gamel",2600,"Sea@Hou 08:10PM ET",2.364,"Sea"
"3B","Aaron Hill",2600,"SF@Ari 09:40PM ET",5.315,"SF"
"OF","Gorkys Hernandez",2600,"SF@Ari 09:40PM ET",3.345,"SF"
"2B/3B","Cory Spangenberg",2600,"SD@LAD 10:10PM ET",6.429,"SD"
"3B/OF","Rob Segedin",2600,"SD@LAD 10:10PM ET",3.3,"LAD"
"OF","Alex Verdugo",2600,"SD@LAD 10:10PM ET",0,"LAD"
"1B/OF","Jose Martinez",2500,"ChC@StL 08:15PM ET",3.083,"StL"
"2B","Ian Happ",2500,"ChC@StL 08:15PM ET",0,"ChC"
"2B/3B","Tommy La Stella",2500,"ChC@StL 08:15PM ET",3.453,"ChC"
"OF","Matt Szczur",2500,"ChC@StL 08:15PM ET",3.222,"ChC"
"OF","Harrison Bader",2500,"ChC@StL 08:15PM ET",0,"StL"
"OF","Peter Bourjos",2500,"NYY@TB 07:10PM ET",4.675,"TB"
"OF","Aaron Hicks",2500,"NYY@TB 07:10PM ET",4.073,"NYY"
"OF","Tyler Austin",2500,"NYY@TB 07:10PM ET",5.097,"NYY"
"2B","Jed Lowrie",2500,"LAA@Oak 10:05PM ET",5.494,"Oak"
"2B/SS","Danny Espinosa",2500,"LAA@Oak 10:05PM ET",6.253,"LAA"
"OF","Jake Smolinski",2500,"LAA@Oak 10:05PM ET",4.495,"Oak"
"C","Manny Pina",2500,"Col@Mil 07:40PM ET",3.879,"Mil"
"C","Jett Bandy",2500,"Col@Mil 07:40PM ET",5.029,"Mil"
"C","Jacob Nottingham",2500,"Col@Mil 07:40PM ET",0,"Mil"
"2B/SS","Cristhian Adames",2500,"Col@Mil 07:40PM ET",2.81,"Col"
"3B/SS","Alexi Amarista",2500,"Col@Mil 07:40PM ET",3.277,"Col"
"OF","Corey Ray",2500,"Col@Mil 07:40PM ET",0,"Mil"
"C","Roberto Perez",2500,"Cle@Tex 08:05PM ET",4.145,"Cle"
"2B/OF","Michael Martinez",2500,"Cle@Tex 08:05PM ET",1.93,"Cle"
"2B/SS","Hanser Alberto",2500,"Cle@Tex 08:05PM ET",1.286,"Tex"
"OF","Jake Marisnick",2500,"Sea@Hou 08:10PM ET",3.949,"Hou"
"OF","Guillermo Heredia",2500,"Sea@Hou 08:10PM ET",3.622,"Sea"
"C","Oscar Hernandez",2500,"SF@Ari 09:40PM ET",4.25,"Ari"
"1B/OF","Chris Marrero",2500,"SF@Ari 09:40PM ET",0,"SF"
"3B","Conor Gillaspie",2500,"SF@Ari 09:40PM ET",3.877,"SF"
"C","Christian Bethancourt",2500,"SD@LAD 10:10PM ET",4.205,"SD"
"OF","Travis Jankowski",2500,"SD@LAD 10:10PM ET",5.069,"SD"
"2B/OF","Kike Hernandez",2400,"SD@LAD 10:10PM ET",3.009,"LAD"
"SS","Allen Cordoba",2400,"SD@LAD 10:10PM ET",0,"SD"
"OF","Scott Van Slyke",2400,"SD@LAD 10:10PM ET",2.827,"LAD"
"3B/SS","Greg Garcia",2300,"ChC@StL 08:15PM ET",4.09,"StL"
"C","Jesus Sucre",2300,"NYY@TB 07:10PM ET",8.111,"TB"
"C","Curt Casali",2300,"NYY@TB 07:10PM ET",4.19,"TB"
"2B/SS","Pete Kozma",2300,"NYY@TB 07:10PM ET",0,"NYY"
"SS","Daniel Robertson",2300,"NYY@TB 07:10PM ET",0,"TB"
"SS","Gleyber Torres",2300,"NYY@TB 07:10PM ET",0,"NYY"
"OF","Rickie Weeks Jr.",2300,"NYY@TB 07:10PM ET",3.704,"TB"
"C","Bruce Maxwell",2300,"LAA@Oak 10:05PM ET",4.909,"Oak"
"OF","Matt Joyce",2300,"LAA@Oak 10:05PM ET",4.193,"Oak"
"OF","Ryan LaMarre",2300,"LAA@Oak 10:05PM ET",0.667,"LAA"
"1B","Stephen Cardullo",2300,"Col@Mil 07:40PM ET",3.296,"Col"
"2B/3B","Yadiel Rivera",2300,"Col@Mil 07:40PM ET",2.4,"Mil"
"2B/OF","Drew Robinson",2300,"Cle@Tex 08:05PM ET",0,"Tex"
"OF","Daniel Robertson",2300,"Cle@Tex 08:05PM ET",2.556,"Cle"
"C","Carlos Ruiz",2300,"Sea@Hou 08:10PM ET",5.493,"Sea"
"2B/SS","Shawn O'Malley",2300,"Sea@Hou 08:10PM ET",3.82,"Sea"
"C","Chris Iannetta",2300,"SF@Ari 09:40PM ET",4.649,"Ari"
"C","Trevor Brown",2300,"SF@Ari 09:40PM ET",3.5,"SF"
"2B/SS","Daniel Descalso",2300,"SF@Ari 09:40PM ET",5.303,"Ari"
"C","Hector Sanchez",2300,"SD@LAD 10:10PM ET",3.357,"SD"
"C","Austin Hedges",2300,"SD@LAD 10:10PM ET",2.375,"SD"
"2B","Luis Urias",2300,"SD@LAD 10:10PM ET",0,"SD"
"SS","Erick Aybar",2300,"SD@LAD 10:10PM ET",4.592,"SD"
"C","Carson Kelly",2200,"ChC@StL 08:15PM ET",1.4,"StL"
"C","Austin Romine",2200,"NYY@TB 07:10PM ET",4.435,"NYY"
"C","Luke Maile",2200,"NYY@TB 07:10PM ET",4.143,"TB"
"C","Martin Maldonado",2200,"LAA@Oak 10:05PM ET",4.829,"LAA"
"2B/3B","Adam Rosales",2200,"LAA@Oak 10:05PM ET",4.771,"Oak"
"SS","David Fletcher",2200,"LAA@Oak 10:05PM ET",0,"LAA"
"C","Tuffy Gosewisch",2200,"Sea@Hou 08:10PM ET",3.412,"Sea"
"OF","Kyle Tucker",2200,"Sea@Hou 08:10PM ET",0,"Hou"
"SS","Nick Ahmed",2200,"SF@Ari 09:40PM ET",4.356,"Ari"
"C","Luis Torrens",2200,"SD@LAD 10:10PM ET",0,"SD"
"C","Eric Fryer",2100,"ChC@StL 08:15PM ET",3.267,"StL"
"3B/SS","Ronald Torreyes",2100,"NYY@TB 07:10PM ET",3.569,"NYY"
"3B/SS","Luis Sardinas",2100,"SD@LAD 10:10PM ET",4.682,"SD"
"OF","Eloy Jimenez",2000,"ChC@StL 08:15PM ET",0,"ChC"
"C","Carlos Perez",2000,"LAA@Oak 10:05PM ET",4.345,"LAA"
"2B/SS","Cliff Pennington",2000,"LAA@Oak 10:05PM ET",3.162,"LAA"
"1B","Daniel Vogelbach",2000,"Sea@Hou 08:10PM ET",0.625,"Sea"
"OF","Kyle Lewis",2000,"Sea@Hou 08:10PM ET",0,"Sea"
"C","Jeff Mathis",2000,"SF@Ari 09:40PM ET",4.415,"Ari"
