"Position","Name...ID","Name","ID","Salary","GameInfo","Team","FirstName","LastName","Opponent","Projection","Projection_dfn","Projection_fc","Projection_dfn_perturbed","TierRank"
"WR","Julio Jones (7147473)","Julio Jones",7147473,9400,"TB@Atl 01:00PM ET","Atl","Julio","Jones","TB",27.81,24.9,25.43,24.9,1
"WR","Odell Beckham (7147717)","Odell Beckham",7147717,9300,"NYG@Dal 04:25PM ET","NYG","Odell","Beckham","Dal",22.51,21,24.72,21,2
"WR","DeAndre Hopkins (7147645)","DeAndre Hopkins",7147645,8800,"Chi@Hou 01:00PM ET","Hou","DeAndre","Hopkins","Chi",22.49,20.5,23.06,20.5,2
"QB","Aaron Rodgers (7147242)","Aaron Rodgers",7147242,8500,"GB@Jax 01:00PM ET","GB","Aaron","Rodgers","Jax",23.19,22.3,23.69,22.3,2
"WR","Dez Bryant (7147707)","Dez Bryant",7147707,8500,"NYG@Dal 04:25PM ET","Dal","Dez","Bryant","NYG",17.95,19,22.94,19,3
"WR","A.J. Green (7147544)","A.J. Green",7147544,8400,"Cin@NYJ 01:00PM ET","Cin","A.J.","Green","NYJ",19.1,18,21.14,18,3
"QB","Andrew Luck (7147267)","Andrew Luck",7147267,8300,"Det@Ind 04:25PM ET","Ind","Andrew","Luck","Det",21.57,24.2,22.87,24.2,1
"WR","Allen Robinson (7147675)","Allen Robinson",7147675,8300,"GB@Jax 01:00PM ET","Jax","Allen","Robinson","GB",18.72,16.5,21.74,16.5,3
"QB","Drew Brees (7147213)","Drew Brees",7147213,8100,"Oak@NO 01:00PM ET","NO","Drew","Brees","Oak",24.75,20.8,23.09,20.8,3
"WR","Keenan Allen (7147597)","Keenan Allen",7147597,8000,"SD@KC 01:00PM ET","SD","Keenan","Allen","KC",17.39,0,17.46,0,0
"QB","Russell Wilson (7147252)","Russell Wilson",7147252,7900,"Mia@Sea 04:05PM ET","Sea","Russell","Wilson","Mia",21.57,22.9,23.29,22.9,2
"WR","Alshon Jeffery (7147639)","Alshon Jeffery",7147639,7900,"Chi@Hou 01:00PM ET","Chi","Alshon","Jeffery","Hou",17.28,17.2,18.32,17.2,3
"WR","Brandon Marshall (7147538)","Brandon Marshall",7147538,7800,"Cin@NYJ 01:00PM ET","NYJ","Brandon","Marshall","Cin",18.93,18.2,19.88,18.2,3
"WR","Jordy Nelson (7147658)","Jordy Nelson",7147658,7700,"GB@Jax 01:00PM ET","GB","Jordy","Nelson","Jax",18.78,14.4,18.98,14.4,4
"WR","Brandin Cooks (7147574)","Brandin Cooks",7147574,7700,"Oak@NO 01:00PM ET","NO","Brandin","Cooks","Oak",16.81,16.1,17.51,16.1,3
"RB","Adrian Peterson (7147291)","Adrian Peterson",7147291,7600,"Min@Ten 01:00PM ET","Min","Adrian","Peterson","Ten",18.29,15.3,20.47,15.3,2
"WR","Randall Cobb (7147661)","Randall Cobb",7147661,7600,"GB@Jax 01:00PM ET","GB","Randall","Cobb","Jax",17.1,16.7,17.07,16.7,3
"QB","Eli Manning (7147258)","Eli Manning",7147258,7500,"NYG@Dal 04:25PM ET","NYG","Eli","Manning","Dal",18.71,20.7,20.49,20.7,3
"WR","T.Y. Hilton (7147734)","T.Y. Hilton",7147734,7500,"Det@Ind 04:25PM ET","Ind","T.Y.","Hilton","Det",15.98,16.4,17.48,16.4,3
"RB","David Johnson (7147465)","David Johnson",7147465,7500,"NE@Ari 08:30PM ET","Ari","David","Johnson","NE",18.71,16.9,21.08,16.9,1
"QB","Tom Brady (7147270)","Tom Brady",7147270,7400,"NE@Ari 08:30PM ET","NE","Tom","Brady","Ari",0,0,0,0,0
"TE","Rob Gronkowski (7147931)","Rob Gronkowski",7147931,7400,"NE@Ari 08:30PM ET","NE","Rob","Gronkowski","Ari",0,0,0,0,0
"WR","Mike Evans (7147483)","Mike Evans",7147483,7400,"TB@Atl 01:00PM ET","TB","Mike","Evans","Atl",18.54,17.4,21.48,17.4,3
"WR","Golden Tate (7147732)","Golden Tate",7147732,7300,"Det@Ind 04:25PM ET","Det","Golden","Tate","Ind",18.45,16.7,16.47,16.7,3
"QB","Derek Carr (7147216)","Derek Carr",7147216,7300,"Oak@NO 01:00PM ET","Oak","Derek","Carr","NO",19.84,22.1,22.27,22.1,2
"RB","Ezekiel Elliott (7147440)","Ezekiel Elliott",7147440,7300,"NYG@Dal 04:25PM ET","Dal","Ezekiel","Elliott","NYG",17.07,16.9,20.41,16.9,1
"QB","Matthew Stafford (7147265)","Matthew Stafford",7147265,7200,"Det@Ind 04:25PM ET","Det","Matthew","Stafford","Ind",18.45,21.6,20.52,21.6,3
"QB","Blake Bortles (7147244)","Blake Bortles",7147244,7200,"GB@Jax 01:00PM ET","Jax","Blake","Bortles","GB",19.02,18.1,21.32,18.1,6
"WR","Amari Cooper (7147576)","Amari Cooper",7147576,7200,"Oak@NO 01:00PM ET","Oak","Amari","Cooper","NO",19.09,17.4,18.3,17.4,3
"QB","Carson Palmer (7147271)","Carson Palmer",7147271,7100,"NE@Ari 08:30PM ET","Ari","Carson","Palmer","NE",19.51,19.3,20.95,19.3,5
"QB","Matt Ryan (7147183)","Matt Ryan",7147183,7100,"TB@Atl 01:00PM ET","Atl","Matt","Ryan","TB",17.7,20.1,19.53,20.1,4
"RB","Jamaal Charles (7147353)","Jamaal Charles",7147353,7100,"SD@KC 01:00PM ET","KC","Jamaal","Charles","SD",0,0,0,0,0
"QB","Philip Rivers (7147221)","Philip Rivers",7147221,7000,"SD@KC 01:00PM ET","SD","Philip","Rivers","KC",16.84,17.1,18.98,17.1,7
"RB","Lamar Miller (7147386)","Lamar Miller",7147386,7000,"Chi@Hou 01:00PM ET","Hou","Lamar","Miller","Chi",18.88,16.7,20.77,16.7,1
"QB","Tyrod Taylor (7147232)","Tyrod Taylor",7147232,6900,"Buf@Bal 01:00PM ET","Buf","Tyrod","Taylor","Bal",18.86,19.2,22.03,19.2,5
"RB","Devonta Freeman (7147283)","Devonta Freeman",7147283,6900,"TB@Atl 01:00PM ET","Atl","Devonta","Freeman","TB",16.35,17.3,17.8,17.3,1
"WR","Sammy Watkins (7147628)","Sammy Watkins",7147628,6900,"Buf@Bal 01:00PM ET","Buf","Sammy","Watkins","Bal",17.09,16.4,19.55,16.4,3
"QB","Tony Romo (7147257)","Tony Romo",7147257,6800,"NYG@Dal 04:25PM ET","Dal","Tony","Romo","NYG",0,0,0,0,0
"QB","Andy Dalton (7147206)","Andy Dalton",7147206,6800,"Cin@NYJ 01:00PM ET","Cin","Andy","Dalton","NYJ",17.67,17.5,17.69,17.5,6
"WR","Josh Gordon (7147520)","Josh Gordon",7147520,6800,"Cle@Phi 01:00PM ET","Cle","Josh","Gordon","Phi",0,0,0,0,0
"QB","Joe Flacco (7147228)","Joe Flacco",7147228,6700,"Buf@Bal 01:00PM ET","Bal","Joe","Flacco","Buf",15.65,16.7,16.82,16.7,7
"RB","Eddie Lacy (7147402)","Eddie Lacy",7147402,6700,"GB@Jax 01:00PM ET","GB","Eddie","Lacy","Jax",13.98,13.1,18.63,13.1,3
"WR","Jordan Matthews (7147521)","Jordan Matthews",7147521,6700,"Cle@Phi 01:00PM ET","Phi","Jordan","Matthews","Cle",13.9,15.2,13.99,15.2,4
"WR","Eric Decker (7147540)","Eric Decker",7147540,6600,"Cin@NYJ 01:00PM ET","NYJ","Eric","Decker","Cin",15.37,15.2,15.26,15.2,4
"WR","Doug Baldwin (7147683)","Doug Baldwin",7147683,6600,"Mia@Sea 04:05PM ET","Sea","Doug","Baldwin","Mia",16.12,14.8,15.81,14.8,4
"RB","Mark Ingram (7147344)","Mark Ingram",7147344,6600,"Oak@NO 01:00PM ET","NO","Mark","Ingram","Oak",17.07,15.2,18.78,15.2,2
"QB","Jameis Winston (7147189)","Jameis Winston",7147189,6600,"TB@Atl 01:00PM ET","TB","Jameis","Winston","Atl",18.88,18.5,19.26,18.5,6
"QB","Ryan Fitzpatrick (7147205)","Ryan Fitzpatrick",7147205,6500,"Cin@NYJ 01:00PM ET","NYJ","Ryan","Fitzpatrick","Cin",17.35,15.8,17.02,15.8,0
"QB","Alex Smith (7147220)","Alex Smith",7147220,6500,"SD@KC 01:00PM ET","KC","Alex","Smith","SD",17.44,18,14.91,18,6
"WR","Jeremy Maclin (7147586)","Jeremy Maclin",7147586,6500,"SD@KC 01:00PM ET","KC","Jeremy","Maclin","SD",17.26,15.8,17.1,15.8,4
"QB","Sam Bradford (7147199)","Sam Bradford",7147199,6400,"Cle@Phi 01:00PM ET","Phi","Sam","Bradford","Cle",0,0,0,0,0
"RB","LeSean McCoy (7147371)","LeSean McCoy",7147371,6400,"Buf@Bal 01:00PM ET","Buf","LeSean","McCoy","Bal",17.67,14.4,16.27,14.4,2
"QB","Marcus Mariota (7147195)","Marcus Mariota",7147195,6400,"Min@Ten 01:00PM ET","Ten","Marcus","Mariota","Min",18.67,17.5,18.48,17.5,6
"QB","Jay Cutler (7147235)","Jay Cutler",7147235,6300,"Chi@Hou 01:00PM ET","Chi","Jay","Cutler","Hou",15.94,15.7,17.21,15.7,0
"WR","Larry Fitzgerald (7147754)","Larry Fitzgerald",7147754,6300,"NE@Ari 08:30PM ET","Ari","Larry","Fitzgerald","NE",15.96,15.3,13.02,15.3,4
"QB","Brock Osweiler (7147238)","Brock Osweiler",7147238,6300,"Chi@Hou 01:00PM ET","Hou","Brock","Osweiler","Chi",16.36,19.1,18.07,19.1,5
"RB","Doug Martin (7147277)","Doug Martin",7147277,6200,"TB@Atl 01:00PM ET","TB","Doug","Martin","Atl",17.35,13.5,17.73,13.5,3
"QB","Jimmy Garoppolo (7147274)","Jimmy Garoppolo",7147274,6200,"NE@Ari 08:30PM ET","NE","Jimmy","Garoppolo","Ari",16.73,18,16.49,18,6
"RB","Matt Forte (7147322)","Matt Forte",7147322,6100,"Cin@NYJ 01:00PM ET","NYJ","Matt","Forte","Cin",14.54,11.5,13.4,11.5,4
"WR","Julian Edelman (7147756)","Julian Edelman",7147756,6100,"NE@Ari 08:30PM ET","NE","Julian","Edelman","Ari",16.09,15.5,14.75,15.5,4
"WR","Jarvis Landry (7147693)","Jarvis Landry",7147693,6000,"Mia@Sea 04:05PM ET","Mia","Jarvis","Landry","Sea",16.02,17,14.88,17,3
"QB","Teddy Bridgewater (7147192)","Teddy Bridgewater",7147192,6000,"Min@Ten 01:00PM ET","Min","Teddy","Bridgewater","Ten",0,0,0,0,0
"RB","Thomas Rawls (7147418)","Thomas Rawls",7147418,6000,"Mia@Sea 04:05PM ET","Sea","Thomas","Rawls","Mia",7.43,5,10.67,5,0
"WR","Donte Moncrief (7147743)","Donte Moncrief",7147743,6000,"Det@Ind 04:25PM ET","Ind","Donte","Moncrief","Det",15.28,15.8,15.57,15.8,4
"QB","Ryan Tannehill (7147251)","Ryan Tannehill",7147251,5900,"Mia@Sea 04:05PM ET","Mia","Ryan","Tannehill","Sea",14.99,15.2,15.83,15.2,0
"WR","Michael Floyd (7147757)","Michael Floyd",7147757,5900,"NE@Ari 08:30PM ET","Ari","Michael","Floyd","NE",13.76,12.6,13.92,12.6,5
"RB","Arian Foster (7147411)","Arian Foster",7147411,5800,"Mia@Sea 04:05PM ET","Mia","Arian","Foster","Sea",15.38,11.9,12.67,11.9,4
"WR","Allen Hurns (7147666)","Allen Hurns",7147666,5800,"GB@Jax 01:00PM ET","Jax","Allen","Hurns","GB",13.08,12,11.74,12,5
"RB","Ryan Mathews (7147310)","Ryan Mathews",7147310,5700,"Cle@Phi 01:00PM ET","Phi","Ryan","Mathews","Cle",14.74,12,14.17,12,4
"RB","Dion Lewis (7147460)","Dion Lewis",7147460,5700,"NE@Ari 08:30PM ET","NE","Dion","Lewis","Ari",0,0,0,0,0
"QB","Robert Griffin III (7147202)","Robert Griffin III",7147202,5600,"Cle@Phi 01:00PM ET","Cle","Robert","Griffin III","Phi",17.33,0,18.75,0,0
"RB","Latavius Murray (7147345)","Latavius Murray",7147345,5600,"Oak@NO 01:00PM ET","Oak","Latavius","Murray","NO",14.77,14.6,12.49,14.6,2
"RB","Frank Gore (7147441)","Frank Gore",7147441,5500,"Det@Ind 04:25PM ET","Ind","Frank","Gore","Det",10.92,10.8,13.09,10.8,5
"WR","Michael Crabtree (7147564)","Michael Crabtree",7147564,5500,"Oak@NO 01:00PM ET","Oak","Michael","Crabtree","NO",16.12,15,11.15,15,4
"RB","Rashad Jennings (7147426)","Rashad Jennings",7147426,5400,"NYG@Dal 04:25PM ET","NYG","Rashad","Jennings","Dal",12.12,11.2,12.09,11.2,4
"RB","DeMarco Murray (7147292)","DeMarco Murray",7147292,5300,"Min@Ten 01:00PM ET","Ten","DeMarco","Murray","Min",12.56,10.2,12.27,10.2,5
"WR","DeVante Parker (7147695)","DeVante Parker",7147695,5300,"Mia@Sea 04:05PM ET","Mia","DeVante","Parker","Sea",0,0,10.07,0,0
"WR","John Brown (7147760)","John Brown",7147760,5200,"NE@Ari 08:30PM ET","Ari","John","Brown","NE",13.3,14,12.2,14,5
"WR","Kevin White (7147653)","Kevin White",7147653,5200,"Chi@Hou 01:00PM ET","Chi","Kevin","White","Hou",10.67,10.2,9.87,10.2,7
"WR","Mohamed Sanu (7147475)","Mohamed Sanu",7147475,5100,"TB@Atl 01:00PM ET","Atl","Mohamed","Sanu","TB",11.65,11.2,7.3,11.2,7
"RB","Duke Johnson (7147319)","Duke Johnson",7147319,5100,"Cle@Phi 01:00PM ET","Cle","Duke","Johnson","Phi",11.19,13.1,10.49,13.1,3
"WR","Corey Coleman (7147534)","Corey Coleman",7147534,5100,"Cle@Phi 01:00PM ET","Cle","Corey","Coleman","Phi",12.57,14.7,9.32,14.7,4
"QB","Josh McCown (7147197)","Josh McCown",7147197,5000,"Cle@Phi 01:00PM ET","Cle","Josh","McCown","Phi",0,3.2,0,3.2,0
"QB","Matt Cassel (7147190)","Matt Cassel",7147190,5000,"Min@Ten 01:00PM ET","Ten","Matt","Cassel","Min",0,0,0,0,0
"QB","Dan Orlovsky (7147264)","Dan Orlovsky",7147264,5000,"Det@Ind 04:25PM ET","Det","Dan","Orlovsky","Ind",0,0,0,0,0
"QB","Kellen Clemens (7147219)","Kellen Clemens",7147219,5000,"SD@KC 01:00PM ET","SD","Kellen","Clemens","KC",0,0,0,0,0
"QB","Shaun Hill (7147191)","Shaun Hill",7147191,5000,"Min@Ten 01:00PM ET","Min","Shaun","Hill","Ten",12.68,15.4,15.32,15.4,0
"QB","Matt Moore (7147250)","Matt Moore",7147250,5000,"Mia@Sea 04:05PM ET","Mia","Matt","Moore","Sea",0,0,0,0,0
"QB","Drew Stanton (7147272)","Drew Stanton",7147272,5000,"NE@Ari 08:30PM ET","Ari","Drew","Stanton","NE",0,0,0,0,0
"QB","Matt Schaub (7147184)","Matt Schaub",7147184,5000,"TB@Atl 01:00PM ET","Atl","Matt","Schaub","TB",0,0,0,0,0
"QB","Luke McCown (7147214)","Luke McCown",7147214,5000,"Oak@NO 01:00PM ET","NO","Luke","McCown","Oak",0,0,0,0,0
"QB","Brian Hoyer (7147236)","Brian Hoyer",7147236,5000,"Chi@Hou 01:00PM ET","Chi","Brian","Hoyer","Hou",0,0,0,0,0
"QB","Chad Henne (7147243)","Chad Henne",7147243,5000,"GB@Jax 01:00PM ET","Jax","Chad","Henne","GB",0,0,0,0,0
"QB","Josh Johnson (7147229)","Josh Johnson",7147229,5000,"Buf@Bal 01:00PM ET","Bal","Josh","Johnson","Buf",0,0,0,0,0
"QB","Chase Daniel (7147198)","Chase Daniel",7147198,5000,"Cle@Phi 01:00PM ET","Phi","Chase","Daniel","Cle",0,1.8,0,1.8,0
"QB","Scott Tolzien (7147266)","Scott Tolzien",7147266,5000,"Det@Ind 04:25PM ET","Ind","Scott","Tolzien","Det",0,0,0,0,0
"QB","McLeod Bethel-Thompson (7147200)","McLeod Bethel-Thompson",7147200,5000,"Cle@Phi 01:00PM ET","Phi","McLeod","Bethel-Thompson","Cle",0,0,0,0,0
"QB","Jerrod Johnson (7147230)","Jerrod Johnson",7147230,5000,"Buf@Bal 01:00PM ET","Bal","Jerrod","Johnson","Buf",0,0,0,0,0
"RB","Danny Woodhead (7147354)","Danny Woodhead",7147354,5000,"SD@KC 01:00PM ET","SD","Danny","Woodhead","KC",12.14,11.8,10.57,11.8,4
"QB","Ryan Mallett (7147231)","Ryan Mallett",7147231,5000,"Buf@Bal 01:00PM ET","Bal","Ryan","Mallett","Buf",0,0,0,0,0
"QB","Kellen Moore (7147259)","Kellen Moore",7147259,5000,"NYG@Dal 04:25PM ET","Dal","Kellen","Moore","NYG",0,0,0,0,0
"QB","Brandon Weeden (7147237)","Brandon Weeden",7147237,5000,"Chi@Hou 01:00PM ET","Hou","Brandon","Weeden","Chi",0,0,0,0,0
"QB","Austin Davis (7147201)","Austin Davis",7147201,5000,"Cle@Phi 01:00PM ET","Cle","Austin","Davis","Phi",0,0,0,0,0
"QB","Nick Foles (7147222)","Nick Foles",7147222,5000,"SD@KC 01:00PM ET","KC","Nick","Foles","SD",0,0,0,0,0
"QB","Matt Simms (7147185)","Matt Simms",7147185,5000,"TB@Atl 01:00PM ET","Atl","Matt","Simms","TB",0,0,0,0,0
"TE","Travis Kelce (7147843)","Travis Kelce",7147843,5000,"SD@KC 01:00PM ET","KC","Travis","Kelce","SD",13.35,15.7,13.36,15.7,1
"QB","EJ Manuel (7147233)","EJ Manuel",7147233,5000,"Buf@Bal 01:00PM ET","Buf","EJ","Manuel","Bal",0,0,0,0,0
"QB","Sean Renfree (7147186)","Sean Renfree",7147186,5000,"TB@Atl 01:00PM ET","Atl","Sean","Renfree","TB",0,0,0,0,0
"QB","Mike Glennon (7147187)","Mike Glennon",7147187,5000,"TB@Atl 01:00PM ET","TB","Mike","Glennon","Atl",0,0,0,0,0
"QB","Ryan Nassib (7147260)","Ryan Nassib",7147260,5000,"NYG@Dal 04:25PM ET","NYG","Ryan","Nassib","Dal",0,0,0,0,0
"QB","Ryan Griffin (7147188)","Ryan Griffin",7147188,5000,"TB@Atl 01:00PM ET","TB","Ryan","Griffin","Atl",0,0,0,0,0
"QB","Zac Dysert (7147253)","Zac Dysert",7147253,5000,"Mia@Sea 04:05PM ET","Mia","Zac","Dysert","Sea",0,0,0,0,0
"QB","Matt McGloin (7147215)","Matt McGloin",7147215,5000,"Oak@NO 01:00PM ET","Oak","Matt","McGloin","NO",0,0,0,0,0
"QB","Matt Barkley (7147273)","Matt Barkley",7147273,5000,"NE@Ari 08:30PM ET","Ari","Matt","Barkley","NE",0,0,0,0,0
"QB","Zach Mettenberger (7147223)","Zach Mettenberger",7147223,5000,"SD@KC 01:00PM ET","SD","Zach","Mettenberger","KC",0,0,0,0,0
"QB","Aaron Murray (7147224)","Aaron Murray",7147224,5000,"SD@KC 01:00PM ET","KC","Aaron","Murray","SD",0,0,0,0,0
"QB","Bryce Petty (7147207)","Bryce Petty",7147207,5000,"Cin@NYJ 01:00PM ET","NYJ","Bryce","Petty","Cin",0,0,0,0,0
"QB","Logan Thomas (7147261)","Logan Thomas",7147261,5000,"NYG@Dal 04:25PM ET","NYG","Logan","Thomas","Dal",0,0,0,0,0
"QB","AJ McCarron (7147208)","AJ McCarron",7147208,5000,"Cin@NYJ 01:00PM ET","Cin","AJ","McCarron","NYJ",0,0,0,0,0
"QB","Tom Savage (7147239)","Tom Savage",7147239,5000,"Chi@Hou 01:00PM ET","Hou","Tom","Savage","Chi",0,0,0,0,0
"QB","David Fales (7147240)","David Fales",7147240,5000,"Chi@Hou 01:00PM ET","Chi","David","Fales","Hou",0,0,0,0,0
"QB","Geno Smith (7147209)","Geno Smith",7147209,5000,"Cin@NYJ 01:00PM ET","NYJ","Geno","Smith","Cin",0,0,0,0,0
"QB","Stephen Morris (7147268)","Stephen Morris",7147268,5000,"Det@Ind 04:25PM ET","Ind","Stephen","Morris","Det",0,0,0,0,0
"QB","Jake Heaps (7147254)","Jake Heaps",7147254,5000,"Mia@Sea 04:05PM ET","Sea","Jake","Heaps","Mia",0,0,0,0,0
"QB","Garrett Grayson (7147217)","Garrett Grayson",7147217,5000,"Oak@NO 01:00PM ET","NO","Garrett","Grayson","Oak",0,0,0,0,0
"QB","Keith Wenning (7147210)","Keith Wenning",7147210,5000,"Cin@NYJ 01:00PM ET","Cin","Keith","Wenning","NYJ",0,0,0,0,0
"QB","Tyler Bray (7147225)","Tyler Bray",7147225,5000,"SD@KC 01:00PM ET","KC","Tyler","Bray","SD",0,0,0,0,0
"QB","Connor Shaw (7147241)","Connor Shaw",7147241,5000,"Chi@Hou 01:00PM ET","Chi","Connor","Shaw","Hou",0,0,0,0,0
"QB","Jameill Showers (7147262)","Jameill Showers",7147262,5000,"NYG@Dal 04:25PM ET","Dal","Jameill","Showers","NYG",0,0,0,0,0
"QB","Brandon Doughty (7147255)","Brandon Doughty",7147255,5000,"Mia@Sea 04:05PM ET","Mia","Brandon","Doughty","Sea",0,0,0,0,0
"QB","Brett Hundley (7147245)","Brett Hundley",7147245,5000,"GB@Jax 01:00PM ET","GB","Brett","Hundley","Jax",0,0,0,0,0
"QB","Dak Prescott (7147263)","Dak Prescott",7147263,5000,"NYG@Dal 04:25PM ET","Dal","Dak","Prescott","NYG",18.73,19.5,18.14,19.5,5
"QB","Cody Kessler (7147203)","Cody Kessler",7147203,5000,"Cle@Phi 01:00PM ET","Cle","Cody","Kessler","Phi",0,0,0,0,0
"QB","Max Wittek (7147246)","Max Wittek",7147246,5000,"GB@Jax 01:00PM ET","Jax","Max","Wittek","GB",0,0,0,0,0
"QB","Mike Bercovici (7147226)","Mike Bercovici",7147226,5000,"SD@KC 01:00PM ET","SD","Mike","Bercovici","KC",0,0,0,0,0
"QB","Marquise Williams (7147247)","Marquise Williams",7147247,5000,"GB@Jax 01:00PM ET","GB","Marquise","Williams","Jax",0,0,0,0,0
"QB","Joel Stave (7147193)","Joel Stave",7147193,5000,"Min@Ten 01:00PM ET","Min","Joel","Stave","Ten",0,0,0,0,0
"QB","Kevin Hogan (7147227)","Kevin Hogan",7147227,5000,"SD@KC 01:00PM ET","KC","Kevin","Hogan","SD",0,0,0,0,0
"QB","Taylor Heinicke (7147194)","Taylor Heinicke",7147194,5000,"Min@Ten 01:00PM ET","Min","Taylor","Heinicke","Ten",0,0,0,0,0
"QB","Trevone Boykin (7147256)","Trevone Boykin",7147256,5000,"Mia@Sea 04:05PM ET","Sea","Trevone","Boykin","Mia",0,1.4,0,1.4,0
"QB","Brandon Allen (7147248)","Brandon Allen",7147248,5000,"GB@Jax 01:00PM ET","Jax","Brandon","Allen","GB",0,0,0,0,0
"WR","Tyler Lockett (7147698)","Tyler Lockett",7147698,5000,"Mia@Sea 04:05PM ET","Sea","Tyler","Lockett","Mia",12.75,13.5,11.71,13.5,5
"QB","Jake Coker (7147275)","Jake Coker",7147275,5000,"NE@Ari 08:30PM ET","Ari","Jake","Coker","NE",0,0,0,0,0
"QB","Connor Cook (7147218)","Connor Cook",7147218,5000,"Oak@NO 01:00PM ET","Oak","Connor","Cook","NO",0,0,0,0,0
"QB","Jacoby Brissett (7147276)","Jacoby Brissett",7147276,5000,"NE@Ari 08:30PM ET","NE","Jacoby","Brissett","Ari",0,0,0,0,0
"QB","Joe Licata (7147211)","Joe Licata",7147211,5000,"Cin@NYJ 01:00PM ET","Cin","Joe","Licata","NYJ",0,0,0,0,0
"QB","Jake Rudock (7147269)","Jake Rudock",7147269,5000,"Det@Ind 04:25PM ET","Det","Jake","Rudock","Ind",0,0,0,0,0
"QB","Carson Wentz (7147204)","Carson Wentz",7147204,5000,"Cle@Phi 01:00PM ET","Phi","Carson","Wentz","Cle",15.51,17.9,15.74,17.9,6
"QB","Alex Tanney (7147196)","Alex Tanney",7147196,5000,"Min@Ten 01:00PM ET","Ten","Alex","Tanney","Min",0,0,0,0,0
"QB","Joe Callahan (7147249)","Joe Callahan",7147249,5000,"GB@Jax 01:00PM ET","GB","Joe","Callahan","Jax",0,0,0,0,0
"QB","Cardale Jones (7147234)","Cardale Jones",7147234,5000,"Buf@Bal 01:00PM ET","Buf","Cardale","Jones","Bal",0,0,0,0,0
"QB","Christian Hackenberg (7147212)","Christian Hackenberg",7147212,5000,"Cin@NYJ 01:00PM ET","NYJ","Christian","Hackenberg","Cin",0,0,0,0,0
"WR","Steve Smith (7147609)","Steve Smith",7147609,4900,"Buf@Bal 01:00PM ET","Bal","Steve","Smith","Buf",11.05,11.5,11.04,11.5,6
"TE","Coby Fleener (7147830)","Coby Fleener",7147830,4900,"Oak@NO 01:00PM ET","NO","Coby","Fleener","Oak",14.87,13.2,10.53,13.2,2
"RB","Ameer Abdullah (7147449)","Ameer Abdullah",7147449,4900,"Det@Ind 04:25PM ET","Det","Ameer","Abdullah","Ind",11.8,10.4,11.65,10.4,5
"WR","Sterling Shepard (7147720)","Sterling Shepard",7147720,4900,"NYG@Dal 04:25PM ET","NYG","Sterling","Shepard","Dal",12.47,12.8,12.28,12.8,5
"RB","James Starks (7147398)","James Starks",7147398,4800,"GB@Jax 01:00PM ET","GB","James","Starks","Jax",7.85,6,4.07,6,0
"RB","Giovani Bernard (7147331)","Giovani Bernard",7147331,4800,"Cin@NYJ 01:00PM ET","Cin","Giovani","Bernard","NYJ",10,10.6,11.16,10.6,5
"WR","Willie Snead (7147570)","Willie Snead",7147570,4800,"Oak@NO 01:00PM ET","NO","Willie","Snead","Oak",12.5,12.7,9.26,12.7,5
"WR","Stefon Diggs (7147508)","Stefon Diggs",7147508,4800,"Min@Ten 01:00PM ET","Min","Stefon","Diggs","Ten",13.3,11.6,10.29,11.6,6
"TE","Gary Barnidge (7147803)","Gary Barnidge",7147803,4700,"Cle@Phi 01:00PM ET","Cle","Gary","Barnidge","Phi",12.98,12,11.93,12,3
"WR","Kamar Aiken (7147616)","Kamar Aiken",7147616,4700,"Buf@Bal 01:00PM ET","Bal","Kamar","Aiken","Buf",11.88,9,11.72,9,0
"TE","Tyler Eifert (7147820)","Tyler Eifert",7147820,4700,"Cin@NYJ 01:00PM ET","Cin","Tyler","Eifert","NYJ",0,0,0,0,0
"RB","Jeremy Langford (7147391)","Jeremy Langford",7147391,4700,"Chi@Hou 01:00PM ET","Chi","Jeremy","Langford","Hou",11.37,9.9,11.3,9.9,6
"RB","Justin Forsett (7147369)","Justin Forsett",7147369,4600,"Buf@Bal 01:00PM ET","Bal","Justin","Forsett","Buf",12.47,8.5,10.1,8.5,0
"WR","Marvin Jones (7147733)","Marvin Jones",7147733,4600,"Det@Ind 04:25PM ET","Det","Marvin","Jones","Ind",13.25,13.2,13.34,13.2,5
"WR","Robert Woods (7147623)","Robert Woods",7147623,4600,"Buf@Bal 01:00PM ET","Buf","Robert","Woods","Bal",10.44,8,5.41,8,0
"RB","Jerick McKinnon (7147299)","Jerick McKinnon",7147299,4600,"Min@Ten 01:00PM ET","Min","Jerick","McKinnon","Ten",5.03,7.4,0,7.4,0
"RB","Melvin Gordon (7147361)","Melvin Gordon",7147361,4600,"SD@KC 01:00PM ET","SD","Melvin","Gordon","KC",10.54,10.4,10.89,10.4,5
"RB","Jeremy Hill (7147336)","Jeremy Hill",7147336,4600,"Cin@NYJ 01:00PM ET","Cin","Jeremy","Hill","NYJ",9.63,8,11.51,8,0
"WR","Anquan Boldin (7147728)","Anquan Boldin",7147728,4500,"Det@Ind 04:25PM ET","Det","Anquan","Boldin","Ind",10.93,7.7,5.73,7.7,0
"TE","Delanie Walker (7147790)","Delanie Walker",7147790,4500,"Min@Ten 01:00PM ET","Ten","Delanie","Walker","Min",13.8,12,14.5,12,3
"WR","Phillip Dorsett (7147741)","Phillip Dorsett",7147741,4500,"Det@Ind 04:25PM ET","Ind","Phillip","Dorsett","Det",10.9,11,7.18,11,7
"WR","Dorial Green-Beckham (7147506)","Dorial Green-Beckham",7147506,4500,"Min@Ten 01:00PM ET","Ten","Dorial","Green-Beckham","Min",8.47,0,6.57,0,0
"WR","Laquon Treadwell (7147511)","Laquon Treadwell",7147511,4500,"Min@Ten 01:00PM ET","Min","Laquon","Treadwell","Ten",6.78,10.9,7.82,10.9,7
"WR","Vincent Jackson (7147469)","Vincent Jackson",7147469,4400,"TB@Atl 01:00PM ET","TB","Vincent","Jackson","Atl",12.38,12.5,8.52,12.5,5
"RB","Charles Sims (7147280)","Charles Sims",7147280,4400,"TB@Atl 01:00PM ET","TB","Charles","Sims","Atl",10.45,10.4,9.44,10.4,5
"RB","Spencer Ware (7147358)","Spencer Ware",7147358,4400,"SD@KC 01:00PM ET","KC","Spencer","Ware","SD",16.67,13.1,14.85,13.1,3
"RB","Tim Hightower (7147338)","Tim Hightower",7147338,4300,"Oak@NO 01:00PM ET","NO","Tim","Hightower","Oak",4.92,3.9,4.03,3.9,0
"RB","Chris Ivory (7147399)","Chris Ivory",7147399,4300,"GB@Jax 01:00PM ET","Jax","Chris","Ivory","GB",0,8.7,0,8.7,7
"RB","Bilal Powell (7147324)","Bilal Powell",7147324,4300,"Cin@NYJ 01:00PM ET","NYJ","Bilal","Powell","Cin",10.02,7.6,7.58,7.6,0
"TE","Zach Ertz (7147805)","Zach Ertz",7147805,4300,"Cle@Phi 01:00PM ET","Phi","Zach","Ertz","Cle",14.12,12.4,11.46,12.4,3
"WR","Davante Adams (7147676)","Davante Adams",7147676,4300,"GB@Jax 01:00PM ET","GB","Davante","Adams","Jax",7.32,8.4,5.18,8.4,0
"RB","Darren Sproles (7147308)","Darren Sproles",7147308,4200,"Cle@Phi 01:00PM ET","Phi","Darren","Sproles","Cle",10.5,9.8,5.53,9.8,6
"TE","Antonio Gates (7147840)","Antonio Gates",7147840,4200,"SD@KC 01:00PM ET","SD","Antonio","Gates","KC",11.85,10.2,12.04,10.2,5
"WR","Danny Amendola (7147755)","Danny Amendola",7147755,4200,"NE@Ari 08:30PM ET","NE","Danny","Amendola","Ari",7.35,4.3,4.33,4.3,0
"RB","Darren McFadden (7147427)","Darren McFadden",7147427,4200,"NYG@Dal 04:25PM ET","Dal","Darren","McFadden","NYG",0,0,0,0,0
"WR","Mike Wallace (7147612)","Mike Wallace",7147612,4200,"Buf@Bal 01:00PM ET","Bal","Mike","Wallace","Buf",11.63,7.3,8.14,7.3,0
"RB","Jay Ajayi (7147416)","Jay Ajayi",7147416,4200,"Mia@Sea 04:05PM ET","Mia","Jay","Ajayi","Sea",0,0,0,0,0
"RB","Isaiah Crowell (7147316)","Isaiah Crowell",7147316,4200,"Cle@Phi 01:00PM ET","Cle","Isaiah","Crowell","Phi",8.57,9.1,8.49,9.1,7
"RB","Tevin Coleman (7147289)","Tevin Coleman",7147289,4200,"TB@Atl 01:00PM ET","Atl","Tevin","Coleman","TB",6.8,6.4,5.92,6.4,0
"TE","Jason Witten (7147901)","Jason Witten",7147901,4100,"NYG@Dal 04:25PM ET","Dal","Jason","Witten","NYG",12.15,11.1,9.49,11.1,4
"RB","Andre Ellington (7147458)","Andre Ellington",7147458,4100,"NE@Ari 08:30PM ET","Ari","Andre","Ellington","NE",5.16,3.5,0,3.5,0
"WR","Travis Benjamin (7147592)","Travis Benjamin",7147592,4100,"SD@KC 01:00PM ET","SD","Travis","Benjamin","KC",10.28,10.5,8.42,10.5,7
"RB","Terrance West (7147374)","Terrance West",7147374,4100,"Buf@Bal 01:00PM ET","Bal","Terrance","West","Buf",6.36,8.3,7.92,8.3,0
"RB","T.J. Yeldon (7147407)","T.J. Yeldon",7147407,4100,"GB@Jax 01:00PM ET","Jax","T.J.","Yeldon","GB",13.57,10.3,11.01,10.3,5
"WR","Victor Cruz (7147705)","Victor Cruz",7147705,4000,"NYG@Dal 04:25PM ET","NYG","Victor","Cruz","Dal",7.73,6.5,9.66,4.97517911716053,0
"RB","Theo Riddick (7147446)","Theo Riddick",7147446,4000,"Det@Ind 04:25PM ET","Det","Theo","Riddick","Ind",11.1,11.4,6.66,13.8522198287921,4
"WR","Michael Thomas (7147579)","Michael Thomas",7147579,4000,"Oak@NO 01:00PM ET","NO","Michael","Thomas","Oak",7.31,10.5,7.85,11.1327275200893,7
"RB","Derrick Henry (7147306)","Derrick Henry",7147306,4000,"Min@Ten 01:00PM ET","Ten","Derrick","Henry","Min",6.69,8.1,6.93,8.41201738040185,0
"WR","Andre Johnson (7147493)","Andre Johnson",7147493,3900,"Min@Ten 01:00PM ET","Ten","Andre","Johnson","Min",4.42,3.9,4.03,3.59150007067676,0
"WR","Brandon LaFell (7147541)","Brandon LaFell",7147541,3900,"Cin@NYJ 01:00PM ET","Cin","Brandon","LaFell","NYJ",9.82,6.7,9.07,8.48965933413031,0
"TE","Eric Ebron (7147923)","Eric Ebron",7147923,3900,"Det@Ind 04:25PM ET","Det","Eric","Ebron","Ind",9.86,11.4,9.93,11.6332168584493,4
"RB","C.J. Prosise (7147424)","C.J. Prosise",7147424,3900,"Mia@Sea 04:05PM ET","Sea","C.J.","Prosise","Mia",4.7,4.3,3.04,4.3,0
"WR","Andrew Hawkins (7147514)","Andrew Hawkins",7147514,3800,"Cle@Phi 01:00PM ET","Cle","Andrew","Hawkins","Phi",4.83,4.1,0,1.92381684709484,0
"TE","Jimmy Graham (7147888)","Jimmy Graham",7147888,3800,"Mia@Sea 04:05PM ET","Sea","Jimmy","Graham","Mia",9.94,8.9,9.46,16.530211338873,7
"RB","Alfred Morris (7147428)","Alfred Morris",7147428,3800,"NYG@Dal 04:25PM ET","Dal","Alfred","Morris","NYG",3.01,4.1,3.92,6.44680932176489,0
"RB","Shane Vereen (7147429)","Shane Vereen",7147429,3800,"NYG@Dal 04:25PM ET","NYG","Shane","Vereen","Dal",9.89,9.3,2.54,18.4343257174263,7
"RB","Mike Gillislee (7147373)","Mike Gillislee",7147373,3800,"Buf@Bal 01:00PM ET","Buf","Mike","Gillislee","Bal",4.73,1.7,0,1.7,0
"WR","Quincy Enunwa (7147546)","Quincy Enunwa",7147546,3800,"Cin@NYJ 01:00PM ET","NYJ","Quincy","Enunwa","Cin",4.82,3.1,0,3.1,0
"TE","Julius Thomas (7147881)","Julius Thomas",7147881,3800,"GB@Jax 01:00PM ET","Jax","Julius","Thomas","GB",10.5,10.2,11.5,11.1995247159151,5
"WR","Seth Roberts (7147582)","Seth Roberts",7147582,3800,"Oak@NO 01:00PM ET","Oak","Seth","Roberts","NO",7.56,6.8,5.15,3.86403926721461,0
"WR","Jaelen Strong (7147654)","Jaelen Strong",7147654,3800,"Chi@Hou 01:00PM ET","Hou","Jaelen","Strong","Chi",3.91,4.6,4.88,2.59099564704917,0
"TE","Zach Miller (7147864)","Zach Miller",7147864,3700,"Chi@Hou 01:00PM ET","Chi","Zach","Miller","Hou",10.2,9.3,9.68,9.3,6
"RB","Chris Johnson (7147454)","Chris Johnson",7147454,3700,"NE@Ari 08:30PM ET","Ari","Chris","Johnson","NE",3.52,2.9,3.45,0,0
"RB","LeGarrette Blount (7147457)","LeGarrette Blount",7147457,3700,"NE@Ari 08:30PM ET","NE","LeGarrette","Blount","Ari",8.95,11.5,9.04,15.8212299739759,4
"RB","Christine Michael (7147414)","Christine Michael",7147414,3700,"Mia@Sea 04:05PM ET","Sea","Christine","Michael","Mia",12.44,11.5,11.26,15.8696812545532,4
"WR","Marquess Wilson (7147644)","Marquess Wilson",7147644,3700,"Chi@Hou 01:00PM ET","Chi","Marquess","Wilson","Hou",0,1.9,0,1.9,0
"WR","Chris Conley (7147600)","Chris Conley",7147600,3700,"SD@KC 01:00PM ET","KC","Chris","Conley","SD",6.21,6.1,4.86,5.19940378965771,0
"RB","DeAndre Washington (7147348)","DeAndre Washington",7147348,3700,"Oak@NO 01:00PM ET","Oak","DeAndre","Washington","NO",4.32,5.4,4,6.19572459489828,0
"WR","Breshad Perriman (7147633)","Breshad Perriman",7147633,3700,"Buf@Bal 01:00PM ET","Bal","Breshad","Perriman","Buf",4.92,6.4,0,8.25462271583402,0
"WR","Will Fuller (7147655)","Will Fuller",7147655,3700,"Chi@Hou 01:00PM ET","Hou","Will","Fuller","Chi",10.52,10.7,8.08,7.58198402937101,7
"RB","Jordan Howard (7147397)","Jordan Howard",7147397,3700,"Chi@Hou 01:00PM ET","Chi","Jordan","Howard","Hou",4.61,6,0,6,0
"WR","Jeff Janis (7147679)","Jeff Janis",7147679,3700,"GB@Jax 01:00PM ET","GB","Jeff","Janis","Jax",0,0,0,0,0
"WR","Dwayne Harris (7147706)","Dwayne Harris",7147706,3600,"NYG@Dal 04:25PM ET","NYG","Dwayne","Harris","Dal",2.65,2.2,0,2.2,0
"RB","C.J. Spiller (7147340)","C.J. Spiller",7147340,3600,"Oak@NO 01:00PM ET","NO","C.J.","Spiller","Oak",0,6.9,0,6.9,0
"RB","Alfred Blue (7147387)","Alfred Blue",7147387,3600,"Chi@Hou 01:00PM ET","Hou","Alfred","Blue","Chi",4.43,3.1,0,2.72865283874154,0
"RB","James White (7147466)","James White",7147466,3600,"NE@Ari 08:30PM ET","NE","James","White","Ari",12.44,11.8,9.28,11.3657946313903,4
"WR","Albert Wilson (7147596)","Albert Wilson",7147596,3600,"SD@KC 01:00PM ET","KC","Albert","Wilson","SD",7.29,5.4,0,3.81423688073915,0
"WR","Chris Hogan (7147763)","Chris Hogan",7147763,3600,"NE@Ari 08:30PM ET","NE","Chris","Hogan","Ari",7.88,7.9,6.22,15.430130609086,0
"WR","Ty Montgomery (7147670)","Ty Montgomery",7147670,3600,"GB@Jax 01:00PM ET","GB","Ty","Montgomery","Jax",0,2.4,0,2.4,0
"RB","Javorius Allen (7147375)","Javorius Allen",7147375,3600,"Buf@Bal 01:00PM ET","Bal","Javorius","Allen","Buf",0,5.1,0,6.49586683162179,0
"WR","Tyler Boyd (7147559)","Tyler Boyd",7147559,3600,"Cin@NYJ 01:00PM ET","Cin","Tyler","Boyd","NYJ",8.39,8.6,7.93,10.8446546469757,0
"RB","Reggie Bush (7147367)","Reggie Bush",7147367,3500,"Buf@Bal 01:00PM ET","Buf","Reggie","Bush","Bal",4.57,4.5,3.77,4.5,0
"WR","James Jones (7147585)","James Jones",7147585,3500,"SD@KC 01:00PM ET","SD","James","Jones","KC",0,0,0,0,0
"TE","Benjamin Watson (7147853)","Benjamin Watson",7147853,3500,"Buf@Bal 01:00PM ET","Bal","Benjamin","Watson","Buf",0,0,0,0,0
"WR","Jermaine Kearse (7147684)","Jermaine Kearse",7147684,3500,"Mia@Sea 04:05PM ET","Sea","Jermaine","Kearse","Mia",7.84,7.5,6.89,5.80728627580361,0
"RB","Ka'Deem Carey (7147393)","Ka'Deem Carey",7147393,3500,"Chi@Hou 01:00PM ET","Chi","Ka'Deem","Carey","Hou",4.37,4.4,0,4.4,0
"WR","Rashad Greene (7147673)","Rashad Greene",7147673,3500,"GB@Jax 01:00PM ET","Jax","Rashad","Greene","GB",4.19,4.8,0,4.8,0
"RB","Josh Ferguson (7147450)","Josh Ferguson",7147450,3500,"Det@Ind 04:25PM ET","Ind","Josh","Ferguson","Det",0,3.6,0,1.4624706761315,0
"RB","Terrell Watson (7147317)","Terrell Watson",7147317,3500,"Cle@Phi 01:00PM ET","Cle","Terrell","Watson","Phi",0,0,0,0,0
"WR","Nelson Agholor (7147529)","Nelson Agholor",7147529,3500,"Cle@Phi 01:00PM ET","Phi","Nelson","Agholor","Cle",7.36,8.4,5.96,8.4,0
"RB","Charcandrick West (7147366)","Charcandrick West",7147366,3500,"SD@KC 01:00PM ET","KC","Charcandrick","West","SD",6.32,10,5.83,10.4134884729243,6
"WR","Harry Douglas (7147494)","Harry Douglas",7147494,3400,"Min@Ten 01:00PM ET","Ten","Harry","Douglas","Min",7.96,3.8,0,7.14523500399591,0
"TE","Martellus Bennett (7147929)","Martellus Bennett",7147929,3400,"NE@Ari 08:30PM ET","NE","Martellus","Bennett","Ari",12.08,12.3,10.22,19.4613042381325,3
"WR","Dontrelle Inman (7147589)","Dontrelle Inman",7147589,3400,"SD@KC 01:00PM ET","SD","Dontrelle","Inman","KC",5.81,5.4,3.58,2.26953149499556,0
"TE","Charles Clay (7147856)","Charles Clay",7147856,3400,"Buf@Bal 01:00PM ET","Buf","Charles","Clay","Bal",10.46,9.4,8.21,9.4,6
"WR","Kendall Wright (7147496)","Kendall Wright",7147496,3400,"Min@Ten 01:00PM ET","Ten","Kendall","Wright","Min",0,0,7.61,1.43632250566014,0
"WR","Jaron Brown (7147758)","Jaron Brown",7147758,3400,"NE@Ari 08:30PM ET","Ari","Jaron","Brown","NE",2.93,0,0,0.808218042090765,0
"WR","Kenny Bell (7147477)","Kenny Bell",7147477,3400,"TB@Atl 01:00PM ET","TB","Kenny","Bell","Atl",0,0,0,0,0
"RB","Kenneth Dixon (7147380)","Kenneth Dixon",7147380,3400,"Buf@Bal 01:00PM ET","Bal","Kenneth","Dixon","Buf",0,0,3.55,0,0
"RB","Matt Asiata (7147294)","Matt Asiata",7147294,3300,"Min@Ten 01:00PM ET","Min","Matt","Asiata","Ten",0,1.9,0,0,0
"WR","Leonard Hankerson (7147614)","Leonard Hankerson",7147614,3300,"Buf@Bal 01:00PM ET","Buf","Leonard","Hankerson","Bal",5.64,0,0,0,0
"WR","Terrance Williams (7147710)","Terrance Williams",7147710,3300,"NYG@Dal 04:25PM ET","Dal","Terrance","Williams","NYG",9.18,8.9,8.25,10.1471732535392,0
"WR","Rueben Randle (7147519)","Rueben Randle",7147519,3300,"Cle@Phi 01:00PM ET","Phi","Rueben","Randle","Cle",0,0,4.9,0,0
"WR","Jared Abbrederis (7147665)","Jared Abbrederis",7147665,3300,"GB@Jax 01:00PM ET","GB","Jared","Abbrederis","Jax",5.58,1.9,0,1.9,0
"TE","Will Tye (7147906)","Will Tye",7147906,3300,"NYG@Dal 04:25PM ET","NYG","Will","Tye","Dal",7.54,6.1,5.8,6.65379613332725,0
"WR","Rishard Matthews (7147502)","Rishard Matthews",7147502,3300,"Min@Ten 01:00PM ET","Ten","Rishard","Matthews","Min",10.47,15.1,7.71,12.930238819194,4
"WR","Cecil Shorts III (7147643)","Cecil Shorts III",7147643,3300,"Chi@Hou 01:00PM ET","Hou","Cecil","Shorts III","Chi",0,0,0,0,0
"WR","Eddie Royal (7147635)","Eddie Royal",7147635,3200,"Chi@Hou 01:00PM ET","Chi","Eddie","Royal","Hou",6.9,5.2,0,5.2,0
"WR","Hakeem Nicks (7147563)","Hakeem Nicks",7147563,3200,"Oak@NO 01:00PM ET","NO","Hakeem","Nicks","Oak",0,0,0,0,0
"WR","Cole Beasley (7147711)","Cole Beasley",7147711,3200,"NYG@Dal 04:25PM ET","Dal","Cole","Beasley","NYG",7.31,7.4,4.01,6.55145900172653,0
"TE","Dwayne Allen (7147917)","Dwayne Allen",7147917,3200,"Det@Ind 04:25PM ET","Ind","Dwayne","Allen","Det",9.96,10.9,6.71,11.6529954432102,4
"WR","Kenny Stills (7147687)","Kenny Stills",7147687,3200,"Mia@Sea 04:05PM ET","Mia","Kenny","Stills","Sea",9.97,13.5,5.71,14.1930046801962,5
"WR","J.J. Nelson (7147762)","J.J. Nelson",7147762,3200,"NE@Ari 08:30PM ET","Ari","J.J.","Nelson","NE",0,4,0,4,0
"WR","Andre Holmes (7147568)","Andre Holmes",7147568,3200,"Oak@NO 01:00PM ET","Oak","Andre","Holmes","NO",4.48,3.9,0,4.2436865291092,0
"RB","Karlos Williams (7147377)","Karlos Williams",7147377,3200,"Buf@Bal 01:00PM ET","Buf","Karlos","Williams","Bal",0,0,0,0,0
"RB","Paul Perkins (7147438)","Paul Perkins",7147438,3200,"NYG@Dal 04:25PM ET","NYG","Paul","Perkins","Dal",0,3.8,0,3.8,0
"WR","Leonte Carroo (7147703)","Leonte Carroo",7147703,3200,"Mia@Sea 04:05PM ET","Mia","Leonte","Carroo","Sea",4.4,2.9,0,2.9,0
"RB","Lorenzo Taliaferro (7147382)","Lorenzo Taliaferro",7147382,3200,"Buf@Bal 01:00PM ET","Bal","Lorenzo","Taliaferro","Buf",0,0,0,0,0
"WR","Stevie Johnson (7147587)","Stevie Johnson",7147587,3100,"SD@KC 01:00PM ET","SD","Stevie","Johnson","KC",0,0,0,0,0
"RB","Jacquizz Rodgers (7147384)","Jacquizz Rodgers",7147384,3100,"Chi@Hou 01:00PM ET","Chi","Jacquizz","Rodgers","Hou",0,0,0,0,0
"RB","Knile Davis (7147356)","Knile Davis",7147356,3100,"SD@KC 01:00PM ET","KC","Knile","Davis","SD",0,0,0,0,0
"RB","Kyle Juszczyk (7147372)","Kyle Juszczyk",7147372,3100,"Buf@Bal 01:00PM ET","Bal","Kyle","Juszczyk","Buf",0,2,0,2,0
"RB","Denard Robinson (7147403)","Denard Robinson",7147403,3100,"GB@Jax 01:00PM ET","Jax","Denard","Robinson","GB",3.63,0,0,0,0
"WR","Justin Hardy (7147480)","Justin Hardy",7147480,3100,"TB@Atl 01:00PM ET","Atl","Justin","Hardy","TB",6.01,7.4,5.3,5.32293720491218,0
"WR","Marqise Lee (7147671)","Marqise Lee",7147671,3100,"GB@Jax 01:00PM ET","Jax","Marqise","Lee","GB",4.97,3.1,0,2.92746277039598,0
"TE","Richard Rodgers (7147884)","Richard Rodgers",7147884,3100,"GB@Jax 01:00PM ET","GB","Richard","Rodgers","Jax",7,3.3,6.1,3.55368496614805,0
"RB","Alex Collins (7147425)","Alex Collins",7147425,3100,"Mia@Sea 04:05PM ET","Sea","Alex","Collins","Mia",0,0,0,0,0
"WR","Nate Washington (7147752)","Nate Washington",7147752,3000,"NE@Ari 08:30PM ET","NE","Nate","Washington","Ari",0,0,0,0,0
"WR","Andre Caldwell (7147729)","Andre Caldwell",7147729,3000,"Det@Ind 04:25PM ET","Det","Andre","Caldwell","Ind",0,0,0,0,0
"WR","Eric Weems (7147470)","Eric Weems",7147470,3000,"TB@Atl 01:00PM ET","Atl","Eric","Weems","TB",0,0,0,0,0
"WR","Matthew Slater (7147753)","Matthew Slater",7147753,3000,"NE@Ari 08:30PM ET","NE","Matthew","Slater","Ari",0,0,0,0,0
"RB","Jerome Felton (7147368)","Jerome Felton",7147368,3000,"Buf@Bal 01:00PM ET","Buf","Jerome","Felton","Bal",0,0,0,0,0
"RB","Cedric Peerman (7147323)","Cedric Peerman",7147323,3000,"Cin@NYJ 01:00PM ET","Cin","Cedric","Peerman","NYJ",0,0,0,0,0
"WR","Marlon Moore (7147515)","Marlon Moore",7147515,3000,"Cle@Phi 01:00PM ET","Cle","Marlon","Moore","Phi",0,0,0,0,0
"WR","Brandon Tate (7147539)","Brandon Tate",7147539,3000,"Cin@NYJ 01:00PM ET","Cin","Brandon","Tate","NYJ",3.55,0,0,0,0
"RB","Darrel Young (7147383)","Darrel Young",7147383,3000,"Chi@Hou 01:00PM ET","Chi","Darrel","Young","Hou",0,0,0,0,0
"WR","Louis Murphy (7147471)","Louis Murphy",7147471,3000,"TB@Atl 01:00PM ET","TB","Louis","Murphy","Atl",0,0,0,0,0
"RB","Donald Brown (7147455)","Donald Brown",7147455,3000,"NE@Ari 08:30PM ET","NE","Donald","Brown","Ari",0,0,0,0,0
"WR","Dobson Collins (7147610)","Dobson Collins",7147610,3000,"Buf@Bal 01:00PM ET","Bal","Dobson","Collins","Buf",0,0,0,0,0
"WR","Kyle Williams (7147542)","Kyle Williams",7147542,3000,"Cin@NYJ 01:00PM ET","NYJ","Kyle","Williams","Cin",0,0,0,0,0
"WR","Greg Salas (7147611)","Greg Salas",7147611,3000,"Buf@Bal 01:00PM ET","Buf","Greg","Salas","Bal",3.06,0,0,0,0
"RB","Marcel Reece (7147339)","Marcel Reece",7147339,3000,"Oak@NO 01:00PM ET","Oak","Marcel","Reece","NO",0,0,0,0,0
"WR","Marc Mariani (7147636)","Marc Mariani",7147636,3000,"Chi@Hou 01:00PM ET","Chi","Marc","Mariani","Hou",4.98,0,0,0,0
"WR","Bryan Walters (7147659)","Bryan Walters",7147659,3000,"GB@Jax 01:00PM ET","Jax","Bryan","Walters","GB",0,1.3,0,1.3,0
"WR","Andre Roberts (7147730)","Andre Roberts",7147730,3000,"Det@Ind 04:25PM ET","Det","Andre","Roberts","Ind",0,3.2,0,3.2,0
"WR","Jeremy Ross (7147543)","Jeremy Ross",7147543,3000,"Cin@NYJ 01:00PM ET","NYJ","Jeremy","Ross","Cin",0,0,0,0,0
"RB","Dexter McCluster (7147293)","Dexter McCluster",7147293,3000,"Min@Ten 01:00PM ET","Ten","Dexter","McCluster","Min",0,0,0,0,0
"WR","Mike Williams (7147588)","Mike Williams",7147588,3000,"SD@KC 01:00PM ET","KC","Mike","Williams","SD",0,0,0,0,0
"RB","James Develin (7147456)","James Develin",7147456,3000,"NE@Ari 08:30PM ET","NE","James","Develin","Ari",0,0,0,0,0
"WR","Arrelious Benn (7147660)","Arrelious Benn",7147660,3000,"GB@Jax 01:00PM ET","Jax","Arrelious","Benn","GB",0,0,0,0,0
"WR","Marcus Easley (7147613)","Marcus Easley",7147613,3000,"Buf@Bal 01:00PM ET","Buf","Marcus","Easley","Bal",0,0,0,0,0
"RB","Stevan Ridley (7147442)","Stevan Ridley",7147442,3000,"Det@Ind 04:25PM ET","Det","Stevan","Ridley","Ind",0,0,0,0,0
"RB","Taiwan Jones (7147341)","Taiwan Jones",7147341,3000,"Oak@NO 01:00PM ET","Oak","Taiwan","Jones","NO",0,2.2,0,2.2,0
"WR","Charles Johnson (7147495)","Charles Johnson",7147495,3000,"Min@Ten 01:00PM ET","Min","Charles","Johnson","Ten",6.19,0,4.45,1.66691523610331,0
"WR","Deonte Thompson (7147637)","Deonte Thompson",7147637,3000,"Chi@Hou 01:00PM ET","Chi","Deonte","Thompson","Hou",0,0,0,0,0
"RB","Daniel Herron (7147370)","Daniel Herron",7147370,3000,"Buf@Bal 01:00PM ET","Buf","Daniel","Herron","Bal",0,0,0,0,0
"TE","Jordan Cameron (7147889)","Jordan Cameron",7147889,3000,"Mia@Sea 04:05PM ET","Mia","Jordan","Cameron","Sea",8.32,8.8,7.06,15.1820066919291,7
"WR","Greg Little (7147615)","Greg Little",7147615,3000,"Buf@Bal 01:00PM ET","Buf","Greg","Little","Bal",0,0,0,0,0
"RB","Joe Banyard (7147400)","Joe Banyard",7147400,3000,"GB@Jax 01:00PM ET","Jax","Joe","Banyard","GB",0,0,0,0,0
"WR","Jeremy Kerley (7147731)","Jeremy Kerley",7147731,3000,"Det@Ind 04:25PM ET","Det","Jeremy","Kerley","Ind",9.5,0,0,1.31249419052379,0
"RB","Robert Hughes (7147309)","Robert Hughes",7147309,3000,"Cle@Phi 01:00PM ET","Cle","Robert","Hughes","Phi",0,0,0,0,0
"RB","Travaris Cadet (7147342)","Travaris Cadet",7147342,3000,"Oak@NO 01:00PM ET","NO","Travaris","Cadet","Oak",0,0,0,0,0
"WR","Nathan Palmer (7147565)","Nathan Palmer",7147565,3000,"Oak@NO 01:00PM ET","Oak","Nathan","Palmer","NO",0,0,0,0,0
"WR","Kashif Moore (7147590)","Kashif Moore",7147590,3000,"SD@KC 01:00PM ET","KC","Kashif","Moore","SD",0,0,0,0,0
"RB","Anthony Sherman (7147355)","Anthony Sherman",7147355,3000,"SD@KC 01:00PM ET","KC","Anthony","Sherman","SD",0,0,0,0,0
"WR","Aldrick Robinson (7147472)","Aldrick Robinson",7147472,3000,"TB@Atl 01:00PM ET","Atl","Aldrick","Robinson","TB",0,0,0,1.80370398606065,0
"RB","Robert Turbin (7147443)","Robert Turbin",7147443,3000,"Det@Ind 04:25PM ET","Ind","Robert","Turbin","Det",3.09,1.9,0,1.36490597634866,0
"RB","Will Johnson (7147430)","Will Johnson",7147430,3000,"NYG@Dal 04:25PM ET","NYG","Will","Johnson","Dal",0,0,0,0,0
"RB","Bobby Rainey (7147431)","Bobby Rainey",7147431,3000,"NYG@Dal 04:25PM ET","NYG","Bobby","Rainey","Dal",0,0,0,0.864784420492608,0
"RB","Patrick DiMarco (7147278)","Patrick DiMarco",7147278,3000,"TB@Atl 01:00PM ET","Atl","Patrick","DiMarco","TB",0,1.1,0,1.1,0
"RB","Isaiah Pead (7147412)","Isaiah Pead",7147412,3000,"Mia@Sea 04:05PM ET","Mia","Isaiah","Pead","Sea",0,0,0,0,0
"RB","George Winn (7147444)","George Winn",7147444,3000,"Det@Ind 04:25PM ET","Det","George","Winn","Ind",0,0,0,0,0
"WR","Tavarres King (7147708)","Tavarres King",7147708,3000,"NYG@Dal 04:25PM ET","NYG","Tavarres","King","Dal",0,0,0,0,0
"RB","Austin Johnson (7147343)","Austin Johnson",7147343,3000,"Oak@NO 01:00PM ET","NO","Austin","Johnson","Oak",0,0,0,0,0
"WR","Terrelle Pryor (7147516)","Terrelle Pryor",7147516,3000,"Cle@Phi 01:00PM ET","Cle","Terrelle","Pryor","Phi",7.45,11.1,4.69,12.9485076549991,7
"RB","Kenjon Barner (7147311)","Kenjon Barner",7147311,3000,"Cle@Phi 01:00PM ET","Phi","Kenjon","Barner","Cle",0,2.4,0,2.4,0
"WR","Brice Butler (7147709)","Brice Butler",7147709,3000,"NYG@Dal 04:25PM ET","Dal","Brice","Butler","NYG",2.14,1.4,0,0.656541557571965,0
"RB","Zach Line (7147295)","Zach Line",7147295,3000,"Min@Ten 01:00PM ET","Min","Zach","Line","Ten",0,0,0,0,0
"WR","Griff Whalen (7147685)","Griff Whalen",7147685,3000,"Mia@Sea 04:05PM ET","Mia","Griff","Whalen","Sea",0,0,0,0,0
"RB","Jonathan Grimes (7147385)","Jonathan Grimes",7147385,3000,"Chi@Hou 01:00PM ET","Hou","Jonathan","Grimes","Chi",0,0,0,0,0
"WR","Frankie Hammond (7147591)","Frankie Hammond",7147591,3000,"SD@KC 01:00PM ET","KC","Frankie","Hammond","SD",0,0,0,0,0
"WR","T.J. Graham (7147517)","T.J. Graham",7147517,3000,"Cle@Phi 01:00PM ET","Phi","T.J.","Graham","Cle",0,0,0,0,0
"WR","Chris Givens (7147518)","Chris Givens",7147518,3000,"Cle@Phi 01:00PM ET","Phi","Chris","Givens","Cle",0,0,0,0,0
"RB","Glenn Winston (7147312)","Glenn Winston",7147312,3000,"Cle@Phi 01:00PM ET","Cle","Glenn","Winston","Phi",0,0,0,0,0
"WR","Keshawn Martin (7147759)","Keshawn Martin",7147759,3000,"NE@Ari 08:30PM ET","NE","Keshawn","Martin","Ari",0,0,0,0,0
"WR","Myles White (7147712)","Myles White",7147712,3000,"NYG@Dal 04:25PM ET","NYG","Myles","White","Dal",0,0,0,0,0
"WR","Troy Stoudermire (7147497)","Troy Stoudermire",7147497,3000,"Min@Ten 01:00PM ET","Min","Troy","Stoudermire","Ten",0,0,0,0,0
"WR","Jarrett Boykin (7147617)","Jarrett Boykin",7147617,3000,"Buf@Bal 01:00PM ET","Buf","Jarrett","Boykin","Bal",0,0,0,0,0
"WR","B.J. Daniels (7147638)","B.J. Daniels",7147638,3000,"Chi@Hou 01:00PM ET","Chi","B.J.","Daniels","Hou",0,0,0,0,0
"RB","Jordan Todman (7147445)","Jordan Todman",7147445,3000,"Det@Ind 04:25PM ET","Ind","Jordan","Todman","Det",0,0,0,0,0
"WR","Jarius Wright (7147498)","Jarius Wright",7147498,3000,"Min@Ten 01:00PM ET","Min","Jarius","Wright","Ten",0,5.1,0,5.1,0
"RB","Brandon Bolden (7147459)","Brandon Bolden",7147459,3000,"NE@Ari 08:30PM ET","NE","Brandon","Bolden","Ari",0,2.1,0,2.1,0
"RB","Lance Dunbar (7147432)","Lance Dunbar",7147432,3000,"NYG@Dal 04:25PM ET","Dal","Lance","Dunbar","NYG",0,0,0,0,0
"RB","Jonas Gray (7147401)","Jonas Gray",7147401,3000,"GB@Jax 01:00PM ET","Jax","Jonas","Gray","GB",0,0,0,0,0
"TE","Kyle Rudolph (7147794)","Kyle Rudolph",7147794,3000,"Min@Ten 01:00PM ET","Min","Kyle","Rudolph","Ten",8.39,11,7.69,9.44941551979506,4
"WR","Russell Shepard (7147474)","Russell Shepard",7147474,3000,"TB@Atl 01:00PM ET","TB","Russell","Shepard","Atl",0,0,0,0,0
"WR","Josh Boyce (7147735)","Josh Boyce",7147735,3000,"Det@Ind 04:25PM ET","Ind","Josh","Boyce","Det",0,0,0,0,0
"RB","Matthew Tucker (7147325)","Matthew Tucker",7147325,3000,"Cin@NYJ 01:00PM ET","NYJ","Matthew","Tucker","Cin",0,0,0,0,0
"RB","Mike James (7147279)","Mike James",7147279,3000,"TB@Atl 01:00PM ET","TB","Mike","James","Atl",0,0,0,0,0
"RB","Tommy Bohanon (7147326)","Tommy Bohanon",7147326,3000,"Cin@NYJ 01:00PM ET","NYJ","Tommy","Bohanon","Cin",0,0,0,0,0
"RB","Rex Burkhead (7147327)","Rex Burkhead",7147327,3000,"Cin@NYJ 01:00PM ET","Cin","Rex","Burkhead","NYJ",0,1.5,0,1.5,0
"WR","Michael Campanaro (7147618)","Michael Campanaro",7147618,3000,"Buf@Bal 01:00PM ET","Bal","Michael","Campanaro","Buf",0,0,0,0,0
"RB","Nikita Whitlock (7147433)","Nikita Whitlock",7147433,3000,"NYG@Dal 04:25PM ET","NYG","Nikita","Whitlock","Dal",0,0,0,0,0
"WR","Damian Copeland (7147736)","Damian Copeland",7147736,3000,"Det@Ind 04:25PM ET","Det","Damian","Copeland","Ind",0,0,0,0,0
"RB","Tyler Gaffney (7147461)","Tyler Gaffney",7147461,3000,"NE@Ari 08:30PM ET","NE","Tyler","Gaffney","Ari",0,0,0,0,0
"RB","Stepfan Taylor (7147462)","Stepfan Taylor",7147462,3000,"NE@Ari 08:30PM ET","Ari","Stepfan","Taylor","NE",0,0,0,0,0
"WR","Tony Washington (7147662)","Tony Washington",7147662,3000,"GB@Jax 01:00PM ET","Jax","Tony","Washington","GB",0,0,0,0,0
"RB","Branden Oliver (7147357)","Branden Oliver",7147357,3000,"SD@KC 01:00PM ET","SD","Branden","Oliver","KC",0,0,0,0,0
"RB","Cameron Marshall (7147413)","Cameron Marshall",7147413,3000,"Mia@Sea 04:05PM ET","Sea","Cameron","Marshall","Mia",0,0,0,0,0
"WR","Marquise Goodwin (7147619)","Marquise Goodwin",7147619,3000,"Buf@Bal 01:00PM ET","Buf","Marquise","Goodwin","Bal",0,6.7,0,6.7,0
"WR","Mitch Mathews (7147593)","Mitch Mathews",7147593,3000,"SD@KC 01:00PM ET","KC","Mitch","Mathews","SD",0,0,0,0,0
"RB","Kerwynn Williams (7147463)","Kerwynn Williams",7147463,3000,"NE@Ari 08:30PM ET","Ari","Kerwynn","Williams","NE",0,0,0,0,0
"WR","Andre Debose (7147737)","Andre Debose",7147737,3000,"Det@Ind 04:25PM ET","Ind","Andre","Debose","Det",0,0,0,0,0
"WR","Shaq Evans (7147663)","Shaq Evans",7147663,3000,"GB@Jax 01:00PM ET","Jax","Shaq","Evans","GB",0,0,0,0,0
"WR","Rodney Smith (7147713)","Rodney Smith",7147713,3000,"NYG@Dal 04:25PM ET","Dal","Rodney","Smith","NYG",0,0,0,0,0
"WR","Ed Williams (7147664)","Ed Williams",7147664,3000,"GB@Jax 01:00PM ET","GB","Ed","Williams","Jax",0,0,0,0,0
"WR","Josh Lenz (7147640)","Josh Lenz",7147640,3000,"Chi@Hou 01:00PM ET","Hou","Josh","Lenz","Chi",0,0,0,0,0
"WR","Nick Williams (7147476)","Nick Williams",7147476,3000,"TB@Atl 01:00PM ET","Atl","Nick","Williams","TB",2.12,1.3,0,1.3,0
"WR","Devin Street (7147714)","Devin Street",7147714,3000,"NYG@Dal 04:25PM ET","Dal","Devin","Street","NYG",0,0,0,0,0
"WR","Chris Matthews (7147620)","Chris Matthews",7147620,3000,"Buf@Bal 01:00PM ET","Bal","Chris","Matthews","Buf",0,0,0,0,0
"WR","Aaron Dobson (7147761)","Aaron Dobson",7147761,3000,"NE@Ari 08:30PM ET","NE","Aaron","Dobson","Ari",0,0,0,0,0
"RB","Bernard Pierce (7147328)","Bernard Pierce",7147328,3000,"Cin@NYJ 01:00PM ET","NYJ","Bernard","Pierce","Cin",0,0,0,0,0
"RB","Daniel Thomas (7147415)","Daniel Thomas",7147415,3000,"Mia@Sea 04:05PM ET","Mia","Daniel","Thomas","Sea",0,0,0,0,0
"WR","Terrell Sinkfield (7147499)","Terrell Sinkfield",7147499,3000,"Min@Ten 01:00PM ET","Min","Terrell","Sinkfield","Ten",0,0,0,0,0
"RB","Dominique Williams (7147329)","Dominique Williams",7147329,3000,"Cin@NYJ 01:00PM ET","NYJ","Dominique","Williams","Cin",0,0,0,0,0
"WR","A.J. Cruz (7147686)","A.J. Cruz",7147686,3000,"Mia@Sea 04:05PM ET","Mia","A.J.","Cruz","Sea",0,0,0,0,0
"WR","Kadron Boone (7147715)","Kadron Boone",7147715,3000,"NYG@Dal 04:25PM ET","NYG","Kadron","Boone","Dal",0,0,0,0,0
"WR","James Wright (7147545)","James Wright",7147545,3000,"Cin@NYJ 01:00PM ET","Cin","James","Wright","NYJ",0,0,0,0,0
"RB","Storm Johnson (7147281)","Storm Johnson",7147281,3000,"TB@Atl 01:00PM ET","TB","Storm","Johnson","Atl",0,0,0,0,0
"WR","Justin Hunter (7147500)","Justin Hunter",7147500,3000,"Min@Ten 01:00PM ET","Ten","Justin","Hunter","Min",0,0,0,0,0
"RB","Rajion Neal (7147313)","Rajion Neal",7147313,3000,"Cle@Phi 01:00PM ET","Cle","Rajion","Neal","Phi",0,0,0,0,0
"RB","Trey Millard (7147359)","Trey Millard",7147359,3000,"SD@KC 01:00PM ET","KC","Trey","Millard","SD",0,0,0,0,0
"RB","Jay Prosch (7147388)","Jay Prosch",7147388,3000,"Chi@Hou 01:00PM ET","Hou","Jay","Prosch","Chi",0,0,0,0,0
"RB","Jalston Fowler (7147296)","Jalston Fowler",7147296,3000,"Min@Ten 01:00PM ET","Ten","Jalston","Fowler","Min",0,0,0,0,0
"RB","Jeff Luc (7147330)","Jeff Luc",7147330,3000,"Cin@NYJ 01:00PM ET","Cin","Jeff","Luc","NYJ",0,0,0,0,0
"WR","TJ Jones (7147738)","TJ Jones",7147738,3000,"Det@Ind 04:25PM ET","Det","TJ","Jones","Ind",0,0,0,0,0
"WR","Kenbrell Thompkins (7147547)","Kenbrell Thompkins",7147547,3000,"Cin@NYJ 01:00PM ET","NYJ","Kenbrell","Thompkins","Cin",0,0,0,0,0
"RB","Joey Iosefa (7147464)","Joey Iosefa",7147464,3000,"NE@Ari 08:30PM ET","NE","Joey","Iosefa","Ari",0,0,0,0,0
"WR","Kain Colter (7147621)","Kain Colter",7147621,3000,"Buf@Bal 01:00PM ET","Buf","Kain","Colter","Bal",0,0,0,0,0
"WR","Rashad Lawrence (7147667)","Rashad Lawrence",7147667,3000,"GB@Jax 01:00PM ET","Jax","Rashad","Lawrence","GB",0,0,0,0,0
"RB","Orleans Darkwa (7147434)","Orleans Darkwa",7147434,3000,"NYG@Dal 04:25PM ET","NYG","Orleans","Darkwa","Dal",0,2.1,0,3.65386644961608,0
"WR","Rod Streater (7147594)","Rod Streater",7147594,3000,"SD@KC 01:00PM ET","KC","Rod","Streater","SD",0,0,0,0,0
"WR","Jamel Johnson (7147668)","Jamel Johnson",7147668,3000,"GB@Jax 01:00PM ET","GB","Jamel","Johnson","Jax",0,0,0,0,0
"WR","R.J. Harris (7147566)","R.J. Harris",7147566,3000,"Oak@NO 01:00PM ET","NO","R.J.","Harris","Oak",0,0,0,0,0
"WR","Michael Bennett (7147548)","Michael Bennett",7147548,3000,"Cin@NYJ 01:00PM ET","Cin","Michael","Bennett","NYJ",0,0,0,0,0
"RB","Marcus Murphy (7147346)","Marcus Murphy",7147346,3000,"Oak@NO 01:00PM ET","NO","Marcus","Murphy","Oak",0,0,0,0,0
"RB","Andre Williams (7147435)","Andre Williams",7147435,3000,"NYG@Dal 04:25PM ET","NYG","Andre","Williams","Dal",0,0,0,0,0
"TE","Clive Walford (7147835)","Clive Walford",7147835,3000,"Oak@NO 01:00PM ET","Oak","Clive","Walford","NO",8.36,8.8,6.95,7.81584810418976,7
"RB","Rod Smith (7147436)","Rod Smith",7147436,3000,"NYG@Dal 04:25PM ET","Dal","Rod","Smith","NYG",0,0,0,0,0
"WR","Joshua Bellamy (7147641)","Joshua Bellamy",7147641,3000,"Chi@Hou 01:00PM ET","Chi","Joshua","Bellamy","Hou",0,0,0,0,0
"RB","Senorise Perry (7147389)","Senorise Perry",7147389,3000,"Chi@Hou 01:00PM ET","Chi","Senorise","Perry","Hou",0,0,0,0,0
"WR","Jordan Leslie (7147478)","Jordan Leslie",7147478,3000,"TB@Atl 01:00PM ET","Atl","Jordan","Leslie","TB",0,0,0,0,0
"WR","Neal Sterling (7147669)","Neal Sterling",7147669,3000,"GB@Jax 01:00PM ET","Jax","Neal","Sterling","GB",0,0,0,0,0
"WR","Walt Powell (7147622)","Walt Powell",7147622,3000,"Buf@Bal 01:00PM ET","Buf","Walt","Powell","Bal",0,0,0,0,0
"WR","Javontee Herndon (7147595)","Javontee Herndon",7147595,3000,"SD@KC 01:00PM ET","SD","Javontee","Herndon","KC",0,0,0,0,0
"RB","Malcolm Johnson (7147314)","Malcolm Johnson",7147314,3000,"Cle@Phi 01:00PM ET","Cle","Malcolm","Johnson","Phi",0,1.1,0,1.1,0
"WR","Jonathan Krause (7147479)","Jonathan Krause",7147479,3000,"TB@Atl 01:00PM ET","TB","Jonathan","Krause","Atl",0,0,0,0,0
"WR","Josh Huff (7147522)","Josh Huff",7147522,3000,"Cle@Phi 01:00PM ET","Phi","Josh","Huff","Cle",0,3.4,0,3.4,0
"RB","Soma Vainuku (7147390)","Soma Vainuku",7147390,3000,"Chi@Hou 01:00PM ET","Hou","Soma","Vainuku","Chi",0,0,0,0,0
"WR","Andrew Turzilli (7147501)","Andrew Turzilli",7147501,3000,"Min@Ten 01:00PM ET","Ten","Andrew","Turzilli","Min",0,0,0,0,0
"WR","Brandon Coleman (7147567)","Brandon Coleman",7147567,3000,"Oak@NO 01:00PM ET","NO","Brandon","Coleman","Oak",4.45,1.2,0,1.21953853621781,0
"RB","Sam Bergen (7147297)","Sam Bergen",7147297,3000,"Min@Ten 01:00PM ET","Ten","Sam","Bergen","Min",0,0,0,0,0
"RB","Michael Burton (7147447)","Michael Burton",7147447,3000,"Det@Ind 04:25PM ET","Det","Michael","Burton","Ind",0,0,0,0,0
"RB","Corey Grant (7147404)","Corey Grant",7147404,3000,"GB@Jax 01:00PM ET","Jax","Corey","Grant","GB",0,0,0,0,0
"WR","Kaelin Clay (7147624)","Kaelin Clay",7147624,3000,"Buf@Bal 01:00PM ET","Bal","Kaelin","Clay","Buf",0,0,0,0,0
"WR","Antwan Goodley (7147688)","Antwan Goodley",7147688,3000,"Mia@Sea 04:05PM ET","Sea","Antwan","Goodley","Mia",0,0,0,0,0
"WR","Matt Hazel (7147689)","Matt Hazel",7147689,3000,"Mia@Sea 04:05PM ET","Mia","Matt","Hazel","Sea",0,0,0,0,0
"WR","Keith Mumphery (7147642)","Keith Mumphery",7147642,3000,"Chi@Hou 01:00PM ET","Hou","Keith","Mumphery","Chi",0,2,0,2,0
"WR","Da'Ron Brown (7147598)","Da'Ron Brown",7147598,3000,"SD@KC 01:00PM ET","KC","Da'Ron","Brown","SD",0,0,0,0,0
"WR","Kevin Smith (7147690)","Kevin Smith",7147690,3000,"Mia@Sea 04:05PM ET","Sea","Kevin","Smith","Mia",0,0,0,0,0
"WR","Corey Fuller (7147739)","Corey Fuller",7147739,3000,"Det@Ind 04:25PM ET","Det","Corey","Fuller","Ind",0,0,0,0,0
"WR","Jake Kumerow (7147549)","Jake Kumerow",7147549,3000,"Cin@NYJ 01:00PM ET","Cin","Jake","Kumerow","NYJ",0,0,0,0,0
"WR","Geremy Davis (7147716)","Geremy Davis",7147716,3000,"NYG@Dal 04:25PM ET","NYG","Geremy","Davis","Dal",0,0,0,0,0
"RB","David Fluellen (7147298)","David Fluellen",7147298,3000,"Min@Ten 01:00PM ET","Ten","David","Fluellen","Min",0,0,0,0,0
"WR","Bernard Reedy (7147481)","Bernard Reedy",7147481,3000,"TB@Atl 01:00PM ET","TB","Bernard","Reedy","Atl",0,0,0,0,0
"RB","Jamize Olawale (7147347)","Jamize Olawale",7147347,3000,"Oak@NO 01:00PM ET","Oak","Jamize","Olawale","NO",0,1,0,1,0
"WR","Paul Richardson (7147691)","Paul Richardson",7147691,3000,"Mia@Sea 04:05PM ET","Sea","Paul","Richardson","Mia",2.96,4.6,0,6.44359742740266,0
"WR","Douglas McNeil III (7147692)","Douglas McNeil III",7147692,3000,"Mia@Sea 04:05PM ET","Sea","Douglas","McNeil III","Mia",0,0,0,0,0
"WR","Daniel Brown (7147625)","Daniel Brown",7147625,3000,"Buf@Bal 01:00PM ET","Bal","Daniel","Brown","Buf",0,0,0,0,0
"WR","Reggie Bell (7147569)","Reggie Bell",7147569,3000,"Oak@NO 01:00PM ET","NO","Reggie","Bell","Oak",0,0,0,0,0
"WR","Isaiah Burse (7147599)","Isaiah Burse",7147599,3000,"SD@KC 01:00PM ET","SD","Isaiah","Burse","KC",0,0,0,0,0
"WR","Freddie Martino (7147482)","Freddie Martino",7147482,3000,"TB@Atl 01:00PM ET","TB","Freddie","Martino","Atl",0,0,0,0,0
"WR","Cameron Meredith (7147646)","Cameron Meredith",7147646,3000,"Chi@Hou 01:00PM ET","Chi","Cameron","Meredith","Hou",0,0,0,0,0
"RB","Antonio Andrews (7147300)","Antonio Andrews",7147300,3000,"Min@Ten 01:00PM ET","Ten","Antonio","Andrews","Min",0,0,0,0,0
"RB","Zach Zenner (7147448)","Zach Zenner",7147448,3000,"Det@Ind 04:25PM ET","Det","Zach","Zenner","Ind",4.12,5.6,0,5.56382444319644,0
"RB","Kenny Hilliard (7147392)","Kenny Hilliard",7147392,3000,"Chi@Hou 01:00PM ET","Hou","Kenny","Hilliard","Chi",0,0,0,0,0
"WR","Paul Turner (7147523)","Paul Turner",7147523,3000,"Cle@Phi 01:00PM ET","Phi","Paul","Turner","Cle",0,0,0,0,0
"RB","Dreamius Smith (7147360)","Dreamius Smith",7147360,3000,"SD@KC 01:00PM ET","SD","Dreamius","Smith","KC",0,0,0,0,0
"RB","Terron Ward (7147282)","Terron Ward",7147282,3000,"TB@Atl 01:00PM ET","Atl","Terron","Ward","TB",0,1.2,0,1.2,0
"RB","David Cobb (7147301)","David Cobb",7147301,3000,"Min@Ten 01:00PM ET","Ten","David","Cobb","Min",0,0,0,0,0
"RB","Blake Renaud (7147302)","Blake Renaud",7147302,3000,"Min@Ten 01:00PM ET","Min","Blake","Renaud","Ten",0,0,0,0,0
"WR","Titus Davis (7147550)","Titus Davis",7147550,3000,"Cin@NYJ 01:00PM ET","NYJ","Titus","Davis","Cin",0,0,0,0,0
"WR","Quan Bray (7147740)","Quan Bray",7147740,3000,"Det@Ind 04:25PM ET","Ind","Quan","Bray","Det",0,3.6,0,3.6,0
"WR","Braxton Miller (7147647)","Braxton Miller",7147647,3000,"Chi@Hou 01:00PM ET","Hou","Braxton","Miller","Chi",4.36,5.3,4.76,5.53806116468254,0
"WR","Tre McBride (7147503)","Tre McBride",7147503,3000,"Min@Ten 01:00PM ET","Ten","Tre","McBride","Min",0,0,0,0,0
"WR","Jared Dangerfield (7147571)","Jared Dangerfield",7147571,3000,"Oak@NO 01:00PM ET","NO","Jared","Dangerfield","Oak",0,0,0,0,0
"WR","Rashawn Scott (7147694)","Rashawn Scott",7147694,3000,"Mia@Sea 04:05PM ET","Mia","Rashawn","Scott","Sea",0,0,0,0,0
"WR","David Watford (7147524)","David Watford",7147524,3000,"Cle@Phi 01:00PM ET","Phi","David","Watford","Cle",0,0,0,0,0
"WR","Gary Chambers (7147626)","Gary Chambers",7147626,3000,"Buf@Bal 01:00PM ET","Buf","Gary","Chambers","Bal",0,0,0,0,0
"WR","Amir Carlisle (7147764)","Amir Carlisle",7147764,3000,"NE@Ari 08:30PM ET","Ari","Amir","Carlisle","NE",0,0,0,0,0
"RB","Tre Madden (7147417)","Tre Madden",7147417,3000,"Mia@Sea 04:05PM ET","Sea","Tre","Madden","Mia",0,0,0,0,0
"WR","Quenton Bundrage (7147648)","Quenton Bundrage",7147648,3000,"Chi@Hou 01:00PM ET","Hou","Quenton","Bundrage","Chi",0,0,0,0,0
"RB","Kevin Monangai (7147303)","Kevin Monangai",7147303,3000,"Min@Ten 01:00PM ET","Min","Kevin","Monangai","Ten",0,0,0,0,0
"WR","Dezmin Lewis (7147627)","Dezmin Lewis",7147627,3000,"Buf@Bal 01:00PM ET","Buf","Dezmin","Lewis","Bal",0,0,0,0,0
"RB","Gus Johnson (7147284)","Gus Johnson",7147284,3000,"TB@Atl 01:00PM ET","Atl","Gus","Johnson","TB",0,0,0,0,0
"WR","Adam Humphries (7147484)","Adam Humphries",7147484,3000,"TB@Atl 01:00PM ET","TB","Adam","Humphries","Atl",6.64,1.2,0,8.30042421150948,0
"WR","Charone Peake (7147551)","Charone Peake",7147551,3000,"Cin@NYJ 01:00PM ET","NYJ","Charone","Peake","Cin",0,1.8,0,1.8,0
"RB","Tyler Ervin (7147394)","Tyler Ervin",7147394,3000,"Chi@Hou 01:00PM ET","Hou","Tyler","Ervin","Chi",0,3.4,0,3.4,0
"WR","Xavier Rush (7147525)","Xavier Rush",7147525,3000,"Cle@Phi 01:00PM ET","Phi","Xavier","Rush","Cle",0,0,0,0,0
"RB","Bronson Hill (7147332)","Bronson Hill",7147332,3000,"Cin@NYJ 01:00PM ET","Cin","Bronson","Hill","NYJ",0,0,0,0,0
"WR","Jamal Robinson (7147672)","Jamal Robinson",7147672,3000,"GB@Jax 01:00PM ET","Jax","Jamal","Robinson","GB",0,0,0,0,0
"WR","Jaxon Shipley (7147765)","Jaxon Shipley",7147765,3000,"NE@Ari 08:30PM ET","Ari","Jaxon","Shipley","NE",0,0,0,0,0
"WR","Deshon Foxx (7147696)","Deshon Foxx",7147696,3000,"Mia@Sea 04:05PM ET","Sea","Deshon","Foxx","Mia",0,0,0,0,0
"WR","Marken Michel (7147504)","Marken Michel",7147504,3000,"Min@Ten 01:00PM ET","Min","Marken","Michel","Ten",0,0,0,0,0
"WR","K.J. Brent (7147572)","K.J. Brent",7147572,3000,"Oak@NO 01:00PM ET","Oak","K.J.","Brent","NO",0,0,0,0,0
"WR","Tanner McEvoy (7147697)","Tanner McEvoy",7147697,3000,"Mia@Sea 04:05PM ET","Sea","Tanner","McEvoy","Mia",0,0,0,0,0
"RB","Brandon Wilds (7147285)","Brandon Wilds",7147285,3000,"TB@Atl 01:00PM ET","Atl","Brandon","Wilds","TB",0,0,0,0,0
"WR","Devin Lucien (7147766)","Devin Lucien",7147766,3000,"NE@Ari 08:30PM ET","NE","Devin","Lucien","Ari",0,0,0,0,0
"RB","Aaron Ripkowski (7147405)","Aaron Ripkowski",7147405,3000,"GB@Jax 01:00PM ET","GB","Aaron","Ripkowski","Jax",0,0,0,0,0
"WR","David Glidden (7147485)","David Glidden",7147485,3000,"TB@Atl 01:00PM ET","Atl","David","Glidden","TB",0,0,0,0,0
"WR","Jakeem Grant (7147699)","Jakeem Grant",7147699,3000,"Mia@Sea 04:05PM ET","Mia","Jakeem","Grant","Sea",0,0,0,0,0
"RB","James Wilder (7147376)","James Wilder",7147376,3000,"Buf@Bal 01:00PM ET","Buf","James","Wilder","Bal",0,0,0,0,0
"WR","Marcus Leak (7147742)","Marcus Leak",7147742,3000,"Det@Ind 04:25PM ET","Ind","Marcus","Leak","Det",0,0,0,0,0
"RB","Brandon Ross (7147406)","Brandon Ross",7147406,3000,"GB@Jax 01:00PM ET","GB","Brandon","Ross","Jax",0,0,0,0,0
"RB","Romar Morris (7147333)","Romar Morris",7147333,3000,"Cin@NYJ 01:00PM ET","NYJ","Romar","Morris","Cin",0,0,0,0,0
"WR","Darius Jennings (7147526)","Darius Jennings",7147526,3000,"Cle@Phi 01:00PM ET","Cle","Darius","Jennings","Phi",0,0,0,0,0
"WR","Devin Smith (7147552)","Devin Smith",7147552,3000,"Cin@NYJ 01:00PM ET","NYJ","Devin","Smith","Cin",0,0,0,0,0
"WR","Evan Spencer (7147486)","Evan Spencer",7147486,3000,"TB@Atl 01:00PM ET","TB","Evan","Spencer","Atl",0,0,0,0,0
"RB","Brandon Cottom (7147419)","Brandon Cottom",7147419,3000,"Mia@Sea 04:05PM ET","Sea","Brandon","Cottom","Mia",0,0,0,0,0
"RB","Akeem Hunt (7147395)","Akeem Hunt",7147395,3000,"Chi@Hou 01:00PM ET","Hou","Akeem","Hunt","Chi",0,0,0,0,0
"RB","Raheem Mostert (7147315)","Raheem Mostert",7147315,3000,"Cle@Phi 01:00PM ET","Cle","Raheem","Mostert","Phi",0,0,0,0,0
"RB","Derek Watt (7147362)","Derek Watt",7147362,3000,"SD@KC 01:00PM ET","SD","Derek","Watt","KC",0,0,0,0,0
"WR","Chris Moore (7147629)","Chris Moore",7147629,3000,"Buf@Bal 01:00PM ET","Bal","Chris","Moore","Buf",0,1,0,1,0
"RB","Elijhaa Penny (7147467)","Elijhaa Penny",7147467,3000,"NE@Ari 08:30PM ET","Ari","Elijhaa","Penny","NE",0,0,0,0,0
"WR","Andre Davis (7147487)","Andre Davis",7147487,3000,"TB@Atl 01:00PM ET","TB","Andre","Davis","Atl",0,0,0,0,0
"WR","Malcolm Mitchell (7147767)","Malcolm Mitchell",7147767,3000,"NE@Ari 08:30PM ET","NE","Malcolm","Mitchell","Ari",0,2.5,0,1.23133569816983,0
"WR","Marvin Hall (7147573)","Marvin Hall",7147573,3000,"Oak@NO 01:00PM ET","Oak","Marvin","Hall","NO",0,0,0,0,0
"WR","Chuck Jacobs (7147630)","Chuck Jacobs",7147630,3000,"Buf@Bal 01:00PM ET","Bal","Chuck","Jacobs","Buf",0,0,0,0,0
"WR","Jeremy Butler (7147631)","Jeremy Butler",7147631,3000,"Buf@Bal 01:00PM ET","Bal","Jeremy","Butler","Buf",0,0,0,0,0
"RB","Daniel Lasco (7147349)","Daniel Lasco",7147349,3000,"Oak@NO 01:00PM ET","NO","Daniel","Lasco","Oak",0,1,0,1,0
"RB","Tra Carson (7147334)","Tra Carson",7147334,3000,"Cin@NYJ 01:00PM ET","Cin","Tra","Carson","NYJ",0,0,0,0,0
"WR","De'Anthony Thomas (7147601)","De'Anthony Thomas",7147601,3000,"SD@KC 01:00PM ET","KC","De'Anthony","Thomas","SD",0,0,0,0,0
"RB","Bishop Sankey (7147304)","Bishop Sankey",7147304,3000,"Min@Ten 01:00PM ET","Ten","Bishop","Sankey","Min",0,0,0,0,0
"RB","Tani Tupou (7147420)","Tani Tupou",7147420,3000,"Mia@Sea 04:05PM ET","Sea","Tani","Tupou","Mia",0,0,0,0,0
"WR","Kasen Williams (7147700)","Kasen Williams",7147700,3000,"Mia@Sea 04:05PM ET","Sea","Kasen","Williams","Mia",0,0,0,0,0
"WR","Tommylee Lewis (7147575)","Tommylee Lewis",7147575,3000,"Oak@NO 01:00PM ET","NO","Tommylee","Lewis","Oak",0,0,0,0,0
"WR","Dominique Williams (7147602)","Dominique Williams",7147602,3000,"SD@KC 01:00PM ET","SD","Dominique","Williams","KC",0,0,0,0,0
"WR","Jay Lee (7147744)","Jay Lee",7147744,3000,"Det@Ind 04:25PM ET","Det","Jay","Lee","Ind",0,0,0,0,0
"WR","J.D. McKissic (7147488)","J.D. McKissic",7147488,3000,"TB@Atl 01:00PM ET","Atl","J.D.","McKissic","TB",0,0,0,0,0
"WR","Robby Anderson (7147553)","Robby Anderson",7147553,3000,"Cin@NYJ 01:00PM ET","NYJ","Robby","Anderson","Cin",0,4,0,4,0
"RB","Will Ratelle (7147286)","Will Ratelle",7147286,3000,"TB@Atl 01:00PM ET","Atl","Will","Ratelle","TB",0,0,0,0,0
"RB","Stephen Houston (7147378)","Stephen Houston",7147378,3000,"Buf@Bal 01:00PM ET","Bal","Stephen","Houston","Buf",0,0,0,0,0
"WR","Shane Wynn (7147674)","Shane Wynn",7147674,3000,"GB@Jax 01:00PM ET","Jax","Shane","Wynn","GB",0,0,0,0,0
"RB","Kenneth Farrow (7147363)","Kenneth Farrow",7147363,3000,"SD@KC 01:00PM ET","SD","Kenneth","Farrow","KC",0,1.3,0,1.3,0
"RB","Darrin Reaves (7147364)","Darrin Reaves",7147364,3000,"SD@KC 01:00PM ET","KC","Darrin","Reaves","SD",0,0,0,0,0
"WR","Rannell Hall (7147527)","Rannell Hall",7147527,3000,"Cle@Phi 01:00PM ET","Cle","Rannell","Hall","Phi",0,0,0,0,0
"RB","George Atkinson III (7147350)","George Atkinson III",7147350,3000,"Oak@NO 01:00PM ET","Oak","George","Atkinson III","NO",0,0,0,0,0
"WR","DeAndre Carter (7147768)","DeAndre Carter",7147768,3000,"NE@Ari 08:30PM ET","NE","DeAndre","Carter","Ari",0,0,0,0,0
"RB","Andrew Bonnet (7147335)","Andrew Bonnet",7147335,3000,"Cin@NYJ 01:00PM ET","Cin","Andrew","Bonnet","NYJ",0,0,0,0,0
"RB","Alan Cross (7147287)","Alan Cross",7147287,3000,"TB@Atl 01:00PM ET","TB","Alan","Cross","Atl",0,0,0,0,0
"WR","Tevin Jones (7147649)","Tevin Jones",7147649,3000,"Chi@Hou 01:00PM ET","Hou","Tevin","Jones","Chi",0,0,0,0,0
"WR","Chandler Worthy (7147554)","Chandler Worthy",7147554,3000,"Cin@NYJ 01:00PM ET","NYJ","Chandler","Worthy","Cin",0,0,0,0,0
"WR","Trevor Davis (7147677)","Trevor Davis",7147677,3000,"GB@Jax 01:00PM ET","GB","Trevor","Davis","Jax",0,0,0,0,0
"WR","Brittan Golden (7147769)","Brittan Golden",7147769,3000,"NE@Ari 08:30PM ET","Ari","Brittan","Golden","NE",0,0,0,0,0
"WR","Tyrell Williams (7147603)","Tyrell Williams",7147603,3000,"SD@KC 01:00PM ET","SD","Tyrell","Williams","KC",6.53,3.9,0,3.49114636281395,0
"RB","Jhurell Pressley (7147305)","Jhurell Pressley",7147305,3000,"Min@Ten 01:00PM ET","Min","Jhurell","Pressley","Ten",0,0,0,0,0
"WR","Kolby Listenbee (7147632)","Kolby Listenbee",7147632,3000,"Buf@Bal 01:00PM ET","Buf","Kolby","Listenbee","Bal",0,0,0,0,0
"WR","Isaac Fruechte (7147505)","Isaac Fruechte",7147505,3000,"Min@Ten 01:00PM ET","Min","Isaac","Fruechte","Ten",0,0,0,0,0
"WR","KJ Maye (7147718)","KJ Maye",7147718,3000,"NYG@Dal 04:25PM ET","NYG","KJ","Maye","Dal",0,0,0,0,0
"WR","Joe Hansley (7147577)","Joe Hansley",7147577,3000,"Oak@NO 01:00PM ET","Oak","Joe","Hansley","NO",0,0,0,0,0
"WR","Daniel Braverman (7147650)","Daniel Braverman",7147650,3000,"Chi@Hou 01:00PM ET","Chi","Daniel","Braverman","Hou",0,0,0,0,0
"WR","Jordan Williams-Lambert (7147578)","Jordan Williams-Lambert",7147578,3000,"Oak@NO 01:00PM ET","NO","Jordan","Williams-Lambert","Oak",0,0,0,0,0
"WR","Alex Erickson (7147555)","Alex Erickson",7147555,3000,"Cin@NYJ 01:00PM ET","Cin","Alex","Erickson","NYJ",0,0,0,0,0
"RB","Paul Lasike (7147396)","Paul Lasike",7147396,3000,"Chi@Hou 01:00PM ET","Chi","Paul","Lasike","Hou",0,0,0,0,0
"RB","D.J. Foster (7147468)","D.J. Foster",7147468,3000,"NE@Ari 08:30PM ET","NE","D.J.","Foster","Ari",0,0,0,0,0
"RB","Glenn Gronkowski (7147379)","Glenn Gronkowski",7147379,3000,"Buf@Bal 01:00PM ET","Buf","Glenn","Gronkowski","Bal",0,0,0,0,0
"RB","Zac Brooks (7147421)","Zac Brooks",7147421,3000,"Mia@Sea 04:05PM ET","Sea","Zac","Brooks","Mia",0,0,0,0,0
"RB","Marshaun Coprich (7147437)","Marshaun Coprich",7147437,3000,"NYG@Dal 04:25PM ET","NYG","Marshaun","Coprich","Dal",0,0,0,0,0
"RB","Byron Marshall (7147318)","Byron Marshall",7147318,3000,"Cle@Phi 01:00PM ET","Phi","Byron","Marshall","Cle",0,0,0,0,0
"RB","Russell Hansbrough (7147288)","Russell Hansbrough",7147288,3000,"TB@Atl 01:00PM ET","TB","Russell","Hansbrough","Atl",0,0,0,0,0
"WR","Cordarrelle Patterson (7147507)","Cordarrelle Patterson",7147507,3000,"Min@Ten 01:00PM ET","Min","Cordarrelle","Patterson","Ten",0,0,0,0.803026341845009,0
"RB","Trey Williams (7147451)","Trey Williams",7147451,3000,"Det@Ind 04:25PM ET","Ind","Trey","Williams","Det",0,0,0,0,0
"WR","Chris Harper (7147770)","Chris Harper",7147770,3000,"NE@Ari 08:30PM ET","NE","Chris","Harper","Ari",0,0,0,0,0
"WR","Kenny Lawler (7147701)","Kenny Lawler",7147701,3000,"Mia@Sea 04:05PM ET","Sea","Kenny","Lawler","Mia",0,0,0,0,0
"WR","Darius Powe (7147719)","Darius Powe",7147719,3000,"NYG@Dal 04:25PM ET","NYG","Darius","Powe","Dal",0,0,0,0,0
"WR","Devin Fuller (7147489)","Devin Fuller",7147489,3000,"TB@Atl 01:00PM ET","Atl","Devin","Fuller","TB",0,0,0,0,0
"WR","Jordan Payton (7147528)","Jordan Payton",7147528,3000,"Cle@Phi 01:00PM ET","Cle","Jordan","Payton","Phi",0,0,0,0,0
"RB","Damien Williams (7147422)","Damien Williams",7147422,3000,"Mia@Sea 04:05PM ET","Mia","Damien","Williams","Sea",3.21,1.7,0,0,0
"WR","Marcus Johnson (7147530)","Marcus Johnson",7147530,3000,"Cle@Phi 01:00PM ET","Phi","Marcus","Johnson","Cle",0,0,0,0,0
"WR","Cayleb Jones (7147531)","Cayleb Jones",7147531,3000,"Cle@Phi 01:00PM ET","Phi","Cayleb","Jones","Cle",0,0,0,0,0
"WR","Max McCaffrey (7147580)","Max McCaffrey",7147580,3000,"Oak@NO 01:00PM ET","Oak","Max","McCaffrey","NO",0,0,0,0,0
"WR","Herb Waters (7147678)","Herb Waters",7147678,3000,"GB@Jax 01:00PM ET","GB","Herb","Waters","Jax",0,0,0,0,0
"WR","Quinshad Davis (7147745)","Quinshad Davis",7147745,3000,"Det@Ind 04:25PM ET","Det","Quinshad","Davis","Ind",0,0,0,0,0
"WR","Tevaun Smith (7147746)","Tevaun Smith",7147746,3000,"Det@Ind 04:25PM ET","Ind","Tevaun","Smith","Det",0,0,0,0,0
"WR","Daniel Anthrop (7147747)","Daniel Anthrop",7147747,3000,"Det@Ind 04:25PM ET","Ind","Daniel","Anthrop","Det",0,0,0,0,0
"WR","Brandon Shippen (7147702)","Brandon Shippen",7147702,3000,"Mia@Sea 04:05PM ET","Mia","Brandon","Shippen","Sea",0,0,0,0,0
"WR","Marquis Bundy (7147771)","Marquis Bundy",7147771,3000,"NE@Ari 08:30PM ET","Ari","Marquis","Bundy","NE",0,0,0,0,0
"RB","Abou Toure (7147452)","Abou Toure",7147452,3000,"Det@Ind 04:25PM ET","Ind","Abou","Toure","Det",0,0,0,0,0
"WR","Dennis Parks (7147532)","Dennis Parks",7147532,3000,"Cle@Phi 01:00PM ET","Cle","Dennis","Parks","Phi",0,0,0,0,0
"RB","Jalen Richard (7147351)","Jalen Richard",7147351,3000,"Oak@NO 01:00PM ET","Oak","Jalen","Richard","NO",0,0,0,9.22450897965716,0
"WR","Mekale McKay (7147748)","Mekale McKay",7147748,3000,"Det@Ind 04:25PM ET","Ind","Mekale","McKay","Det",0,0,0,0,0
"RB","Jonathan Williams (7147381)","Jonathan Williams",7147381,3000,"Buf@Bal 01:00PM ET","Buf","Jonathan","Williams","Bal",0,0,0,0,0
"WR","Ricardo Louis (7147533)","Ricardo Louis",7147533,3000,"Cle@Phi 01:00PM ET","Cle","Ricardo","Louis","Phi",0,0,0,2.11362241365427,0
"RB","Darius Jackson (7147439)","Darius Jackson",7147439,3000,"NYG@Dal 04:25PM ET","Dal","Darius","Jackson","NYG",0,1.2,0,1.2,0
"RB","Kenyan Drake (7147423)","Kenyan Drake",7147423,3000,"Mia@Sea 04:05PM ET","Mia","Kenyan","Drake","Sea",0,2.6,0,0,0
"WR","Cody Core (7147556)","Cody Core",7147556,3000,"Cin@NYJ 01:00PM ET","Cin","Cody","Core","NYJ",0,0,0,0,0
"WR","Jaydon Mickens (7147581)","Jaydon Mickens",7147581,3000,"Oak@NO 01:00PM ET","Oak","Jaydon","Mickens","NO",0,0,0,0,0
"WR","Keenan Reynolds (7147634)","Keenan Reynolds",7147634,3000,"Buf@Bal 01:00PM ET","Bal","Keenan","Reynolds","Buf",0,0,0,0,0
"RB","Brandon Burks (7147408)","Brandon Burks",7147408,3000,"GB@Jax 01:00PM ET","GB","Brandon","Burks","Jax",0,0,0,0,0
"RB","Chris Swain (7147365)","Chris Swain",7147365,3000,"SD@KC 01:00PM ET","SD","Chris","Swain","KC",0,0,0,0,0
"RB","Sione Houma (7147352)","Sione Houma",7147352,3000,"Oak@NO 01:00PM ET","NO","Sione","Houma","Oak",0,0,0,0,0
"WR","DeAndre Reaves (7147604)","DeAndre Reaves",7147604,3000,"SD@KC 01:00PM ET","SD","DeAndre","Reaves","KC",0,0,0,0,0
"WR","Alonzo Russell (7147557)","Alonzo Russell",7147557,3000,"Cin@NYJ 01:00PM ET","Cin","Alonzo","Russell","NYJ",0,0,0,0,0
"WR","Chris Brown (7147721)","Chris Brown",7147721,3000,"NYG@Dal 04:25PM ET","Dal","Chris","Brown","NYG",0,0,0,0,0
"WR","Ed Eagan (7147722)","Ed Eagan",7147722,3000,"NYG@Dal 04:25PM ET","Dal","Ed","Eagan","NYG",0,0,0,0,0
"WR","Darrin Peterson (7147651)","Darrin Peterson",7147651,3000,"Chi@Hou 01:00PM ET","Chi","Darrin","Peterson","Hou",0,0,0,0,0
"WR","Chris King (7147490)","Chris King",7147490,3000,"TB@Atl 01:00PM ET","Atl","Chris","King","TB",0,0,0,0,0
"WR","Chester Rogers (7147749)","Chester Rogers",7147749,3000,"Det@Ind 04:25PM ET","Ind","Chester","Rogers","Det",0,0,0,0,0
"WR","Chris Hubert (7147772)","Chris Hubert",7147772,3000,"NE@Ari 08:30PM ET","Ari","Chris","Hubert","NE",0,0,0,0,0
"WR","Tajae Sharpe (7147509)","Tajae Sharpe",7147509,3000,"Min@Ten 01:00PM ET","Ten","Tajae","Sharpe","Min",11.83,11.3,7.07,10.1948195025764,7
"WR","Derek Keaton (7147652)","Derek Keaton",7147652,3000,"Chi@Hou 01:00PM ET","Chi","Derek","Keaton","Hou",0,0,0,0,0
"WR","Andy Jones (7147723)","Andy Jones",7147723,3000,"NYG@Dal 04:25PM ET","Dal","Andy","Jones","NYG",0,0,0,0,0
"RB","John Crockett (7147409)","John Crockett",7147409,3000,"GB@Jax 01:00PM ET","GB","John","Crockett","Jax",0,0,0,0,0
"RB","Dwayne Washington (7147453)","Dwayne Washington",7147453,3000,"Det@Ind 04:25PM ET","Det","Dwayne","Washington","Ind",0,0,0,0,0
"WR","Demarcus Robinson (7147605)","Demarcus Robinson",7147605,3000,"SD@KC 01:00PM ET","KC","Demarcus","Robinson","SD",0,0,0,0,0
"RB","Wendell Smallwood (7147320)","Wendell Smallwood",7147320,3000,"Cle@Phi 01:00PM ET","Phi","Wendell","Smallwood","Cle",0,1.6,3.05,1.6,0
"WR","Jalin Marshall (7147558)","Jalin Marshall",7147558,3000,"Cin@NYJ 01:00PM ET","NYJ","Jalin","Marshall","Cin",0,0,0,0,0
"WR","Lucky Whitehead (7147724)","Lucky Whitehead",7147724,3000,"NYG@Dal 04:25PM ET","Dal","Lucky","Whitehead","NYG",0,0,0,0,0
"WR","Adam Thielen (7147510)","Adam Thielen",7147510,3000,"Min@Ten 01:00PM ET","Min","Adam","Thielen","Ten",0,0,0,1.46594733091233,0
"RB","Khiry Robinson (7147337)","Khiry Robinson",7147337,3000,"Cin@NYJ 01:00PM ET","NYJ","Khiry","Robinson","Cin",0,2.2,0,2.2,0
"WR","Rashard Higgins (7147535)","Rashard Higgins",7147535,3000,"Cle@Phi 01:00PM ET","Cle","Rashard","Higgins","Phi",0,3.8,0,3.8,0
"RB","Peyton Barber (7147290)","Peyton Barber",7147290,3000,"TB@Atl 01:00PM ET","TB","Peyton","Barber","Atl",0,0,0,0,0
"WR","Mario Alford (7147560)","Mario Alford",7147560,3000,"Cin@NYJ 01:00PM ET","Cin","Mario","Alford","NYJ",0,0,0,0,0
"WR","Johnny Holton (7147583)","Johnny Holton",7147583,3000,"Oak@NO 01:00PM ET","Oak","Johnny","Holton","NO",0,0,0,0,0
"WR","Vince Mayle (7147725)","Vince Mayle",7147725,3000,"NYG@Dal 04:25PM ET","Dal","Vince","Mayle","NYG",0,0,0,0,0
"WR","Taylor Gabriel (7147536)","Taylor Gabriel",7147536,3000,"Cle@Phi 01:00PM ET","Cle","Taylor","Gabriel","Phi",0,0,0,0.620196263025711,0
"WR","Jace Billingsley (7147750)","Jace Billingsley",7147750,3000,"Det@Ind 04:25PM ET","Det","Jace","Billingsley","Ind",0,0,0,0,0
"WR","Kieran Duncan (7147656)","Kieran Duncan",7147656,3000,"Chi@Hou 01:00PM ET","Chi","Kieran","Duncan","Hou",0,0,0,0,0
"WR","Jake Lampman (7147584)","Jake Lampman",7147584,3000,"Oak@NO 01:00PM ET","NO","Jake","Lampman","Oak",0,0,0,0,0
"WR","Corey Washington (7147491)","Corey Washington",7147491,3000,"TB@Atl 01:00PM ET","Atl","Corey","Washington","TB",0,0,0,0,0
"WR","Torrence Allen (7147606)","Torrence Allen",7147606,3000,"SD@KC 01:00PM ET","SD","Torrence","Allen","KC",0,0,0,0,0
"WR","Geronimo Allison (7147680)","Geronimo Allison",7147680,3000,"GB@Jax 01:00PM ET","GB","Geronimo","Allison","Jax",0,0,0,0,0
"WR","Roger Lewis (7147726)","Roger Lewis",7147726,3000,"NYG@Dal 04:25PM ET","NYG","Roger","Lewis","Dal",0,0,0,0,0
"WR","Tyreek Hill (7147607)","Tyreek Hill",7147607,3000,"SD@KC 01:00PM ET","KC","Tyreek","Hill","SD",0,0,0,1.82252667015629,0
"WR","Antwane Grant (7147561)","Antwane Grant",7147561,3000,"Cin@NYJ 01:00PM ET","Cin","Antwane","Grant","NYJ",0,0,0,0,0
"WR","Seantavius Jones (7147608)","Seantavius Jones",7147608,3000,"SD@KC 01:00PM ET","KC","Seantavius","Jones","SD",0,0,0,0,0
"WR","Hunter Sharp (7147537)","Hunter Sharp",7147537,3000,"Cle@Phi 01:00PM ET","Phi","Hunter","Sharp","Cle",0,0,0,0,0
"WR","Harvey Binford (7147681)","Harvey Binford",7147681,3000,"GB@Jax 01:00PM ET","GB","Harvey","Binford","Jax",0,0,0,0,0
"WR","Montario Hunter (7147704)","Montario Hunter",7147704,3000,"Mia@Sea 04:05PM ET","Sea","Montario","Hunter","Mia",0,0,0,0,0
"WR","Rasheed Bailey (7147682)","Rasheed Bailey",7147682,3000,"GB@Jax 01:00PM ET","Jax","Rasheed","Bailey","GB",0,0,0,0,0
"WR","Joshua Stangby (7147751)","Joshua Stangby",7147751,3000,"Det@Ind 04:25PM ET","Ind","Joshua","Stangby","Det",0,0,0,0,0
"WR","Donteea Dye (7147492)","Donteea Dye",7147492,3000,"TB@Atl 01:00PM ET","TB","Donteea","Dye","Atl",0,0,0,0,0
"WR","Ben Roberts (7147512)","Ben Roberts",7147512,3000,"Min@Ten 01:00PM ET","Ten","Ben","Roberts","Min",0,0,0,0,0
"WR","Anthony Dable (7147727)","Anthony Dable",7147727,3000,"NYG@Dal 04:25PM ET","NYG","Anthony","Dable","Dal",0,0,0,0,0
"WR","Moritz Boehringer (7147513)","Moritz Boehringer",7147513,3000,"Min@Ten 01:00PM ET","Min","Moritz","Boehringer","Ten",0,0,0,0,0
"RB","Cedric O'Neal (7147321)","Cedric O'Neal",7147321,3000,"Cle@Phi 01:00PM ET","Phi","Cedric","O'Neal","Cle",0,0,0,0,0
"WR","Wendall Williams (7147657)","Wendall Williams",7147657,3000,"Chi@Hou 01:00PM ET","Hou","Wendall","Williams","Chi",0,0,0,0,0
"RB","Alstevis Squirewell (7147410)","Alstevis Squirewell",7147410,3000,"GB@Jax 01:00PM ET","GB","Alstevis","Squirewell","Jax",0,0,0,0,0
"RB","C.J. Ham (7147307)","C.J. Ham",7147307,3000,"Min@Ten 01:00PM ET","Min","C.J.","Ham","Ten",0,0,0,0,0
"WR","Rashaun Simonise (7147562)","Rashaun Simonise",7147562,3000,"Cin@NYJ 01:00PM ET","Cin","Rashaun","Simonise","NYJ",0,0,0,0,0
"WR","Franky Okafor (7147773)","Franky Okafor",7147773,3000,"NE@Ari 08:30PM ET","Ari","Franky","Okafor","NE",0,0,0,0,0
"TE","Jared Cook (7147878)","Jared Cook",7147878,2900,"GB@Jax 01:00PM ET","GB","Jared","Cook","Jax",11.01,9.5,6.6,9.5,6
"TE","Larry Donnell (7147902)","Larry Donnell",7147902,2900,"NYG@Dal 04:25PM ET","NYG","Larry","Donnell","Dal",5.71,4.6,0,4.6,0
"TE","Cameron Brate (7147782)","Cameron Brate",7147782,2900,"TB@Atl 01:00PM ET","TB","Cameron","Brate","Atl",6.74,5.8,5.43,5.8,0
"TE","Jacob Tamme (7147774)","Jacob Tamme",7147774,2800,"TB@Atl 01:00PM ET","Atl","Jacob","Tamme","TB",8.68,6.5,5.82,6.5,0
"TE","Austin Seferian-Jenkins (7147783)","Austin Seferian-Jenkins",7147783,2800,"TB@Atl 01:00PM ET","TB","Austin","Seferian-Jenkins","Atl",8.85,5.4,7.11,5.4,0
"TE","Marcedes Lewis (7147877)","Marcedes Lewis",7147877,2700,"GB@Jax 01:00PM ET","Jax","Marcedes","Lewis","GB",2.39,1.6,0,1.6,0
"TE","Brent Celek (7147802)","Brent Celek",7147802,2700,"Cle@Phi 01:00PM ET","Phi","Brent","Celek","Cle",6.42,4.6,0,4.6,0
"TE","Darren Fells (7147926)","Darren Fells",7147926,2700,"NE@Ari 08:30PM ET","Ari","Darren","Fells","NE",5.11,3.8,0,3.8,0
"TE","Luke Willson (7147891)","Luke Willson",7147891,2700,"Mia@Sea 04:05PM ET","Sea","Luke","Willson","Mia",6.93,4.2,0,4.2,0
"TE","Tyler Kroft (7147822)","Tyler Kroft",7147822,2700,"Cin@NYJ 01:00PM ET","Cin","Tyler","Kroft","NYJ",7.68,8.5,5.06,8.5,7
"TE","Jace Amaro (7147824)","Jace Amaro",7147824,2700,"Cin@NYJ 01:00PM ET","NYJ","Jace","Amaro","Cin",5.44,0,4.03,0,0
"TE","Dennis Pitta (7147854)","Dennis Pitta",7147854,2600,"Buf@Bal 01:00PM ET","Bal","Dennis","Pitta","Buf",7.49,7.3,0,7.3,8
"TE","Mychal Rivera (7147831)","Mychal Rivera",7147831,2600,"Oak@NO 01:00PM ET","Oak","Mychal","Rivera","NO",0,4.2,0,4.2,0
"TE","Ryan Griffin (7147869)","Ryan Griffin",7147869,2600,"Chi@Hou 01:00PM ET","Hou","Ryan","Griffin","Chi",6.88,5.9,0,5.9,0
"TE","Gavin Escobar (7147904)","Gavin Escobar",7147904,2600,"NYG@Dal 04:25PM ET","Dal","Gavin","Escobar","NYG",2.1,1.5,0,1.5,0
"TE","Crockett Gillmore (7147859)","Crockett Gillmore",7147859,2600,"Buf@Bal 01:00PM ET","Bal","Crockett","Gillmore","Buf",10.03,4.8,5.3,4.8,0
"TE","Maxx Williams (7147863)","Maxx Williams",7147863,2600,"Buf@Bal 01:00PM ET","Bal","Maxx","Williams","Buf",5.58,1.8,6.49,1.8,0
"TE","Craig Stevens (7147788)","Craig Stevens",7147788,2500,"Min@Ten 01:00PM ET","Ten","Craig","Stevens","Min",0,0,0,0,0
"TE","Clark Harris (7147815)","Clark Harris",7147815,2500,"Cin@NYJ 01:00PM ET","Cin","Clark","Harris","NYJ",0,0,0,0,0
"TE","Anthony Fasano (7147789)","Anthony Fasano",7147789,2500,"Min@Ten 01:00PM ET","Ten","Anthony","Fasano","Min",4.02,1.5,0,1.5,0
"TE","Brandon Pettigrew (7147913)","Brandon Pettigrew",7147913,2500,"Det@Ind 04:25PM ET","Det","Brandon","Pettigrew","Ind",1.76,0,0,0,0
"TE","Kellen Davis (7147816)","Kellen Davis",7147816,2500,"Cin@NYJ 01:00PM ET","NYJ","Kellen","Davis","Cin",2.6,3.8,3.38,3.8,0
"TE","Brandon Myers (7147775)","Brandon Myers",7147775,2500,"TB@Atl 01:00PM ET","TB","Brandon","Myers","Atl",0,0,0,0,0
"TE","Bear Pascoe (7147927)","Bear Pascoe",7147927,2500,"NE@Ari 08:30PM ET","NE","Bear","Pascoe","Ari",0,0,0,0,0
"TE","Tony Moeaki (7147865)","Tony Moeaki",7147865,2500,"Chi@Hou 01:00PM ET","Chi","Tony","Moeaki","Hou",0,0,0,0,0
"TE","Clay Harbor (7147928)","Clay Harbor",7147928,2500,"NE@Ari 08:30PM ET","NE","Clay","Harbor","Ari",0,0,0,0,0
"TE","Andrew DePaola (7147776)","Andrew DePaola",7147776,2500,"TB@Atl 01:00PM ET","TB","Andrew","DePaola","Atl",0,0,0,0,0
"TE","Jim Dray (7147855)","Jim Dray",7147855,2500,"Buf@Bal 01:00PM ET","Buf","Jim","Dray","Bal",0,1.3,0,1.3,0
"TE","Rob Housler (7147866)","Rob Housler",7147866,2500,"Chi@Hou 01:00PM ET","Chi","Rob","Housler","Hou",0,0,0,0,0
"TE","Matthew Mulligan (7147914)","Matthew Mulligan",7147914,2500,"Det@Ind 04:25PM ET","Det","Matthew","Mulligan","Ind",0,0,0,0,0
"TE","Jermaine Gresham (7147930)","Jermaine Gresham",7147930,2500,"NE@Ari 08:30PM ET","Ari","Jermaine","Gresham","NE",2.59,2.8,0,2.8,0
"TE","Jeff Cumberland (7147841)","Jeff Cumberland",7147841,2500,"SD@KC 01:00PM ET","SD","Jeff","Cumberland","KC",0,0,0,0,0
"TE","Michael Hoomanawanui (7147828)","Michael Hoomanawanui",7147828,2500,"Oak@NO 01:00PM ET","NO","Michael","Hoomanawanui","Oak",0,1.4,0,1.4,0
"TE","Lee Smith (7147829)","Lee Smith",7147829,2500,"Oak@NO 01:00PM ET","Oak","Lee","Smith","NO",0,0,0,0,0
"TE","Luke Stocker (7147777)","Luke Stocker",7147777,2500,"TB@Atl 01:00PM ET","TB","Luke","Stocker","Atl",0,0,0,0,0
"TE","Konrad Reuland (7147915)","Konrad Reuland",7147915,2500,"Det@Ind 04:25PM ET","Ind","Konrad","Reuland","Det",0,0,0,0,0
"TE","Sean McGrath (7147842)","Sean McGrath",7147842,2500,"SD@KC 01:00PM ET","SD","Sean","McGrath","KC",0,0,0,0,0
"TE","Rhett Ellison (7147791)","Rhett Ellison",7147791,2500,"Min@Ten 01:00PM ET","Min","Rhett","Ellison","Ten",0,1.4,0,1.4,0
"TE","Ifeanyi Momah (7147932)","Ifeanyi Momah",7147932,2500,"NE@Ari 08:30PM ET","Ari","Ifeanyi","Momah","NE",0,0,0,0,0
"TE","Emil Igwenagu (7147916)","Emil Igwenagu",7147916,2500,"Det@Ind 04:25PM ET","Ind","Emil","Igwenagu","Det",0,0,0,0,0
"TE","Patrick Scales (7147867)","Patrick Scales",7147867,2500,"Chi@Hou 01:00PM ET","Chi","Patrick","Scales","Hou",0,0,0,0,0
"TE","Zach Sudfeld (7147817)","Zach Sudfeld",7147817,2500,"Cin@NYJ 01:00PM ET","NYJ","Zach","Sudfeld","Cin",0,0,0,0,0
"TE","James Hanna (7147903)","James Hanna",7147903,2500,"NYG@Dal 04:25PM ET","Dal","James","Hanna","NYG",0,1.7,0,1.7,0
"TE","Chris Pantale (7147804)","Chris Pantale",7147804,2500,"Cle@Phi 01:00PM ET","Phi","Chris","Pantale","Cle",0,0,0,0,0
"TE","Beau Brinkley (7147792)","Beau Brinkley",7147792,2500,"Min@Ten 01:00PM ET","Ten","Beau","Brinkley","Min",0,0,0,0,0
"TE","Kevin McDermott (7147793)","Kevin McDermott",7147793,2500,"Min@Ten 01:00PM ET","Min","Kevin","McDermott","Ten",0,0,0,0,0
"TE","MarQueis Gray (7147890)","MarQueis Gray",7147890,2500,"Mia@Sea 04:05PM ET","Mia","MarQueis","Gray","Sea",0,0,0,0,0
"TE","Greg Scruggs (7147868)","Greg Scruggs",7147868,2500,"Chi@Hou 01:00PM ET","Chi","Greg","Scruggs","Hou",0,0,0,0,0
"TE","Chris Gragg (7147857)","Chris Gragg",7147857,2500,"Buf@Bal 01:00PM ET","Buf","Chris","Gragg","Bal",0,0,0,0,0
"TE","Josh Hill (7147832)","Josh Hill",7147832,2500,"Oak@NO 01:00PM ET","NO","Josh","Hill","Oak",0,2.1,0,2.1,0
"TE","James Winchester (7147844)","James Winchester",7147844,2500,"SD@KC 01:00PM ET","KC","James","Winchester","SD",0,0,0,0,0
"TE","Jack Doyle (7147918)","Jack Doyle",7147918,2500,"Det@Ind 04:25PM ET","Ind","Jack","Doyle","Det",2.34,3.2,0,3.2,0
"TE","Justin Perillo (7147879)","Justin Perillo",7147879,2500,"GB@Jax 01:00PM ET","GB","Justin","Perillo","Jax",0,0,0,0,0
"TE","Ryan Hewitt (7147818)","Ryan Hewitt",7147818,2500,"Cin@NYJ 01:00PM ET","Cin","Ryan","Hewitt","NYJ",0,0,0,0,0
"TE","Levine Toilolo (7147778)","Levine Toilolo",7147778,2500,"TB@Atl 01:00PM ET","Atl","Levine","Toilolo","TB",2.04,0,0,0,0
"TE","Matt Lengel (7147819)","Matt Lengel",7147819,2500,"Cin@NYJ 01:00PM ET","Cin","Matt","Lengel","NYJ",0,0,0,0,0
"TE","Gabe Holmes (7147833)","Gabe Holmes",7147833,2500,"Oak@NO 01:00PM ET","Oak","Gabe","Holmes","NO",0,0,0,0,0
"TE","D.J. Tialavea (7147779)","D.J. Tialavea",7147779,2500,"TB@Atl 01:00PM ET","Atl","D.J.","Tialavea","TB",0,0,0,0,0
"TE","Dion Sims (7147892)","Dion Sims",7147892,2500,"Mia@Sea 04:05PM ET","Mia","Dion","Sims","Sea",1.81,1.2,0,1.2,0
"TE","Blake Annen (7147858)","Blake Annen",7147858,2500,"Buf@Bal 01:00PM ET","Buf","Blake","Annen","Bal",0,0,0,0,0
"TE","Orson Charles (7147919)","Orson Charles",7147919,2500,"Det@Ind 04:25PM ET","Det","Orson","Charles","Ind",0,0,0,0,0
"TE","Arthur Lynch (7147780)","Arthur Lynch",7147780,2500,"TB@Atl 01:00PM ET","Atl","Arthur","Lynch","TB",0,0,0,0,0
"TE","Brandon Bostick (7147821)","Brandon Bostick",7147821,2500,"Cin@NYJ 01:00PM ET","NYJ","Brandon","Bostick","Cin",0,0,0,0,0
"TE","Jerome Cunningham (7147795)","Jerome Cunningham",7147795,2500,"Min@Ten 01:00PM ET","Ten","Jerome","Cunningham","Min",0,0,0,0,0
"TE","Nic Jacobs (7147880)","Nic Jacobs",7147880,2500,"GB@Jax 01:00PM ET","Jax","Nic","Jacobs","GB",0,0,0,0,0
"TE","Brandon Williams (7147893)","Brandon Williams",7147893,2500,"Mia@Sea 04:05PM ET","Sea","Brandon","Williams","Mia",0,0,0,0,0
"TE","Cooper Helfet (7147894)","Cooper Helfet",7147894,2500,"Mia@Sea 04:05PM ET","Sea","Cooper","Helfet","Mia",0,0,0,0,0
"TE","Kivon Cartwright (7147781)","Kivon Cartwright",7147781,2500,"TB@Atl 01:00PM ET","TB","Kivon","Cartwright","Atl",0,0,0,0,0
"TE","Trey Burton (7147806)","Trey Burton",7147806,2500,"Cle@Phi 01:00PM ET","Phi","Trey","Burton","Cle",0,2.1,0,2.1,0
"TE","Gerald Christian (7147933)","Gerald Christian",7147933,2500,"NE@Ari 08:30PM ET","Ari","Gerald","Christian","NE",0,0,0,0,0
"TE","A.J. Derby (7147934)","A.J. Derby",7147934,2500,"NE@Ari 08:30PM ET","NE","A.J.","Derby","Ari",0,1.5,0,1.5,0
"TE","Erik Swoope (7147920)","Erik Swoope",7147920,2500,"Det@Ind 04:25PM ET","Ind","Erik","Swoope","Det",0,0,0,0,0
"TE","James O'Shaughnessy (7147845)","James O'Shaughnessy",7147845,2500,"SD@KC 01:00PM ET","KC","James","O'Shaughnessy","SD",0,0,0,0,0
"TE","Colton Underwood (7147834)","Colton Underwood",7147834,2500,"Oak@NO 01:00PM ET","Oak","Colton","Underwood","NO",0,0,0,0,0
"TE","MyCole Pruitt (7147796)","MyCole Pruitt",7147796,2500,"Min@Ten 01:00PM ET","Min","MyCole","Pruitt","Ten",0,0,0,0,0
"TE","Tyler Ott (7147905)","Tyler Ott",7147905,2500,"NYG@Dal 04:25PM ET","NYG","Tyler","Ott","Dal",0,0,0,0,0
"TE","C.J. Fiedorowicz (7147870)","C.J. Fiedorowicz",7147870,2500,"Chi@Hou 01:00PM ET","Hou","C.J.","Fiedorowicz","Chi",3.32,2.4,0,2.4,0
"TE","Eric Tomlinson (7147871)","Eric Tomlinson",7147871,2500,"Chi@Hou 01:00PM ET","Hou","Eric","Tomlinson","Chi",0,0,0,0,0
"TE","Randall Telfer (7147807)","Randall Telfer",7147807,2500,"Cle@Phi 01:00PM ET","Cle","Randall","Telfer","Phi",0,0,0,0,0
"TE","Asante Cleveland (7147846)","Asante Cleveland",7147846,2500,"SD@KC 01:00PM ET","SD","Asante","Cleveland","KC",0,0,0,0,0
"TE","Brian Parker (7147847)","Brian Parker",7147847,2500,"SD@KC 01:00PM ET","KC","Brian","Parker","SD",0,0,0,0,0
"TE","Ronnie Shields (7147895)","Ronnie Shields",7147895,2500,"Mia@Sea 04:05PM ET","Sea","Ronnie","Shields","Mia",0,0,0,0,0
"TE","Connor Hamlett (7147808)","Connor Hamlett",7147808,2500,"Cle@Phi 01:00PM ET","Cle","Connor","Hamlett","Phi",0,0,0,0,0
"TE","Casey Pierce (7147882)","Casey Pierce",7147882,2500,"GB@Jax 01:00PM ET","GB","Casey","Pierce","Jax",0,0,0,0,0
"TE","RaShaun Allen (7147836)","RaShaun Allen",7147836,2500,"Oak@NO 01:00PM ET","NO","RaShaun","Allen","Oak",0,0,0,0,0
"TE","Chris Manhertz (7147837)","Chris Manhertz",7147837,2500,"Oak@NO 01:00PM ET","NO","Chris","Manhertz","Oak",0,0,0,0,0
"TE","M.J. McFarland (7147809)","M.J. McFarland",7147809,2500,"Cle@Phi 01:00PM ET","Phi","M.J.","McFarland","Cle",0,0,0,0,0
"TE","Ben McCord (7147921)","Ben McCord",7147921,2500,"Det@Ind 04:25PM ET","Det","Ben","McCord","Ind",0,0,0,0,0
"TE","Anthony Denham (7147872)","Anthony Denham",7147872,2500,"Chi@Hou 01:00PM ET","Hou","Anthony","Denham","Chi",0,0,0,0,0
"TE","C.J. Uzomah (7147823)","C.J. Uzomah",7147823,2500,"Cin@NYJ 01:00PM ET","Cin","C.J.","Uzomah","NYJ",2.24,4.2,0,4.2,0
"TE","Adam Fuehne (7147922)","Adam Fuehne",7147922,2500,"Det@Ind 04:25PM ET","Det","Adam","Fuehne","Ind",0,0,0,0,0
"TE","David Reeves (7147810)","David Reeves",7147810,2500,"Cle@Phi 01:00PM ET","Cle","David","Reeves","Phi",0,0,0,0,0
"TE","Darren Waller (7147860)","Darren Waller",7147860,2500,"Buf@Bal 01:00PM ET","Bal","Darren","Waller","Buf",0,0,0,0,0
"TE","Daniel Dillon (7147935)","Daniel Dillon",7147935,2500,"NE@Ari 08:30PM ET","Ari","Daniel","Dillon","NE",0,0,0,0,0
"TE","Ryan Malleck (7147907)","Ryan Malleck",7147907,2500,"NYG@Dal 04:25PM ET","NYG","Ryan","Malleck","Dal",0,0,0,0,0
"TE","Ross Travis (7147848)","Ross Travis",7147848,2500,"SD@KC 01:00PM ET","KC","Ross","Travis","SD",0,0,0,0,0
"TE","Demetrius Harris (7147849)","Demetrius Harris",7147849,2500,"SD@KC 01:00PM ET","KC","Demetrius","Harris","SD",0,0,0,0,0
"TE","Mitchell Henry (7147883)","Mitchell Henry",7147883,2500,"GB@Jax 01:00PM ET","GB","Mitchell","Henry","Jax",0,0,0,0,0
"TE","Nick O'Leary (7147861)","Nick O'Leary",7147861,2500,"Buf@Bal 01:00PM ET","Buf","Nick","O'Leary","Bal",0,0,0,0,0
"TE","Matt LaCosse (7147908)","Matt LaCosse",7147908,2500,"NYG@Dal 04:25PM ET","NYG","Matt","LaCosse","Dal",0,0,0,0,0
"TE","Nick Vannett (7147896)","Nick Vannett",7147896,2500,"Mia@Sea 04:05PM ET","Sea","Nick","Vannett","Mia",0,0,0,0,0
"TE","Austin Traylor (7147909)","Austin Traylor",7147909,2500,"NYG@Dal 04:25PM ET","Dal","Austin","Traylor","NYG",0,0,0,0,0
"TE","Tevin Westbrook (7147784)","Tevin Westbrook",7147784,2500,"TB@Atl 01:00PM ET","TB","Tevin","Westbrook","Atl",0,0,0,0,0
"TE","Alex Ellis (7147797)","Alex Ellis",7147797,2500,"Min@Ten 01:00PM ET","Ten","Alex","Ellis","Min",0,0,0,0,0
"TE","Steven Scheu (7147936)","Steven Scheu",7147936,2500,"NE@Ari 08:30PM ET","NE","Steven","Scheu","Ari",0,0,0,0,0
"TE","Matt Weiser (7147850)","Matt Weiser",7147850,2500,"SD@KC 01:00PM ET","SD","Matt","Weiser","KC",0,0,0,0,0
"TE","Stephen Anderson (7147873)","Stephen Anderson",7147873,2500,"Chi@Hou 01:00PM ET","Hou","Stephen","Anderson","Chi",0,0,0,0,0
"TE","Joshua Perkins (7147785)","Joshua Perkins",7147785,2500,"TB@Atl 01:00PM ET","Atl","Joshua","Perkins","TB",0,0,0,0,0
"TE","Tim Semisch (7147851)","Tim Semisch",7147851,2500,"SD@KC 01:00PM ET","SD","Tim","Semisch","KC",0,0,0,0,0
"TE","Darion Griswold (7147924)","Darion Griswold",7147924,2500,"Det@Ind 04:25PM ET","Ind","Darion","Griswold","Det",0,0,0,0,0
"TE","Nick Boyle (7147862)","Nick Boyle",7147862,2500,"Buf@Bal 01:00PM ET","Bal","Nick","Boyle","Buf",0,0,0,0,0
"TE","Kyle Carter (7147798)","Kyle Carter",7147798,2500,"Min@Ten 01:00PM ET","Min","Kyle","Carter","Ten",0,0,0,0,0
"TE","Bryce Williams (7147937)","Bryce Williams",7147937,2500,"NE@Ari 08:30PM ET","NE","Bryce","Williams","Ari",0,0,0,0,0
"TE","Kennard Backman (7147885)","Kennard Backman",7147885,2500,"GB@Jax 01:00PM ET","GB","Kennard","Backman","Jax",0,0,0,0,0
"TE","Ben Koyack (7147886)","Ben Koyack",7147886,2500,"GB@Jax 01:00PM ET","Jax","Ben","Koyack","GB",0,0,0,0,0
"TE","Troy Niklas (7147938)","Troy Niklas",7147938,2500,"NE@Ari 08:30PM ET","Ari","Troy","Niklas","NE",0,0,0,0,0
"TE","David Morgan (7147799)","David Morgan",7147799,2500,"Min@Ten 01:00PM ET","Min","David","Morgan","Ten",0,0,0,0,0
"TE","Phillip Supernaw (7147800)","Phillip Supernaw",7147800,2500,"Min@Ten 01:00PM ET","Ten","Phillip","Supernaw","Min",0,0,0,0,0
"TE","Seth DeValve (7147811)","Seth DeValve",7147811,2500,"Cle@Phi 01:00PM ET","Cle","Seth","DeValve","Phi",0,0,0,0,0
"TE","Gabe Hughes (7147897)","Gabe Hughes",7147897,2500,"Mia@Sea 04:05PM ET","Mia","Gabe","Hughes","Sea",0,0,0,0,0
"TE","Wes Saxton (7147825)","Wes Saxton",7147825,2500,"Cin@NYJ 01:00PM ET","NYJ","Wes","Saxton","Cin",0,0,0,0,0
"TE","Dominique Jones (7147898)","Dominique Jones",7147898,2500,"Mia@Sea 04:05PM ET","Mia","Dominique","Jones","Sea",0,0,0,0,0
"TE","Ben Braunecker (7147874)","Ben Braunecker",7147874,2500,"Chi@Hou 01:00PM ET","Chi","Ben","Braunecker","Hou",0,0,0,0,0
"TE","Ryan O'Malley (7147838)","Ryan O'Malley",7147838,2500,"Oak@NO 01:00PM ET","Oak","Ryan","O'Malley","NO",0,0,0,0,0
"TE","Clayton Echard (7147899)","Clayton Echard",7147899,2500,"Mia@Sea 04:05PM ET","Sea","Clayton","Echard","Mia",0,0,0,0,0
"TE","Hakeem Valles (7147939)","Hakeem Valles",7147939,2500,"NE@Ari 08:30PM ET","Ari","Hakeem","Valles","NE",0,0,0,0,0
"TE","John DePalma (7147812)","John DePalma",7147812,2500,"Cle@Phi 01:00PM ET","Phi","John","DePalma","Cle",0,0,0,0,0
"TE","Danny Vitale (7147786)","Danny Vitale",7147786,2500,"TB@Atl 01:00PM ET","TB","Danny","Vitale","Atl",0,0,0,0,0
"TE","J.P. Holtz (7147813)","J.P. Holtz",7147813,2500,"Cle@Phi 01:00PM ET","Cle","J.P.","Holtz","Phi",0,0,0,0,0
"TE","Jerell Adams (7147910)","Jerell Adams",7147910,2500,"NYG@Dal 04:25PM ET","NYG","Jerell","Adams","Dal",0,0,0,0,0
"TE","Brian Leonhardt (7147801)","Brian Leonhardt",7147801,2500,"Min@Ten 01:00PM ET","Min","Brian","Leonhardt","Ten",0,0,0,0,0
"TE","Rico Gathers (7147911)","Rico Gathers",7147911,2500,"NYG@Dal 04:25PM ET","Dal","Rico","Gathers","NYG",0,0,0,0,0
"TE","Garrett Griffin (7147839)","Garrett Griffin",7147839,2500,"Oak@NO 01:00PM ET","NO","Garrett","Griffin","Oak",0,0,0,0,0
"TE","Cole Wick (7147925)","Cole Wick",7147925,2500,"Det@Ind 04:25PM ET","Det","Cole","Wick","Ind",0,0,0,0,0
"TE","Geoff Swaim (7147912)","Geoff Swaim",7147912,2500,"NYG@Dal 04:25PM ET","Dal","Geoff","Swaim","NYG",0,0,0,0,0
"TE","E.J. Bibbs (7147814)","E.J. Bibbs",7147814,2500,"Cle@Phi 01:00PM ET","Cle","E.J.","Bibbs","Phi",0,0,0,0,0
"TE","Austin Hooper (7147787)","Austin Hooper",7147787,2500,"TB@Atl 01:00PM ET","Atl","Austin","Hooper","TB",0,3.2,0,3.2,0
"TE","Hunter Henry (7147852)","Hunter Henry",7147852,2500,"SD@KC 01:00PM ET","SD","Hunter","Henry","KC",0,3.6,0,3.6,0
"TE","Thomas Duarte (7147900)","Thomas Duarte",7147900,2500,"Mia@Sea 04:05PM ET","Mia","Thomas","Duarte","Sea",0,0,0,0,0
"TE","Gannon Sinclair (7147875)","Gannon Sinclair",7147875,2500,"Chi@Hou 01:00PM ET","Chi","Gannon","Sinclair","Hou",0,0,0,0,0
"TE","Jason Vander Laan (7147826)","Jason Vander Laan",7147826,2500,"Cin@NYJ 01:00PM ET","NYJ","Jason","Vander Laan","Cin",0,0,0,0,0
"TE","Braedon Bowman (7147887)","Braedon Bowman",7147887,2500,"GB@Jax 01:00PM ET","Jax","Braedon","Bowman","GB",0,0,0,0,0
"TE","Khari Lee (7147876)","Khari Lee",7147876,2500,"Chi@Hou 01:00PM ET","Chi","Khari","Lee","Hou",0,0,0,0,0
"TE","John Peters (7147827)","John Peters",7147827,2500,"Cin@NYJ 01:00PM ET","Cin","John","Peters","NYJ",0,0,0,0,0
