"Player.Name","Likes","Inj","Pos","Salary","Team","Opp","Vegas.Pts","Vegas.Spread","Defense.Pass.Yds.G","Defense.Rush.Yds.G","DvP","L3.Pass.Att","S.Pass.Att","Proj.Pass.Att","Red.Zone.Pass.Att","Yards.Per.Pass.Att","L3.Rush.Att","S.Rush.Att","Proj.Rush.Att","Red.Zone.Rush.Att","Yards.Per.Rush.Att","L3.Targets","S.Targets","Proj.Targets","Red.Zone.Targets","Yards.Per.Target","Projected.Usage","L3.FP","L16.FP","S.FP","Floor.FP","Ceil.FP","Proj.FP","Proj.Val","Actual.FP","Actual.Val"
"David Johnson",29,"","RB",10100,"ARI","NO",25.8,"ARI by 3","10%","-8%","11%",0,0,0,0,0,17,19.1,20.3,3.3,4.4,10.3,8,6.1,1,7.2,41,29.9,27.5,27.5,18.8,36.1,22.6,2.2,26.8,2.7
"Le'Veon Bell",33,"","RB",9800,"PIT","@CIN",24.3,"PIT by 3","-3%","11%","5%",0.3,0.1,0,0,0,30,21.8,21.3,2.5,4.8,5.7,8.2,6.4,0.7,6.9,43,36.1,28.7,28.7,17.2,40.1,29.7,3,18.1,1.8
"LeSean McCoy",34,"","RB",8900,"BUF","CLE",27,"BUF by 10.5","2%","36%","22%",0,0,0,0,0,16,15.5,21.5,2.5,5.2,5.3,4,3.5,0.6,6.6,40,28.1,21.2,21.2,11.1,31.2,22,2.5,34.9,3.9
"Antonio Brown",11,"","WR",8400,"PIT","@CIN",24.3,"PIT by 3","-3%","11%","-17%",0,0,0,0,0,0,0.2,0.3,0,3,8,10.6,10.1,0.9,8.2,16,20.8,21.9,21.9,12.3,31.5,21.4,2.5,8.8,1
"Mike Evans",17,"","WR",8300,"TB","@DAL",20.5,"DAL by 7","8%","-23%","8%",0,0,0,0,0,0,0,0,0,0,8.3,11.1,11.7,1.2,7.6,19,16.8,20.5,20.5,9.7,31.2,20.7,2.5,9.9,1.2
"Ezekiel Elliott",22,"","RB",8200,"DAL","TB",27.5,"DAL by 7","3%","3%","-3%",0,0,0,0,0,21.3,22.1,21.7,2.5,4.9,3,2.8,2.8,0.2,8.9,40,20.1,22.6,22.6,13.9,31.4,20.2,2.5,30.8,3.8
"Julio Jones",0,"Q","WR",8100,"ATL","SF",32.5,"ATL by 13.5","-1%","59%","8%",0,0,0,0,0,0,0,0,0,0,10.7,9.4,0,0.5,11.1,0,18.4,20.7,20.7,6.6,34.7,0,0,0,0
"Odell Beckham",17,"","WR",8000,"NYG","DET",23.3,"NYG by 4","2%","-9%","-2%",0,0,0,0,0,0,0,0,0,0,12,10.3,9.2,1.2,8.3,16,23.3,19.4,19.4,9.3,29.4,19.2,2.4,19.3,2.4
"A.J. Green",1,"Q","WR",7400,"CIN","PIT",21.3,"PIT by 3","4%","-16%","-10%",0,0,0,0,0,0,0,0,0,0,10,10,0,1,9.6,0,14.6,19.8,19.8,6.5,33.2,0,0,0,0
"Matt Ryan",23,"","QB",7300,"ATL","SF",32.5,"ATL by 13.5","-1%","59%","8%",32,34,31.5,5.7,9.2,2.3,2.3,3.1,0.4,3.6,0,0,0,0,0,52,19.3,23.3,23.3,15.4,31.1,21.9,3,19.3,2.6
"Jordy Nelson",21,"","WR",7300,"GB","@CHI",22.8,"GB by 4.5","-9%","0%","6%",0,0,0,0,0,0,0,0,0,0,9.7,9.6,9.3,2.1,7.3,15,22.7,18.9,18.9,10.1,27.8,18.2,2.5,22.4,3.1
"T.Y. Hilton",13,"","WR",7200,"IND","@MIN",19.8,"MIN by 5","-14%","-5%","-20%",0,0,0,0,0,0,0,0.2,0,0,9.3,9.8,10,0.8,9.5,17,21.5,19.2,19.2,8.1,30.2,19.7,2.7,7.5,1
"Amari Cooper",5,"","WR",7100,"OAK","@SD",26,"OAK by 2.5","7%","-14%","-4%",0,0,0,0,0,0.3,0.1,0.3,0,0,7,8.8,7.8,0.8,8.9,13,9.3,16.5,16.5,6.3,26.6,16,2.3,3.8,0.5
"Aaron Rodgers",3,"","QB",7100,"GB","@CHI",22.8,"GB by 4.5","-9%","0%","-5%",30.7,38.6,38.7,6.8,7,4,4,4,0.6,5.7,0,0,0,0,0,70,21.4,24.6,24.6,18.3,30.9,19.8,2.8,12,1.7
"Larry Fitzgerald",6,"","WR",7000,"ARI","NO",25.8,"ARI by 3","10%","-8%","3%",0,0,0,0,0,0,0.1,0,0,1,8,10.1,9,1.3,6.8,14,10.4,16.5,16.5,9,24,18.2,2.6,11.7,1.7
"DeMarco Murray",9,"","RB",6900,"TEN","@KC",18.5,"KC by 6","2%","15%","-6%",0.3,0.2,0,0.1,5,19.7,19.2,20.2,2.8,4.5,3.3,4.3,3.7,1,5.5,39,15.2,21.5,21.5,15.8,27.3,19.7,2.9,19.1,2.8
"Dez Bryant",5,"","WR",6800,"DAL","TB",27.5,"DAL by 7","3%","3%","0%",0,0,0,0,0,0,0,0,0,0,7.3,8,7.5,1.1,8.1,12,10.5,14.6,14.6,4.6,24.7,15.8,2.3,16.2,2.4
"Kirk Cousins",7,"","QB",6800,"WAS","CAR",28.8,"WAS by 7","13%","-16%","9%",37,38.1,37.5,5.2,8.2,2.3,2.1,2.4,0.3,2.2,0,0,0,0,0,64,23,21.4,21.4,15.3,27.6,21.1,3.1,14.7,2.2
"Devonta Freeman",22,"","RB",6700,"ATL","SF",32.5,"ATL by 13.5","-1%","59%","46%",0,0,0,0,0,12.3,14,17,3.1,4.3,3.7,3.8,3,1,6.6,30,17.3,16,16,7.3,24.7,19.7,2.9,37.5,5.6
"Tom Brady",3,"","QB",6700,"NE","@DEN",23.3,"NE by 3","-22%","18%","-26%",44.7,37.8,37,5.3,8.5,2.3,2.9,2.8,1.1,2.3,0,0,0,0,0,61,21.3,24.7,24.7,17,32.3,17.2,2.6,7.4,1.1
"Drew Brees",5,"","QB",6600,"NO","@ARI",22.8,"ARI by 3","-15%","-10%","-13%",40.3,41.6,37.7,6.5,7.7,0.7,1.3,1.4,0.6,1.2,0,0,0,0,0,61,19,23.7,23.7,13.9,33.5,18,2.7,33.4,5.1
"Emmanuel Sanders",11,"","WR",6600,"DEN","NE",20.3,"NE by 3","2%","-16%","-7%",0,0,0,0,0,0.3,0.1,0.2,0,4,11,9.8,8.9,1.3,7.5,15,22.8,16.2,16.2,5.8,26.5,14.8,2.2,7.8,1.2
"Doug Baldwin",0,"","WR",6600,"SEA","LA",27.3,"SEA by 15","-5%","3%","14%",0,0.1,0,0.1,15,0,0.1,0,0,-4,8.7,7.4,7.2,0.8,9.1,12,11.5,15.5,15.5,6.6,24.4,14.8,2.2,14.5,2.2
"Ben Roethlisberger",2,"","QB",6600,"PIT","@CIN",24.3,"PIT by 3","-3%","11%","8%",29,36.7,34.7,4.2,7.4,1,0.9,2.1,0.2,1.8,0,0,0,0,0,58,15,20.3,20.3,10,30.5,17.9,2.7,14.9,2.3
"Melvin Gordon",0,"Q","RB",6500,"SD","OAK",23.5,"OAK by 2.5","7%","12%","9%",0,0,0,0,0,12.3,19.5,0,3.8,3.9,3.7,4.4,0,0.6,7.4,0,12.4,20.1,20.1,9.8,30.4,0,0,0,0
"Golden Tate",4,"","WR",6500,"DET","@NYG",19.3,"NYG by 4","6%","-14%","-5%",0,0,0,0,0,0.3,0.7,0.4,0.1,-0.3,9.3,8.2,7.8,0.8,7.7,13,18.6,13.7,13.7,3.4,23.9,14.5,2.2,23.2,3.6
"Marcus Mariota",3,"","QB",6500,"TEN","@KC",18.5,"KC by 6","2%","15%","6%",27,30.6,28.7,3.9,7.8,5.7,4.3,4.4,0.6,6.4,0.3,0.1,0,0,0,55,17.2,20.2,20.2,11.7,28.6,17.2,2.6,7.4,1.1
"Michael Thomas",2,"","WR",6400,"NO","@ARI",22.8,"ARI by 3","-15%","-10%","0%",0,0,0,0,0,0,0,0,0,0,6.7,7.4,7.8,0.9,9.3,12,18.3,16.5,16.5,8,25,13.8,2.2,18.2,2.8
"Andrew Luck",1,"","QB",6400,"IND","@MIN",19.8,"MIN by 5","-14%","-5%","-20%",33.7,37.3,38,5,7.5,4.3,4.7,3.7,0.4,5.4,0,0,0,0,0,69,22.9,22.6,22.6,15.2,30.1,18.6,2.9,18.8,2.9
"Cam Newton",2,"Q","QB",6400,"CAR","@WAS",21.8,"WAS by 7","7%","5%","7%",29.3,33.2,32.5,3.5,7,4.7,6.3,7,1.3,4.2,0,0,0,0,0,65,15.8,19.3,19.3,11.6,27,19.4,3,23,3.6
"Demaryius Thomas",7,"","WR",6300,"DEN","NE",20.3,"NE by 3","2%","-16%","-7%",0,0,0,0,0,0,0,0,0,0,11.3,9.2,9.2,1.3,7.8,15,16.2,15.7,15.7,9.7,21.7,15.9,2.5,16.1,2.6
"Russell Wilson",0,"","QB",6300,"SEA","LA",27.3,"SEA by 15","-5%","3%","-2%",36,34.1,34.3,4.1,7.6,5,4.2,4.8,0.1,3.8,0,0.2,0,0.1,7,67,13.2,16.8,16.8,9.4,24.2,18.9,3,21.4,3.4
"Matthew Stafford",2,"","QB",6300,"DET","@NYG",19.3,"NYG by 4","6%","-14%","-20%",39,36,39.5,5,7.4,3.7,2.6,2.4,0.4,5.7,0,0,0,0,0,67,20.5,19.6,19.6,12.7,26.5,18.3,2.9,11.2,1.8
"Derek Carr",8,"","QB",6300,"OAK","@SD",26,"OAK by 2.5","7%","-14%","4%",38,38.4,35.7,6.1,7,2.7,2.5,2.7,0.2,1.8,0,0,0,0,0,61,16,19.6,19.6,10.2,29,18.3,2.9,12,1.9
"Philip Rivers",14,"","QB",6200,"SD","OAK",23.5,"OAK by 2.5","7%","12%","7%",31.7,35.7,35.2,6.5,7.7,1,0.9,1.6,0.2,2.8,0,0,0,0,0,60,16.6,19.1,19.1,13.4,24.7,18.6,3,15.2,2.5
"Brandin Cooks",4,"","WR",6200,"NO","@ARI",22.8,"ARI by 3","-15%","-10%","0%",0,0,0,0,0,1,0.5,0.3,0.3,5,9,7.8,6.8,0.9,9.3,11,12.6,16.3,16.3,6.5,26,13.5,2.2,40.6,6.5
"Stefon Diggs",5,"","WR",6200,"MIN","IND",24.8,"MIN by 5","7%","7%","-1%",0,0,0,0,0,0,0.3,0.2,0.1,3.3,6.7,9.2,8.3,0.8,8.5,14,10.7,16.9,16.9,6.4,27.5,15.3,2.5,3.3,0.5
"Dak Prescott",3,"","QB",6200,"DAL","TB",27.5,"DAL by 7","3%","3%","4%",26.3,30.4,29.8,3.8,7.9,5,3.7,4.3,0.7,4.5,0,0,0,0,0,55,14.2,19.6,19.6,13.4,25.9,18,2.9,19.2,3.1
"Davante Adams",12,"","WR",6100,"GB","@CHI",22.8,"GB by 4.5","-9%","0%","6%",0,0,0,0,0,0,0,0,0,0,6.3,7.6,8.6,1.2,9.1,14,19.1,16.7,16.7,5.4,28.1,14.2,2.3,4.5,0.7
"Julian Edelman",2,"","WR",6100,"NE","@DEN",23.3,"NE by 3","-22%","18%","-37%",0,0,0,0,0,0,0.8,0.3,0.1,4.6,12.7,9.8,7.9,0.9,6.2,12,17.2,13.6,13.6,8.1,19,14.3,2.3,13.5,2.2
"Jameis Winston",5,"","QB",6100,"TB","@DAL",20.5,"DAL by 7","8%","-23%","2%",28,35.6,36.8,4.5,7.3,4.7,3.5,3.5,0.4,2.9,0,0,0,0,0,67,14.1,18.8,18.8,12.5,25.1,17.6,2.9,14.5,2.4
"Jordan Howard",8,"","RB",6000,"CHI","GB",18.3,"GB by 4.5","5%","-10%","-8%",0,0,0,0,0,21,16.2,16.7,1.9,5,3.7,3.6,2.7,0.6,6.2,35,20.5,16.5,16.5,6.4,26.5,13.4,2.2,21.3,3.6
"Alshon Jeffery",2,"","WR",6000,"CHI","GB",18.3,"GB by 4.5","5%","-10%","4%",0,0,0,0,0,0,0,0,0,0,9.3,8,7.5,0.9,8.8,13,10.4,12.4,12.4,8.3,16.6,14.7,2.4,20.9,3.5
"Carson Palmer",7,"","QB",6000,"ARI","NO",25.8,"ARI by 3","10%","-8%","7%",41.3,41.2,38.5,5.8,6.8,1.7,1.1,1.3,0.1,3,0,0,0,0,0,62,19.6,18.3,18.3,11.8,24.7,19.2,3.2,23.7,3.9
"Travis Kelce",25,"","TE",5900,"KC","TEN",24.5,"KC by 6","14%","-19%","4%",0,0,0,0,0,0,0.1,0,0.1,-5,10.3,7.5,7.5,1.2,9.3,12,21.4,15.1,15.1,7.8,22.4,14,2.4,7.1,1.2
"Carlos Hyde",13,"","RB",5900,"SF","@ATL",19,"ATL by 13.5","13%","-6%","24%",0,0,0,0,0,16.7,17.4,15.1,2.8,4.6,3,2.5,3.4,0.4,4.9,31,20.4,16.3,16.3,6.7,25.9,13.6,2.3,7.7,1.3
"Michael Crabtree",10,"","WR",5900,"OAK","@SD",26,"OAK by 2.5","7%","-14%","-4%",0,0,0,0,0,0,0,0,0,0,10.3,9.2,8.2,1.4,6.8,13,16.2,15.7,15.7,6.4,25.1,15.1,2.6,18,3.1
"Thomas Rawls",0,"","RB",5900,"SEA","LA",27.3,"SEA by 15","-5%","3%","2%",0,0,0,0,0,13,12,14.7,1.5,4.1,1.3,2.3,2.9,0.2,6.5,30,13.3,10.7,10.7,1.8,19.7,13.1,2.2,5.9,1
"Sammy Watkins",11,"","WR",5900,"BUF","CLE",27,"BUF by 10.5","2%","36%","3%",0,0,0,0,0,0,0,0,0,0,6,5.8,6.5,0.6,8.1,10,11.1,9.1,9.1,4.8,13.4,13.5,2.3,2,0.3
"Tyrell Williams",11,"","WR",5800,"SD","OAK",23.5,"OAK by 2.5","7%","12%","6%",0,0,0,0,0,0,0,0,0,0,7.7,7.2,6.7,1,9.6,11,14.2,14.7,14.7,6.7,22.6,13.3,2.3,6,1
"Colin Kaepernick",14,"","QB",5800,"SF","@ATL",19,"ATL by 13.5","13%","-6%","17%",25.7,29.9,35.1,2.9,6.6,6.3,6.9,6,0.8,7.6,0,0,0,0,0,69,17,19.5,19.5,9,29.9,19,3.3,17.4,3
"Latavius Murray",12,"","RB",5800,"OAK","@SD",26,"OAK by 2.5","7%","-14%","13%",0,0,0,0,0,20.3,14.7,14.3,2.9,4,3.3,3.5,3,0.5,5.8,28,20.9,17.8,17.8,9.6,25.9,12.7,2.2,9.2,1.6
"Tyrod Taylor",19,"","QB",5700,"BUF","CLE",27,"BUF by 10.5","2%","36%","16%",26,28.8,26.7,3.8,6.7,4.3,5.8,7,0.8,6.2,0,0,0,0,0,54,17.1,17.8,17.8,11.8,23.9,18.3,3.2,15.9,2.8
"Brandon Marshall",0,"","WR",5700,"NYJ","MIA",18.5,"MIA by 2.5","-3%","25%","2%",0,0,0,0,0,0,0,0,0,0,7.3,8.8,7.1,1.4,6.5,12,11.1,11.9,11.9,4.8,19.1,12.3,2.2,2.6,0.5
"Tyreek Hill",14,"","WR",5700,"KC","TEN",24.5,"KC by 6","14%","-19%","20%",0,0,0,0,0,1.3,1.1,1,0.2,6.4,7.3,5.2,7.7,0.8,8,14,22.8,13.3,13.3,4.4,22.2,14.1,2.5,12.8,2.2
"Joe Flacco",7,"","QB",5700,"BAL","PHI",23,"BAL by 5","-1%","-6%","-2%",45,42.3,37,4.5,6.5,1,1.6,1,0.4,2.6,0,0,0,0,0,63,23.5,17.9,17.9,11.2,24.6,15.3,2.7,14.1,2.5
"Jay Ajayi",0,"","RB",5700,"MIA","@NYJ",21,"MIA by 2.5","3%","-5%","4%",0,0,0,0,0,16.7,16.1,18.7,1.9,5,4,2.6,2.3,0.4,4.1,37,11.5,15.1,15.1,4.9,25.3,13.9,2.4,5.1,0.9
"Spencer Ware",3,"","RB",5700,"KC","TEN",24.5,"KC by 6","14%","-19%","-18%",0,0,0,0,0,17,15.3,15.3,1.9,4.3,2.7,3,2.7,0.3,11.2,30,13,15,15,5.9,24.2,13.9,2.4,12.5,2.2
"Taylor Gabriel",15,"","WR",5600,"ATL","SF",32.5,"ATL by 13.5","-1%","59%","8%",0,0,0,0,0,0.7,0.4,0,0.1,12.8,5.7,4,5.8,0.4,12.6,9,17.6,12.1,12.1,4.3,19.8,14.1,2.5,15,2.7
"Tyler Eifert",22,"","TE",5600,"CIN","PIT",21.3,"PIT by 3","4%","-16%","4%",0,0,0,0,0,0,0,0,0,0,6.3,6.3,6.6,1.3,8.8,11,16.7,14.2,14.2,5.2,23.3,14,2.5,1.9,0.3
"Willie Snead",4,"","WR",5600,"NO","@ARI",22.8,"ARI by 3","-15%","-10%","0%",0.3,0.1,0,0,50,0,0,0,0,0,7,7,6.4,0.8,8.5,10,11.7,13.6,13.6,4.9,22.4,12.4,2.2,15.6,2.8
"Jeremy Hill",8,"","RB",5600,"CIN","PIT",21.3,"PIT by 3","4%","-16%","16%",0,0,0,0,0,20,15,15.9,2.8,4,4.3,2,3.5,0.2,6.4,32,17.6,13,13,4.6,21.4,14.3,2.6,12.1,2.2
"Eli Manning",4,"","QB",5600,"NYG","DET",23.3,"NYG by 4","2%","-9%","8%",31.3,36.9,34.9,3.6,6.9,1.7,1.6,1.2,0.5,-0.4,0,0,0,0,0,61,13.9,16.5,16.5,10.2,22.8,17,3,16,2.9
"Bilal Powell",2,"","RB",5600,"NYJ","MIA",18.5,"MIA by 2.5","-3%","25%","-5%",0,0,0,0,0,12.7,6,12.9,0.8,5.8,3,4.4,4.1,0.7,4.9,28,14.5,10.9,10.9,0.7,21.1,15.3,2.7,27.2,4.9
"Matt Forte",NA,"","RB",5500,"NYJ","MIA",18.5,"MIA by 2.5","-3%","25%","-5%",0,0,0,0,0,8.3,16.5,10,2.4,3.7,2.7,3.2,1.4,0.3,6.1,19,6.6,14.4,14.4,3.6,25.1,8.4,1.5,3.8,0.7
"DeSean Jackson",4,"","WR",5500,"WAS","CAR",28.8,"WAS by 7","13%","-16%","9%",0,0,0,0,0,0,0,0,0,0,5.3,6.5,7,0.8,9.6,11,18,12.5,12.5,4.9,20,14.5,2.6,21.1,3.8
"Kelvin Benjamin",2,"Q","WR",5500,"CAR","@WAS",21.8,"WAS by 7","7%","5%","-1%",0,0,0,0,0,0,0,0,0,0,6.3,7.6,7.1,0.8,7.7,12,6.4,12.3,12.3,3.7,20.8,12.1,2.2,4,0.7
"Jordan Reed",2,"Q","TE",5500,"WAS","CAR",28.8,"WAS by 7","13%","-16%","34%",0,0,0,0,0,0,0,0,0,0,6.3,8.2,5.6,1.1,7.8,9,15.5,15.4,15.4,5.7,25.1,11.4,2.1,1.6,0.3
"Donte Moncrief",NA,"Q","WR",5500,"IND","@MIN",19.8,"MIN by 5","-14%","-5%","-20%",0,0,0,0,0,0,0.1,0,0,-1,7,6.6,0,1.3,5.2,0,9.7,11.4,11.4,4.7,18.2,0,0,0,0
"Andy Dalton",2,"","QB",5500,"CIN","PIT",21.3,"PIT by 3","4%","-16%","-9%",35.7,35.9,35.4,4.7,7.6,2.3,3.2,3.6,0.3,4.4,0,0,0,0,0,64,18.9,18.9,18.9,14.4,23.3,17.7,3.2,11.4,2.1
"DeAngelo Williams",NA,"","RB",5500,"PIT","@CIN",24.3,"PIT by 3","-3%","11%","5%",0,0,0,0,0,1.7,10.7,0,1,3.7,0.3,3.3,0,0.1,4,0,0.4,11.2,11.2,-3.1,25.6,0,0,0,0
"Jordan Matthews",11,"","WR",5400,"PHI","@BAL",18,"BAL by 5","-2%","-30%","7%",0,0,0,0,0,0,0,0,0,0,8,8.3,9.2,0.8,7.7,16,11.8,13.5,13.5,7.1,20,17.4,3.2,8.7,1.6
"Alex Smith",7,"","QB",5400,"KC","TEN",24.5,"KC by 6","14%","-19%","13%",31.7,33.1,36.9,4.1,7.1,3,2.8,3.5,0.5,1.6,0.3,0.1,0,0,3,67,14.2,14.8,14.8,7.9,21.8,17.4,3.2,12.6,2.3
"Theo Riddick",NA,"Q","RB",5400,"DET","@NYG",19.3,"NYG by 4","6%","-14%","-7%",0,0,0,0,0,5.7,9.2,0,0.7,3.9,7,6.7,0,1.4,5.5,0,13.3,16.2,16.2,8.4,24,0,0,0,0
"Jamison Crowder",10,"","WR",5400,"WAS","CAR",28.8,"WAS by 7","13%","-16%","9%",0,0,0,0,0,0,0.2,0.5,0,-1,7.7,6.8,6.6,1.2,9,11,11.9,15.2,15.2,8.6,21.7,15.1,2.8,5.4,1
"Jarvis Landry",2,"","WR",5400,"MIA","@NYJ",21,"MIA by 2.5","3%","-5%","6%",0,0.1,0,0,0,0.3,0.3,0.5,0,4.3,9,8.4,7.7,0.6,8.5,15,14.9,14.9,14.9,8,21.8,13.6,2.5,22.8,4.2
"Lamar Miller",5,"Q","RB",5400,"HOU","JAX",21.5,"HOU by 3.5","-17%","5%","-2%",0,0,0,0,0,18,18.9,20,2.1,4.1,2,2.8,2.4,0.4,4.4,36,11.5,14.4,14.4,5.5,23.3,15.6,2.9,16.9,3.1
"Doug Martin",3,"","RB",5300,"TB","@DAL",20.5,"DAL by 7","8%","-23%","-18%",0,0,0,0,0,21,18.3,15.2,2.9,3,1.7,2.3,1.7,0.1,8.4,28,13.4,11.8,11.8,7.1,16.4,10.3,1.9,4.2,0.8
"Jimmy Graham",0,"","TE",5300,"SEA","LA",27.3,"SEA by 15","-5%","3%","-25%",0,0,0,0,0,0,0,0,0,0,6.7,6.4,7.1,1.1,9.5,12,10.9,13.3,13.3,4.5,22.2,12.1,2.3,4.1,0.8
"Steve Smith",4,"","WR",5300,"BAL","PHI",23,"BAL by 5","-1%","-6%","9%",0,0,0,0,0,0,0,0,0,0,6.7,7.5,7.5,0.9,7.8,12,9,13.2,13.2,5.9,20.6,13.4,2.5,12,2.3
"Jonathan Stewart",3,"","RB",5200,"CAR","@WAS",21.8,"WAS by 7","7%","5%","13%",0,0,0,0,0,17.3,16.2,17.7,3.3,3.6,1.3,1.5,1.1,0.2,2.9,31,13.2,11.3,11.3,3.3,19.3,13.1,2.5,18,3.5
"Trevor Siemian",3,"","QB",5200,"DEN","NE",20.3,"NE by 3","2%","-16%","3%",41.7,34.2,35.9,5,7.3,3.7,2.3,1.7,0.3,2.3,0,0,0,0,0,62,23.1,16.5,16.5,7.8,25.1,15,2.9,10.7,2.1
"Terrelle Pryor",0,"Q","WR",5200,"CLE","@BUF",16.5,"BUF by 10.5","-4%","17%","-6%",0,0.7,0,0.1,4.6,0,0.6,0.2,0.1,2.6,8.3,9,8.2,0.7,7.3,15,12.7,14.9,14.9,5.1,24.6,12.5,2.4,5.9,1.1
"Matt Moore",1,"","QB",5100,"MIA","@NYJ",21,"MIA by 2.5","3%","-5%","3%",5,5,29.5,0,9.4,0,0,2.9,0,0,0,0,0,0,0,57,1.9,1.9,1.9,1.9,1.9,13.4,2.6,24.4,4.8
"Cole Beasley",3,"","WR",5100,"DAL","TB",27.5,"DAL by 7","3%","3%","0%",0,0.1,0,0,0,0,0.1,0,0,7,5.7,6.5,5.6,0.5,8.5,9,7.7,12.8,12.8,7.7,17.8,10.5,2.1,8.8,1.7
"Brock Osweiler",0,"","QB",5100,"HOU","JAX",21.5,"HOU by 3.5","-17%","5%","-12%",32,35.3,30.6,3.7,5.8,2.7,2.2,3.3,0.3,4.5,0,0.1,0,0.1,-14,54,12.4,12.8,12.8,8.2,17.3,13.3,2.6,-0.1,0
"Derrick Henry",NA,"","RB",5100,"TEN","@KC",18.5,"KC by 6","2%","15%","-6%",0,0,0,0,0,9.7,7.5,6.1,1.1,4.3,0.3,1.1,1.2,0.2,9.3,12,6.9,6.2,6.2,0.8,11.7,5.8,1.1,17.8,3.5
"Dontrelle Inman",14,"","WR",5100,"SD","OAK",23.5,"OAK by 2.5","7%","12%","6%",0,0,0,0,0,0,0,0,0,0,6,5.7,6.7,0.4,8.7,11,19.6,10.8,10.8,1.7,19.9,13.1,2.6,11.8,2.3
"Tony Romo",NA,"","QB",5100,"DAL","TB",27.5,"DAL by 7","3%","3%","4%",0,0,0.3,0,0,0,0,0,0,0,0,0,0,0,0,0,0,0,0,0,0,0,0,0,0
"Sean Mannion",NA,"","QB",5000,"LA","@SEA",12.3,"SEA by 15","-4%","-8%","-9%",0,0,0,0,0,0,0,0,0,0,0,0,0,0,0,0,0,0,0,0,0,0,0,0,0
"Trevone Boykin",NA,"","QB",5000,"SEA","LA",27.3,"SEA by 15","-5%","3%","-2%",4,4,0.3,1.7,8.6,1.3,1.3,0,0,-1.5,0,0,0,0,0,1,2.2,2.2,2.2,-0.8,5.2,0,0,0,0
"Jared Goff",NA,"Q","QB",5000,"LA","@SEA",12.3,"SEA by 15","-4%","-8%","-9%",35,34,31.6,2.8,5.5,0.7,1.5,1.5,0.3,2,0,0,0,0,0,58,13.2,11.5,11.5,6.1,16.9,11.4,2.3,5.4,1.1
"Ryan Fitzpatrick",NA,"","QB",5000,"NYJ","MIA",18.5,"MIA by 2.5","-3%","25%","9%",24,31.2,0.3,4.3,6.8,2.3,2.5,0,0.2,4.1,0,0,0,0,0,0,10.9,12.1,12.1,5.6,18.5,0,0,1.3,0.3
"Ryan Tannehill",NA,"O","QB",5000,"MIA","@NYJ",21,"MIA by 2.5","3%","-5%","3%",30,29.9,0,3.5,7.7,4,3,0,0.7,4.2,0,0,0,0,0,0,18.9,16.3,16.3,9,23.5,0,0,0,0
"Bryce Petty",0,"Q","QB",5000,"NYJ","MIA",18.5,"MIA by 2.5","-3%","25%","9%",30.7,23.5,31.5,2,6.1,1.3,1,2.9,0.3,4.8,0,0,0,0,0,56,10,7.7,7.7,2.5,12.9,13,2.6,10.4,2.1
"Christian Hackenberg",NA,"","QB",5000,"NYJ","MIA",18.5,"MIA by 2.5","-3%","25%","9%",0,0,0,0,0,0,0,0,0,0,0,0,0,0,0,0,0,0,0,0,0,0,0,0,0
"Matt Barkley",NA,"","QB",5000,"CHI","GB",18.3,"GB by 4.5","5%","-10%","4%",34.7,29.8,31.5,4.8,6.7,2,1.8,1.7,0,0.3,0,0,0,0,0,59,15.4,11.8,11.8,1.5,22.1,15.6,3.1,21.5,4.3
"David Fales",NA,"","QB",5000,"CHI","GB",18.3,"GB by 4.5","5%","-10%","4%",0,0,0.3,0,0,0,0,0,0,0,0,0,0,0,0,1,0,0,0,0,0,0,0,0,0
"Brett Hundley",NA,"","QB",5000,"GB","@CHI",22.8,"GB by 4.5","-9%","0%","-5%",3,3,0.4,0,1.9,1,1,0,0,-0.7,0,0,0,0,0,1,-0.2,-0.2,-0.2,-0.7,0.3,0,0,0,0
"Mark Sanchez",NA,"","QB",5000,"DAL","TB",27.5,"DAL by 7","3%","3%","4%",1,1,0,0,8,2,2,0,2,-1,0,0,0,0,0,0,0.1,0.1,0.1,0.1,0.1,0,0,0,0
"Mike Glennon",NA,"","QB",5000,"TB","@DAL",20.5,"DAL by 7","8%","-23%","2%",11,11,0.4,3,6.8,0,0,0,0,0,0,0,0,0,0,1,9,9,9,9,9,0,0,0,0
"Ryan Griffin",NA,"","QB",5000,"TB","@DAL",20.5,"DAL by 7","8%","-23%","2%",0,0,0,0,0,0,0,0,0,0,0,0,0,0,0,0,0,0,0,0,0,0,0,0,0
"Chad Henne",NA,"","QB",5000,"JAX","@HOU",18,"HOU by 3.5","-13%","-2%","-12%",0,0,0.4,0,0,1,1,0,0,-2,0,0,0,0,0,1,-0.2,-0.2,-0.2,-0.2,-0.2,0,0,0,0
"Brandon Weeden",NA,"","QB",5000,"HOU","JAX",21.5,"HOU by 3.5","-17%","5%","-12%",0,0,0,0,0,0,0,0,0,0,0,0,0,0,0,0,0,0,0,0,0,0,0,0,0
"Tom Savage",NA,"","QB",5000,"HOU","JAX",21.5,"HOU by 3.5","-17%","5%","-12%",0,0,0.3,0,0,0,0,0,0,0,0,0,0,0,0,0,0,0,0,0,0,0,0,10.4,2.1
"Blake Bortles",2,"","QB",5000,"JAX","@HOU",18,"HOU by 3.5","-13%","-2%","-12%",35,40,35.4,4.6,6.1,4.3,3.8,3.2,0.3,6.7,0,0,0,0,0,65,16.6,19.3,19.3,13.4,25.2,15.4,3.1,8.2,1.6
"Brandon Allen",NA,"","QB",5000,"JAX","@HOU",18,"HOU by 3.5","-13%","-2%","-12%",0,0,0,0,0,0,0,0,0,0,0,0,0,0,0,0,0,0,0,0,0,0,0,0,0
"DeAndre Hopkins",0,"","WR",5000,"HOU","JAX",21.5,"HOU by 3.5","-17%","5%","-10%",0,0,0,0,0,0,0,0,0,0,7.3,9,7.9,0.5,6,13,10.7,12.1,12.1,5.7,18.5,13.1,2.6,16.7,3.3
"Josh McCown",NA,"","QB",5000,"CLE","@BUF",16.5,"BUF by 10.5","-4%","17%","-7%",27.7,33,0,4,6.7,0.7,1.4,0,0.4,3,0,0,0,0,0,0,8.7,13.6,13.6,3.7,23.6,0,0,0,0
"Robert Griffin",0,"","QB",5000,"CLE","@BUF",16.5,"BUF by 10.5","-4%","17%","-7%",27,27,32.3,3,5.4,6,6,4.4,0.5,5.7,0,0,0,0,0,66,11.3,11.3,11.3,9.9,12.7,15.6,3.1,18.6,3.7
"EJ Manuel",NA,"","QB",5000,"BUF","CLE",27,"BUF by 10.5","2%","36%","16%",1.7,1.7,0.3,0,9,1.7,1.7,0,0,2.6,0,0,0,0,0,0,1.7,1.7,1.7,0.2,3.2,0,0,0.1,0
"Cody Kessler",NA,"","QB",5000,"CLE","@BUF",16.5,"BUF by 10.5","-4%","17%","-7%",19.7,24,0.3,2.1,7.1,1.3,1.4,0,0.4,1.6,0,0,0,0,0,1,8.5,10.3,10.3,3.5,17.2,0,0,0,0
"Kevin Hogan",NA,"","QB",5000,"CLE","@BUF",16.5,"BUF by 10.5","-4%","17%","-7%",8.7,8.7,0,0.3,4,2.7,2.7,0,0,13.1,0,0,0,0,0,0,7.2,7.2,7.2,-5.1,19.5,0,0,0,0
"Cardale Jones",NA,"","QB",5000,"BUF","CLE",27,"BUF by 10.5","2%","36%","16%",0,0,0,0,0,0,0,0,0,0,0,0,0,0,0,0,0,0,0,0,0,0,0,0,0
"Chase Daniel",NA,"","QB",5000,"PHI","@BAL",18,"BAL by 5","-2%","-30%","-3%",0,0,0.4,0,0,0,0,0,0,0,0,0,0,0,0,1,0,0,0,0,0,0,0,0,0
"Ryan Mallett",NA,"","QB",5000,"BAL","PHI",23,"BAL by 5","-1%","-6%","-2%",1.3,1.3,0.4,0,3.5,1.7,1.7,0,0,-1.2,0,0,0,0,0,1,0,0,0,-0.4,0.3,0,0,0,0
"Carson Wentz",1,"","QB",5000,"PHI","@BAL",18,"BAL by 5","-2%","-30%","-3%",47.3,38.3,36.3,5.6,6.5,3,2.8,2.2,0.5,2.8,0.3,0.1,0,0,7,66,18.7,15.3,15.3,10.4,20.3,15.3,3.1,12.6,2.5
"Matt Cassel",NA,"","QB",5000,"TEN","@KC",18.5,"KC by 6","2%","15%","6%",0.5,0.5,0.3,0,10,1,1,0,0,0.5,0,0,0,0,0,0,0.3,0.3,0.3,-0.2,0.7,0,0,0,0
"Nick Foles",NA,"","QB",5000,"KC","TEN",24.5,"KC by 6","14%","-19%","13%",27.5,27.5,0.4,7.5,7.5,2,2,0,0,-1,0,0,0,0,0,1,14,14,14,10,18,0,0,0,0
"Tyler Bray",NA,"","QB",5000,"KC","TEN",24.5,"KC by 6","14%","-19%","13%",0,0,0,0,0,0,0,0,0,0,0,0,0,0,0,0,0,0,0,0,0,0,0,0,0
"Dan Orlovsky",NA,"","QB",5000,"DET","@NYG",19.3,"NYG by 4","6%","-14%","-20%",0,0,0.4,0,0,0,0,0,0,0,0,0,0,0,0,1,0,0,0,0,0,0,0,0,0
"Josh Johnson",NA,"","QB",5000,"NYG","DET",23.3,"NYG by 4","2%","-9%","8%",0,0,0,0,0,0,0,0,0,0,0,0,0,0,0,0,0,0,0,0,0,0,0,0,0
"Ryan Nassib",NA,"Q","QB",5000,"NYG","DET",23.3,"NYG by 4","2%","-9%","8%",0,0,0.4,0,0,0,0,0,0,0,0,0,0,0,0,1,0,0,0,0,0,0,0,0,0
"Jake Rudock",NA,"","QB",5000,"DET","@NYG",19.3,"NYG by 4","6%","-14%","-20%",0,0,0,0,0,0,0,0,0,0,0,0,0,0,0,0,0,0,0,0,0,0,0,0,0
"Ameer Abdullah",NA,"","RB",5000,"DET","@NYG",19.3,"NYG by 4","6%","-14%","-7%",0,0,0,0,0,9,9,0,1,5.6,2.5,2.5,0,0.5,11.4,0,13.4,13.4,13.4,-0.2,27,0,0,0,0
"Shaun Hill",NA,"","QB",5000,"MIN","IND",24.8,"MIN by 5","7%","7%","8%",17,17,0.7,0,7.1,1,1,0,0,4,0,0,0,0,0,1,5.2,5.2,5.2,-1.8,12.3,0,0,0,0
"Scott Tolzien",NA,"","QB",5000,"IND","@MIN",19.8,"MIN by 5","-14%","-5%","-20%",18.5,18.5,0.4,2.5,5.8,3,3,0,1,0.5,0,0,0,0,0,1,5.5,5.5,5.5,-2.1,13,0,0,0,0
"Sam Bradford",6,"","QB",5000,"MIN","IND",24.8,"MIN by 5","7%","7%","8%",38.7,35.6,34,4.6,6.9,2,1.4,1.9,0.1,1.4,0,0.1,0,0,5,60,13.4,14.6,14.6,10.2,19,16.2,3.2,9.6,1.9
"Taylor Heinicke",NA,"","QB",5000,"MIN","IND",24.8,"MIN by 5","7%","7%","8%",0,0,0,0,0,0,0,0,0,0,0,0,0,0,0,0,0,0,0,0,0,0,0,0,0
"Adrian Peterson",3,"","RB",5000,"MIN","IND",24.8,"MIN by 5","7%","7%","8%",0,0,0,0,0,15.5,15.5,11.2,1.5,1.6,2.5,2.5,1,0,1.4,20,3.8,3.8,3.8,2.8,4.9,8.8,1.8,2.3,0.5
"Drew Stanton",NA,"","QB",5000,"ARI","NO",25.8,"ARI by 3","10%","-8%","7%",13.3,11,0.4,0.3,4.2,1,0.8,0,0,-1,0,0,0,0,0,1,4.2,3.3,3.3,-3.1,9.6,0,0,0,0
"Luke McCown",NA,"","QB",5000,"NO","@ARI",22.8,"ARI by 3","-15%","-10%","-13%",0,0,0.4,0,0,0,0,0,0,0,0,0,0,0,0,1,0,0,0,0,0,0,0,0,0
"Matt Schaub",NA,"","QB",5000,"ATL","SF",32.5,"ATL by 13.5","-1%","59%","8%",1,1,0.3,0,0,1,1,0,0,-1,0,0,0,0,0,0,-0.1,-0.1,-0.1,-0.2,0,0,0,0.6,0.1
"Christian Ponder",NA,"","QB",5000,"SF","@ATL",19,"ATL by 13.5","13%","-6%","17%",0,0,0,0,0,0,0,0,0,0,0,0,0,0,0,0,0,0,0,0,0,0,0,0,0
"Case Keenum",NA,"","QB",5000,"LA","@SEA",12.3,"SEA by 15","-4%","-8%","-9%",43,34.8,0.3,4.3,6.9,2,2.2,0,0.2,2.5,0,0,0,0,0,1,11.5,13.9,13.9,5.3,22.5,0,0,1.3,0.3
"Tevin Coleman",17,"","RB",5000,"ATL","SF",32.5,"ATL by 13.5","-1%","59%","46%",0,0,0,0,0,9.3,8.7,13.3,1.8,3.8,2.3,3.1,2,0.8,11.4,23,11.2,14.8,14.8,5.3,24.3,13.9,2.8,8.6,1.7
"Austin Davis",NA,"","QB",5000,"DEN","NE",20.3,"NE by 3","2%","-16%","3%",0,0,0,0,0,0,0,0,0,0,0,0,0,0,0,0,0,0,0,0,0,0,0,0,0
"Jimmy Garoppolo",NA,"","QB",5000,"NE","@DEN",23.3,"NE by 3","-22%","18%","-26%",9.3,15.3,0.4,0.8,8.2,1,1.8,0,0.3,1.1,0,0.3,0,0,3,1,7,9.3,9.3,-1.9,20.4,0,0,0,0
"Paxton Lynch",NA,"","QB",5000,"DEN","NE",20.3,"NE by 3","2%","-16%","3%",27.7,27.7,0.4,3.3,6,3.7,3.7,0,0,2.3,0,0,0,0,0,1,9.8,9.8,9.8,5.5,14.1,0,0,0,0
"LeGarrette Blount",11,"","RB",5000,"NE","@DEN",23.3,"NE by 3","-22%","18%","4%",0,0,0,0,0,15.7,19.1,16.6,3.7,4.1,0.7,0.6,0.3,0,4.8,26,12.1,16.1,16.1,8.9,23.2,10.4,2.1,9.1,1.8
"Kellen Clemens",NA,"","QB",5000,"SD","OAK",23.5,"OAK by 2.5","7%","12%","7%",1,1,0.4,0,0,2,2,0,0,-0.5,0,0,0,0,0,1,-0.1,-0.1,-0.1,-0.1,-0.1,0,0,0,0
"Matt McGloin",NA,"","QB",5000,"OAK","@SD",26,"OAK by 2.5","7%","-14%","4%",1,1,0.4,0,0,0,0,0,0,0,0,0,0,0,0,1,0,0,0,0,0,0,0,0,0
"Connor Cook",NA,"","QB",5000,"OAK","@SD",26,"OAK by 2.5","7%","-14%","4%",0,0,0,0,0,0,0,0,0,0,0,0,0,0,0,0,0,0,0,0,0,0,0,0,0
"Landry Jones",NA,"","QB",5000,"PIT","@CIN",24.3,"PIT by 3","-3%","11%","8%",16,8.2,1.1,0.7,5.7,0.3,1,0,0,-0.7,0,0,0,0,0,2,4.7,2.3,2.3,-3.5,8.2,0,0,0,0
"Zach Mettenberger",NA,"","QB",5000,"PIT","@CIN",24.3,"PIT by 3","-3%","11%","8%",0,0,0,0,0,0,0,0,0,0,0,0,0,0,0,0,0,0,0,0,0,0,0,0,0
"AJ McCarron",NA,"","QB",5000,"CIN","PIT",21.3,"PIT by 3","4%","-16%","-9%",0,0,0.4,0,0,0,0,0,0,0,0,0,0,0,0,1,0,0,0,0,0,0,0,0,0
"Jeff Driskel",NA,"","QB",5000,"CIN","PIT",21.3,"PIT by 3","4%","-16%","-9%",0,0,0,0,0,0,0,0,0,0,0,0,0,0,0,0,0,0,0,0,0,0,0,0,0
"Derek Anderson",NA,"","QB",5000,"CAR","@WAS",21.8,"WAS by 7","7%","5%","7%",17.3,13.3,0.3,2.3,8.5,0.3,0.3,0,0,4,0,0,0,0,0,0,7.5,5.6,5.6,-1.9,13.1,0,0,0,0
"Joe Webb",NA,"","QB",5000,"CAR","@WAS",21.8,"WAS by 7","7%","5%","7%",0,0,0,0,0,0,0,0,0,0,0,0.2,0,0,3,0,0,0.3,0.3,-0.3,0.8,0,0,0,0
"Colt McCoy",NA,"","QB",5000,"WAS","CAR",28.8,"WAS by 7","13%","-16%","9%",0,0,0.4,0,0,0,0,0,0,0,0,0,0,0,0,1,0,0,0,0,0,0,0,0,0
"Nate Sudfeld",NA,"","QB",5000,"WAS","CAR",28.8,"WAS by 7","13%","-16%","9%",0,0,0,0,0,0,0,0,0,0,0,0,0,0,0,0,0,0,0,0,0,0,0,0,0
"Greg Olsen",8,"","TE",5000,"CAR","@WAS",21.8,"WAS by 7","7%","5%","33%",0,0,0,0,0,0,0,0,0,0,6.3,8,7.9,0.8,8.7,13,9.1,14,14,5.9,22.1,14.6,2.9,14.5,2.9
"Blaine Gabbert",NA,"","QB",5000,"SF","@ATL",19,"ATL by 13.5","13%","-6%","17%",21.3,26.7,0.4,2.8,5.8,7.7,6.7,0,1,4.3,0,0.2,0,0,-16,1,12.2,13.3,13.3,4.9,21.7,0,0,0,0
"Alfred Morris",NA,"","RB",4900,"DAL","TB",27.5,"DAL by 7","3%","3%","-3%",0,0,0,0,0,0.7,4.7,4.6,0.4,3.8,0,0.3,0.7,0,2,9,0.8,2.9,2.9,0.1,5.7,4.1,0.8,0,0
"Mohamed Sanu",7,"","WR",4900,"ATL","SF",32.5,"ATL by 13.5","-1%","59%","8%",0,0,0,0,0,0.3,0.1,0,0.1,5,4.3,5.8,6.6,0.9,7.4,10,7.7,10,10,2.9,17.2,14.1,2.9,7.4,1.5
"Zach Ertz",12,"","TE",4900,"PHI","@BAL",18,"BAL by 5","-2%","-30%","-17%",0,0,0,0,0,0,0,0,0,0,11.3,7.3,6.9,0.8,7,12,17.9,11.7,11.7,4.1,19.3,12.4,2.5,14,2.9
"Mike Wallace",7,"","WR",4800,"BAL","PHI",23,"BAL by 5","-1%","-6%","9%",0,0,0,0,0,0.3,0.4,0.2,0,6.2,6.3,7.8,6.8,0.7,8.9,12,10.2,14.4,14.4,8.3,20.5,11.5,2.4,8,1.7
"Charcandrick West",NA,"","RB",4800,"KC","TEN",24.5,"KC by 6","14%","-19%","-18%",0,0,0,0,0,2,4.5,3.1,0.3,3.6,0.3,2.3,1.8,0.3,4.5,8,2.4,5,5,1.6,8.4,3.9,0.8,0.5,0.1
"Ty Montgomery",10,"","WR",4800,"GB","@CHI",22.8,"GB by 4.5","-9%","0%","6%",0,0,0,0,0,5.3,3.7,8.2,0.6,5.2,3,3.6,4.2,0.8,7.3,20,9.5,7.8,7.8,-0.4,16.1,11.6,2.4,33.3,6.9
"Adam Thielen",8,"Q","WR",4800,"MIN","IND",24.8,"MIN by 5","7%","7%","-1%",0,0,0,0,0,0,0.1,0,0,11,8.3,5.8,6.1,0.5,10.1,10,15,12,12,5.4,18.5,13.4,2.8,0,0
"Jeremy Maclin",3,"","WR",4700,"KC","TEN",24.5,"KC by 6","14%","-19%","20%",0,0.1,0,0.1,0,0,0.1,0,0,-1,4.7,6.6,6.6,0.7,6.6,11,5.3,9.1,9.1,3.6,14.6,12.2,2.6,14.2,3
"C.J. Prosise",NA,"O","RB",4700,"SEA","LA",27.3,"SEA by 15","-5%","3%","2%",0,0,0,0,0,8,5,0,1,5.7,3.7,3.2,0,0.3,10.9,0,13.6,10.2,10.2,1.6,18.7,0,0,0,0
"Malcolm Mitchell",3,"","WR",4700,"NE","@DEN",23.3,"NE by 3","-22%","18%","-37%",0,0,0,0,0,0,0,0,0,0,7.3,4.2,6.3,0.9,8.5,10,17.2,8.8,8.8,0.7,16.9,10.8,2.3,2.4,0.5
"Brandon LaFell",1,"","WR",4700,"CIN","PIT",21.3,"PIT by 3","4%","-16%","-10%",0,0,0,0,0,0,0.1,0,0,-2,7.3,5.9,7.4,1.1,7.5,12,10.8,10.1,10.1,2.5,17.6,11.2,2.4,16.1,3.4
"Rob Kelley",1,"","RB",4700,"WAS","CAR",28.8,"WAS by 7","13%","-16%","-7%",0,0,0,0,0,14.7,11.6,17.5,2,4.6,1.7,1,1.5,0.2,2.6,30,9.8,9.7,9.7,-0.2,19.5,12.3,2.6,15.5,3.3
"Pierre Garcon",3,"","WR",4700,"WAS","CAR",28.8,"WAS by 7","13%","-16%","9%",0,0,0,0,0,0,0,0,0,0,6.3,7,7.4,0.9,8.5,12,13.3,12.5,12.5,6.6,18.4,13.9,3,14.8,3.1
"Marvin Jones",0,"","WR",4700,"DET","@NYG",19.3,"NYG by 4","6%","-14%","-5%",0,0,0,0,0,0,0.1,0,0,3,6,6.8,6.7,0.8,9.7,11,7.5,13,13,2.4,23.6,11.9,2.5,7.1,1.5
"DeVante Parker",1,"","WR",4700,"MIA","@NYJ",21,"MIA by 2.5","3%","-5%","6%",0,0,0,0,0,0,0,0,0,0,4.3,5.9,6.3,0.7,8.4,11,8.4,10.8,10.8,3.9,17.7,11.2,2.4,2.7,0.6
"Mark Ingram",0,"","RB",4700,"NO","@ARI",22.8,"ARI by 3","-15%","-10%","-26%",0,0,0,0,0,9.3,11.5,12.3,1.8,5.1,3,3.3,2.8,0.5,6.3,24,15.4,14.5,14.5,3.8,25.2,11.4,2.4,11.2,2.4
"Rishard Matthews",3,"","WR",4600,"TEN","@KC",18.5,"KC by 6","2%","15%","16%",0,0,0,0,0,0,0,0,0,0,7.7,5.8,6.2,0.6,9.1,10,14.4,12.6,12.6,6,19.2,11.9,2.6,16.5,3.6
"Tyler Boyd",2,"","WR",4600,"CIN","PIT",21.3,"PIT by 3","4%","-16%","-10%",0,0,0,0,0,0.7,0.2,0.2,0,14.3,7,5.5,6.5,0.6,7.4,11,12.2,8.5,8.5,3.3,13.6,11.3,2.5,3.3,0.7
"Mike Gillislee",0,"","RB",4600,"BUF","CLE",27,"BUF by 10.5","2%","36%","22%",0,0,0,0,0,8,5.5,4.8,0.9,6.2,0.3,0.8,0.5,0.2,4,8,9.2,7.9,7.9,2.1,13.7,4.1,0.9,9.7,2.1
"Kenny Britt",0,"","WR",4600,"LA","@SEA",12.3,"SEA by 15","-4%","-8%","3%",0,0,0,0,0,0,0,0,0,0,9.3,7.6,6.9,0.8,9.5,12,15.4,14.7,14.7,7.4,22.1,11.7,2.5,9,2
"Randall Cobb",0,"","WR",4600,"GB","@CHI",22.8,"GB by 4.5","-9%","0%","6%",0,0,0,0,0,0,0.8,0.6,0.2,3.3,4.3,6.9,6.7,1.1,7.3,12,9.1,12.6,12.6,5.5,19.8,11.1,2.4,0,0
"Sterling Shepard",1,"","WR",4600,"NYG","DET",23.3,"NYG by 4","2%","-9%","-2%",0,0,0,0,0,0.3,0.1,0,0,22,4,6.5,7.2,0.6,6.4,12,7.1,11.2,11.2,5.1,17.3,12.4,2.7,15.6,3.4
"Ted Ginn",2,"","WR",4500,"CAR","@WAS",21.8,"WAS by 7","7%","5%","-1%",0,0,0,0,0,1.3,0.9,0,0.1,6.2,6.7,5.5,5.3,0.2,8.3,9,16.7,9.9,9.9,2.9,16.9,9.3,2.1,16.4,3.6
"Anquan Boldin",0,"","WR",4500,"DET","@NYG",19.3,"NYG by 4","6%","-14%","-5%",0,0,0,0,0,0,0,0,0,0,7,6,7,1.3,6.2,11,13.9,11.2,11.2,6,16.3,12.4,2.8,4.3,1
"Rashad Jennings",2,"","RB",4500,"NYG","DET",23.3,"NYG by 4","2%","-9%","-7%",0,0,0,0,0,12,13.6,13.9,0.9,3.4,3.3,3.6,3,0.1,5.3,29,11,11.3,11.3,5.5,17,13.1,2.9,3.8,0.8
"Todd Gurley",0,"","RB",4500,"LA","@SEA",12.3,"SEA by 15","-4%","-8%","-19%",0,0,0,0,0,13.3,17.5,18.2,2,3.3,3.7,3.5,1.9,0.6,5.9,35,12.3,12.7,12.7,7.9,17.5,11.5,2.6,4.6,1
"Allen Robinson",7,"","WR",4400,"JAX","@HOU",18,"HOU by 3.5","-13%","-2%","-10%",0,0,0,0,0,0,0,0,0,0,5.7,9.1,7.4,1.2,5.4,12,4.4,12.5,12.5,3.8,21.1,12.2,2.8,3.5,0.8
"Frank Gore",0,"","RB",4400,"IND","@MIN",19.8,"MIN by 5","-14%","-5%","-11%",0,0,0,0,0,15,16,14.8,2.1,3.8,1.3,3,3.2,0.5,6.1,30,9.1,14.2,14.2,9.2,19.2,12.9,2.9,18.5,4.2
"Kenneth Farrow",26,"","RB",4400,"SD","OAK",23.5,"OAK by 2.5","7%","12%","9%",0,0,0,0,0,7,4.5,15.9,0.5,3.5,2,1.1,3.5,0,3,32,5,2.8,2.8,-1.8,7.3,15.1,3.4,6.3,1.4
"Alfred Blue",NA,"","RB",4400,"HOU","JAX",21.5,"HOU by 3.5","-17%","5%","-2%",0,0,0,0,0,9.3,6.1,5.2,0.7,4.7,1,0.6,0.3,0.1,1,9,5,3.2,3.2,1.1,5.4,3.8,0.9,1.5,0.3
"Quincy Enunwa",1,"","WR",4300,"NYJ","MIA",18.5,"MIA by 2.5","-3%","25%","2%",0,0,0,0,0,0,0,0,0,0,4.7,6.4,5.6,0.8,8.2,9,10.9,10.9,10.9,3.7,18.2,7.6,1.8,11.4,2.7
"Fitzgerald Toussaint",NA,"","RB",4300,"PIT","@CIN",24.3,"PIT by 3","-3%","11%","5%",0,0,0,0,0,2.3,1.4,4.3,0,4,0,0.1,0.7,0,9,8,1.1,0.8,0.8,-0.3,1.9,3.8,0.9,0,0
"Jamaal Charles",NA,"","RB",4300,"KC","TEN",24.5,"KC by 6","14%","-19%","-18%",0,0,0,0,0,4,4,0,1.3,3.3,1,1,0,0.3,4.7,0,4.5,4.5,4.5,-2.7,11.6,0,0,0,0
"Kyle Rudolph",21,"","TE",4300,"MIN","IND",24.8,"MIN by 5","7%","7%","13%",0,0,0,0,0,0,0,0,0,0,10,7.5,6.1,1.3,5.8,10,14,11.6,11.6,6.3,17,11.3,2.6,17.7,4.1
"Cameron Meredith",2,"","WR",4200,"CHI","GB",18.3,"GB by 4.5","5%","-10%","4%",0,0,0,0,0,0,0.1,0,0.1,6,7,6,5.7,0.7,8.9,10,10.9,11.4,11.4,1.8,21,11.7,2.8,22.4,5.3
"Devontae Booker",0,"","RB",4200,"DEN","NE",20.3,"NE by 3","2%","-16%","-4%",0,0,0,0,0,15,11.5,10.3,1.6,3.4,1.7,2.2,2.1,0.4,5.3,21,8.3,8,8,2.5,13.4,8.3,2,5.3,1.3
"Robby Anderson",1,"","WR",4200,"NYJ","MIA",18.5,"MIA by 2.5","-3%","25%","2%",0,0,0,0,0,0.7,0.3,0,0,14,8.3,5.6,6.5,0.3,7.5,11,12.5,8.1,8.1,3.2,13.1,10.2,2.4,18,4.3
"Jacquizz Rodgers",NA,"","RB",4200,"TB","@DAL",20.5,"DAL by 7","8%","-23%","-18%",0,0,0,0,0,9.3,12.1,0.7,1.4,4.4,0.7,1.6,0.2,0.3,6.1,1,6.9,9,9,0.7,17.4,0,0,0,0
"Isaiah Crowell",3,"","RB",4100,"CLE","@BUF",16.5,"BUF by 10.5","-4%","17%","7%",0,0,0,0,0,11.3,11.8,12.4,1.7,4.6,4.7,3.2,2.7,0.3,7.1,27,12.4,13.2,13.2,6.6,19.9,12.7,3.1,2.8,0.7
"Tim Hightower",1,"","RB",4100,"NO","@ARI",22.8,"ARI by 3","-15%","-10%","-26%",0,0,0,0,0,7.7,8.5,9.8,1.6,4.1,1.7,1.7,2,0.4,8.1,18,8.4,7.4,7.4,-0.1,14.9,9.1,2.2,19.8,4.8
"Antonio Gates",17,"","TE",4100,"SD","OAK",23.5,"OAK by 2.5","7%","12%","7%",0,0,0,0,0,0,0,0,0,0,7.3,7,5.8,1.5,5.5,10,11.7,10.7,10.7,6,15.4,11.6,2.8,2.1,0.5
"Will Fuller",NA,"","WR",4100,"HOU","JAX",21.5,"HOU by 3.5","-17%","5%","-10%",0,0,0,0,0,0,0,0,0,0,5.3,6.5,4.6,0.5,7.5,7,8.4,10.4,10.4,1.4,19.3,8.3,2,7.9,1.9
"Corey Coleman",2,"","WR",4100,"CLE","@BUF",16.5,"BUF by 10.5","-4%","17%","-6%",0,0,0,0,0,0.3,0.1,0.2,0,1,10,7.9,6.5,0.4,6.1,12,8.8,11.1,11.1,2.2,20,11,2.7,5.4,1.3
"T.J. Yeldon",0,"","RB",4100,"JAX","@HOU",18,"HOU by 3.5","-13%","-2%","1%",0,0,0,0,0,12.3,9.2,8.6,0.8,3.6,6,4.7,3.4,0.5,4.6,20,10.1,9.8,9.8,4.4,15.1,10.4,2.5,11.2,2.7
"Jeremy Langford",NA,"","RB",4000,"CHI","GB",18.3,"GB by 4.5","5%","-10%","-8%",0,0,0,0,0,1.7,4.9,3.8,0.8,3.4,1,2.3,1.4,0,3.8,9,0.7,6,6,0.7,11.3,3.7,0.9,3.2,0.8
"Tyler Lockett",0,"","WR",4000,"SEA","LA",27.3,"SEA by 15","-5%","3%","14%",0,0,0,0,0,1.3,0.5,0,0.1,19,6,4.2,4.6,0.5,7.8,8,11.8,7.1,7.1,0.5,13.7,8.9,2.2,29,7.3
"Darren Sproles",NA,"Q","RB",4000,"PHI","@BAL",18,"BAL by 5","-2%","-30%","-15%",0,0,0,0,0,5,6,0,1.2,4.7,5.3,4.9,0,0.8,6.3,0,13.1,11.1,11.1,4.4,17.8,0,0,0,0
"Shane Vereen",NA,"Q","RB",4000,"NYG","DET",23.3,"NYG by 4","2%","-9%","-7%",0,0,0,0,0,8.3,7.8,0,1.8,4.7,3.3,3.8,0,0.5,5.7,0,9,9.1,9.1,3.1,15,0,0,4,1
"Jerick McKinnon",0,"","RB",4000,"MIN","IND",24.8,"MIN by 5","7%","7%","8%",0.3,0.1,0,0,0,10.7,10.8,5.5,1.3,3,5,2.8,2.4,0.3,4.1,13,13.3,7.7,7.7,1.9,13.5,7.3,1.8,16.1,4
"Michael Floyd",NA,"","WR",4000,"ARI","NO",25.8,"ARI by 3","10%","-8%","3%",0,0,0,0,0,0,0,0,0,0,5.3,5.8,0,1.1,6.4,0,6.6,8.7,8.7,3.9,13.5,0,0,0,0
"Martellus Bennett",5,"","TE",4000,"NE","@DEN",23.3,"NE by 3","-22%","18%","-7%",0,0,0,0,0,0.3,0.2,0,0,5,4.3,4.8,5.6,0.6,9.9,9,8.3,11.5,11.5,1.7,21.3,9.7,2.4,5.5,1.4
"Marqise Lee",8,"","WR",4000,"JAX","@HOU",18,"HOU by 3.5","-13%","-2%","-10%",0,0,0,0,0,1,0.5,0,0,5.8,7.7,6.6,7,0.5,8.5,12,13.5,11.3,11.3,5.8,16.8,11,2.8,6,1.5
"Ryan Mathews",0,"","RB",3900,"PHI","@BAL",18,"BAL by 5","-2%","-30%","-15%",0,0,0,0,0,13.7,10.6,14.1,2.5,4.2,1,1.1,2.9,0.3,7.8,29,14,10.9,10.9,1.8,20,9.9,2.5,25.3,6.5
"Terrance West",0,"","RB",3900,"BAL","PHI",23,"BAL by 5","-1%","-6%","-7%",0,0,0,0,0,8.3,12.7,8.6,1.8,4,3.7,2.5,1,0.5,4.4,16,12.6,10.9,10.9,3,18.8,6.2,1.6,16.2,4.2
"Delanie Walker",5,"","TE",3900,"TEN","@KC",18.5,"KC by 6","2%","15%","-32%",0,0,0,0,0,0.3,0.2,0,0.1,5.5,5.7,6.6,5.7,0.8,8.7,9,9.1,13.3,13.3,5.2,21.4,11.4,2.9,11.5,2.9
"J.J. Nelson",22,"","WR",3900,"ARI","NO",25.8,"ARI by 3","10%","-8%","3%",0,0,0,0,0,0.3,0.4,0.8,0.1,20.8,2.7,4,6.6,0.4,7.3,11,11.9,8.3,8.3,-0.3,17,13.6,3.5,14.8,3.8
"DuJuan Harris",NA,"","RB",3900,"SF","@ATL",19,"ATL by 13.5","13%","-6%","24%",0,0,0,0,0,2.7,5.7,0.9,0.5,4.1,0,1.3,0.3,0.2,12.6,2,0.9,6,6,-3.3,15.3,1.1,0.3,0,0
"Damien Williams",NA,"","RB",3900,"MIA","@NYJ",21,"MIA by 2.5","3%","-5%","4%",0,0,0,0,0,2.3,2.5,4,0.6,3.7,2.3,2,1.7,0.5,7.3,10,5.2,6.9,6.9,2.6,11.1,4.8,1.2,0,0
"Dion Lewis",0,"","RB",3900,"NE","@DEN",23.3,"NE by 3","-22%","18%","4%",0,0,0,0,0,4.7,4.8,6.9,0.8,4.6,4.3,4.5,4,0.3,4.2,17,6.8,7.1,7.1,4.2,10,10.7,2.7,12.4,3.2
"Kenny Stills",1,"","WR",3800,"MIA","@NYJ",21,"MIA by 2.5","3%","-5%","6%",0,0,0,0,0,0,0,0,0,0,6,4.8,4.3,0.3,9.5,8,14,10.2,10.2,2.5,17.9,6.9,1.8,12.2,3.2
"Cameron Brate",16,"","TE",3800,"TB","@DAL",20.5,"DAL by 7","8%","-23%","22%",0,0,0,0,0,0,0,0,0,0,6.3,5.5,5.2,1,8,9,12.7,11.1,11.1,4.5,17.7,10.1,2.7,18.3,4.8
"Kenneth Dixon",13,"","RB",3800,"BAL","PHI",23,"BAL by 5","-1%","-6%","-7%",0,0,0,0,0,10,6.3,11.3,0.3,4.3,6.3,3.7,3.8,0.2,4.3,25,15.3,7.9,7.9,0.6,15.1,12,3.2,9.6,2.5
"Wendell Smallwood",NA,"","RB",3800,"PHI","@BAL",18,"BAL by 5","-2%","-30%","-15%",0,0,0,0,0,6.7,6.4,0,0.6,4.1,1.3,1.1,0,0.1,4.2,0,2.6,4.5,4.5,-0.5,9.5,0,0,0,0
"Paul Perkins",NA,"","RB",3800,"NYG","DET",23.3,"NYG by 4","2%","-9%","-7%",0,0,0,0,0,10.3,6.5,8.5,0.4,3.5,1,1.9,2.3,0,8.1,18,5.2,5.2,5.2,2.9,7.5,8.4,2.2,5.6,1.5
"Phillip Dorsett",NA,"","WR",3800,"IND","@MIN",19.8,"MIN by 5","-14%","-5%","-20%",0,0,0,0,0,0.3,0.2,0.2,0,5,5,4.4,5.5,0.6,7.8,9,3.9,6.3,6.3,2.4,10.1,10,2.6,12,3.2
"John Brown",0,"","WR",3800,"ARI","NO",25.8,"ARI by 3","10%","-8%","3%",0,0,0,0,0,0,0.1,0,0,10,2.3,5.5,5,0.4,6.7,8,1,7.4,7.4,-1.1,15.8,9.9,2.6,19.1,5
"Chris Hogan",0,"","WR",3800,"NE","@DEN",23.3,"NE by 3","-22%","18%","-37%",0,0,0,0,0,0.7,0.3,0,0,3,5.7,3.9,5,0.4,13,8,17,10.3,10.3,1.5,19,8.3,2.2,2.8,0.7
"Travis Benjamin",0,"","WR",3800,"SD","OAK",23.5,"OAK by 2.5","7%","12%","6%",0,0.1,0,0,0,0.3,0.2,0,0,-1.5,3,5.7,4.3,0.6,8,7,2,9.8,9.8,0.4,19.2,8,2.1,13.6,3.6
"Cameron Artis-Payne",NA,"","RB",3800,"CAR","@WAS",21.8,"WAS by 7","7%","5%","13%",0,0,0,0,0,12,12,0,1,4,0.3,0.3,0,0,11,0,9.5,9.5,9.5,-0.4,19.4,0,0,0,0
"Charles Sims",2,"","RB",3800,"TB","@DAL",20.5,"DAL by 7","8%","-23%","-18%",0,0,0,0,0,10.7,9,3.7,1,3,5,4.6,2.9,0,6.3,11,12.3,11.2,11.2,3.1,19.3,7.4,1.9,4.9,1.3
"Adam Humphries",1,"","WR",3700,"TB","@DAL",20.5,"DAL by 7","8%","-23%","8%",0,0,0,0,0,0.7,0.4,0,0,3.6,3.3,5.3,5.5,0.5,7.4,9,5.2,8.5,8.5,2.5,14.4,9.8,2.6,12.9,3.5
"Chris Ivory",1,"","RB",3700,"JAX","@HOU",18,"HOU by 3.5","-13%","-2%","1%",0,0,0,0,0,11.7,10.3,10.8,1.2,3.8,3.3,2.3,1.1,0,5.6,20,11.7,8.4,8.4,3.2,13.7,8.2,2.2,4.4,1.2
"Eric Ebron",1,"","TE",3700,"DET","@NYG",19.3,"NYG by 4","6%","-14%","10%",0,0,0,0,0,0,0.1,0,0.1,1,4,6,5.9,0.4,8.7,9,5,10.7,10.7,5.5,15.9,10.4,2.8,7.6,2.1
"Ladarius Green",12,"Q","TE",3700,"PIT","@CIN",24.3,"PIT by 3","-3%","11%","35%",0,0,0,0,0,0,0,0,0,0,6.7,5.2,5.1,0.8,8.9,8,13.1,9,9,-1,19,9.2,2.5,12.2,3.3
"Chris Thompson",1,"","RB",3700,"WAS","CAR",28.8,"WAS by 7","13%","-16%","-7%",0,0,0,0,0,3,4.6,4.1,0.3,5.3,3,3.5,3.8,0.3,5.8,13,7.9,8.7,8.7,4.5,12.8,8.7,2.4,8.6,2.3
"Tavon Austin",NA,"","WR",3700,"LA","@SEA",12.3,"SEA by 15","-4%","-8%","3%",0,0,0,0,0,1.7,1.8,1.9,0.3,5.6,5.7,7.5,6.3,0.7,5.1,14,11.8,10.6,10.6,3.3,17.9,9.8,2.6,5.7,1.5
"James White",0,"","RB",3600,"NE","@DEN",23.3,"NE by 3","-22%","18%","4%",0,0,0,0,0,1.7,2.5,1.4,0.2,4,5.7,5.4,3.3,0.5,6.8,7,8.4,10.4,10.4,3.9,16.8,7.3,2,6.5,1.8
"Eli Rogers",NA,"","WR",3600,"PIT","@CIN",24.3,"PIT by 3","-3%","11%","-17%",0,0,0,0,0,0,0,0,0,0,2.7,4.9,5,0.6,7.6,8,4.5,8.5,8.5,2.3,14.8,8.4,2.3,18.5,5.1
"C.J. Fiedorowicz",0,"Q","TE",3600,"HOU","JAX",21.5,"HOU by 3.5","-17%","5%","-19%",0,0,0,0,0,0,0,0,0,0,7.3,5.8,0,0.7,6.7,0,8.3,9,9,2.8,15.1,0,0,0,0
"Kenjon Barner",NA,"O","RB",3600,"PHI","@BAL",18,"BAL by 5","-2%","-30%","-15%",0,0,0,0,0,1.3,2.4,5.6,0.4,5.1,1.7,0.6,3.5,0.1,2.8,16,1.7,2.9,2.9,-0.3,6.1,0,0,5.1,1.4
"Robert Woods",NA,"","WR",3500,"BUF","CLE",27,"BUF by 10.5","2%","36%","3%",0,0,0,0,0,0,0.1,0,0,6,6.3,6.3,4.3,0.8,8.3,7,13.4,10.5,10.5,2.4,18.6,6.9,2,1.5,0.4
"Dorial Green-Beckham",1,"","WR",3500,"PHI","@BAL",18,"BAL by 5","-2%","-30%","7%",0,0,0,0,0,0,0,0,0,0,9.3,5.8,5.2,1,5.6,9,12.5,7.4,7.4,2.4,12.3,8.3,2.4,2.1,0.6
"Dwayne Washington",1,"","RB",3500,"DET","@NYG",19.3,"NYG by 4","6%","-14%","-7%",0,0,0,0,0,9.3,7.7,10.6,0.6,3.1,1.3,1,4.1,0.2,5.4,23,5.4,4.3,4.3,2.2,6.5,11.3,3.2,6,1.7
"Andre Ellington",NA,"","RB",3500,"ARI","NO",25.8,"ARI by 3","10%","-8%","11%",0,0,0,0,0,3.3,2.3,3,0.3,2.9,3,1.3,0.8,0.1,4.5,6,3.2,2,2,0.7,3.2,3,0.9,1.9,0.5
"Torrey Smith",NA,"Q","WR",3500,"SF","@ATL",19,"ATL by 13.5","13%","-6%","7%",0,0,0,0,0,0,0,0,0,0,3.3,4.1,4.4,0.4,5.4,7,3.8,5.4,5.4,-0.4,11.1,8.4,2.4,0,0
"Rex Burkhead",NA,"","RB",3500,"CIN","PIT",21.3,"PIT by 3","4%","-16%","16%",0,0,0,0,0,7.3,3.5,5.4,0.1,5.4,3,1.4,2.1,0.1,7,12,7.5,3.9,3.9,0.4,7.3,6.4,1.8,7,2
"Christine Michael",NA,"","RB",3500,"GB","@CHI",22.8,"GB by 4.5","-9%","0%","-20%",0,0,0,0,0,6.7,11.4,7.7,1.7,3.9,0,2.2,0.6,0.2,3.7,14,2,10.5,10.5,1.7,19.4,5.4,1.5,10.5,3
"Marquess Wilson",NA,"O","WR",3400,"CHI","GB",18.3,"GB by 4.5","5%","-10%","4%",0,0,0,0,0,0,0,0,0,0,5.3,5.3,0,0.7,10,0,11.3,11.3,11.3,-4.6,27.2,0,0,0,0
"Russell Shepard",NA,"","WR",3400,"TB","@DAL",20.5,"DAL by 7","8%","-23%","8%",0,0,0,0,0,0,0.1,0,0,9,2.7,2.5,3.7,0.6,9.3,6,3.2,5.3,5.3,-0.4,11,4.5,1.3,2.9,0.9
"Allen Hurns",NA,"Q","WR",3400,"JAX","@HOU",18,"HOU by 3.5","-13%","-2%","-10%",0,0,0,0,0,0,0,0,0,0,5.3,6.9,5.7,1.1,6.3,10,4.5,9.2,9.2,2.9,15.4,8.9,2.6,0,0
"Matt Asiata",0,"","RB",3400,"MIN","IND",24.8,"MIN by 5","7%","7%","8%",0,0,0,0,0,7.3,8.2,5.7,2.5,3.3,2,2.3,1.7,0.2,6.1,12,9.6,8.7,8.7,3.6,13.9,6.3,1.9,3,0.9
"Jeremy Kerley",0,"","WR",3400,"SF","@ATL",19,"ATL by 13.5","13%","-6%","7%",0,0,0,0,0,0,0,0,0,0,4.7,6.9,6.8,0.5,5.7,11,5.7,9.2,9.2,0.8,17.6,10.9,3.2,7.8,2.3
"Aldrick Robinson",1,"","WR",3400,"ATL","SF",32.5,"ATL by 13.5","-1%","59%","8%",0,0,0,0,0,0,0,0,0,0,3.3,2.4,4,0.3,6.7,6,6.1,4.1,4.1,-0.6,8.8,8.7,2.6,18.1,5.3
"DeAndre Washington",NA,"","RB",3400,"OAK","@SD",26,"OAK by 2.5","7%","-14%","13%",0,0,0,0,0,5.3,6.3,0,0.4,4.8,0.7,1.7,0,0.1,4.2,0,2.6,4.9,4.9,2.1,7.7,0,0,4.4,1.3
"Matt Jones",NA,"","RB",3400,"WAS","CAR",28.8,"WAS by 7","13%","-16%","-7%",0,0,0,0,0,13.3,14.1,0,2.4,4.6,0.7,1.1,0,0,9.1,0,10.3,11.9,11.9,3,20.8,0,0,0,0
"Devin Funchess",2,"","WR",3400,"CAR","@WAS",21.8,"WAS by 7","7%","5%","-1%",0,0,0,0,0,0,0,0,0,0,3.7,4.2,4.1,0.8,7.2,7,7.2,7,7,2.6,11.5,5.9,1.7,0,0
"Jason Witten",4,"","TE",3400,"DAL","TB",27.5,"DAL by 7","3%","3%","-5%",0,0,0,0,0,0,0,0,0,0,5.7,6.7,5.4,1.3,7.2,9,7.2,10.7,10.7,3.9,17.6,10.5,3.1,14.1,4.1
"James Starks",NA,"Q","RB",3300,"GB","@CHI",22.8,"GB by 4.5","-9%","0%","-20%",0,0,0,0,0,7.7,7,0,0.8,2.3,1.7,2.8,0,0.2,5.4,0,4.1,6.5,6.5,0,13.1,0,0,0,0
"Josh Bellamy",0,"","WR",3300,"CHI","GB",18.3,"GB by 4.5","5%","-10%","4%",0,0,0,0,0,0.3,0.2,0,0,9.5,7.3,3.2,4,0.2,8.2,7,10,4.5,4.5,-0.1,9.1,6.5,2,8,2.4
"Paul Turner",NA,"","WR",3300,"PHI","@BAL",18,"BAL by 5","-2%","-30%","7%",0,0,0,0,0,0,0,0,0,0,5,5,0,0,9.6,0,8.3,8.3,8.3,0.2,16.4,0,0,0,0
"Dennis Pitta",0,"","TE",3300,"BAL","PHI",23,"BAL by 5","-1%","-6%","-45%",0,0,0,0,0,0,0,0,0,0,7,7.1,5.1,0.7,5.9,8,13.7,10.3,10.3,2.9,17.7,8.1,2.5,3.6,1.1
"Tajae Sharpe",1,"","WR",3300,"TEN","@KC",18.5,"KC by 6","2%","15%","16%",0,0,0,0,0,0,0.1,0,0.1,1,3.7,5.3,4.4,0.3,6.7,7,6.6,7.3,7.3,1.5,13.1,8.1,2.5,3,0.9
"Victor Cruz",NA,"","WR",3300,"NYG","DET",23.3,"NYG by 4","2%","-9%","-2%",0,0,0,0,0,0,0,0,0,0,3.7,4.8,4.6,0.5,8.8,8,4,7.2,7.2,2.9,11.6,7.8,2.4,3.9,1.2
"Robert Turbin",NA,"","RB",3300,"IND","@MIN",19.8,"MIN by 5","-14%","-5%","-11%",0,0,0,0,0,3.7,2.6,2,1.1,3.2,3.3,2.3,2.7,0.3,4.7,8,6.6,5.6,5.6,3.7,7.5,4.9,1.5,19.4,5.9
"Justin Hardy",1,"","WR",3300,"ATL","SF",32.5,"ATL by 13.5","-1%","59%","8%",0,0,0,0,0,0,0,0,0,0,3,2.2,2.9,0.6,6.5,4,6,4.8,4.8,1.1,8.6,5.8,1.8,2.6,0.8
"Danny Amendola",NA,"O","WR",3300,"NE","@DEN",23.3,"NE by 3","-22%","18%","-37%",0,0,0,0,0,0,0,0.3,0,0,2.7,2.4,0,0.6,8.4,0,5.3,5.9,5.9,0.2,11.5,0,0,0,0
"Benny Cunningham",NA,"","RB",3200,"LA","@SEA",12.3,"SEA by 15","-4%","-8%","-19%",0,0,0,0,0,1,1.9,2.4,0.3,4.8,1,1.9,2.8,0.2,4.3,9,1.2,3.2,3.2,0.2,6.2,6.3,2,0,0
"Terrance Williams",1,"","WR",3200,"DAL","TB",27.5,"DAL by 7","3%","3%","0%",0,0,0,0,0,0,0,0,0,0,3.7,4,4,0.3,9.8,6,10,8.2,8.2,2.7,13.6,7.9,2.5,6,1.9
"Denard Robinson",NA,"Q","RB",3200,"JAX","@HOU",18,"HOU by 3.5","-13%","-2%","1%",0,0,0,0,0,11,6.2,0.9,0,3.4,0.7,0.7,0.4,0.2,5.5,2,4.9,3,3,0.3,5.6,1.1,0.3,0,0
"Duke Johnson",0,"","RB",3200,"CLE","@BUF",16.5,"BUF by 10.5","-4%","17%","7%",0.3,0.1,0,0,0,3.7,4.7,5.3,0.4,5,3.7,5,3.3,0.5,6.6,16,7,9.6,9.6,5.2,14,9,2.8,14.3,4.5
"Kendall Wright",NA,"","WR",3200,"TEN","@KC",18.5,"KC by 6","2%","15%","16%",0,0,0,0,0,0,0.1,0,0,15,3.3,4.1,4.4,0.3,10.2,7,6,9.5,9.5,-0.3,19.3,7.5,2.3,3.9,1.2
"Albert Wilson",NA,"","WR",3200,"KC","TEN",24.5,"KC by 6","14%","-19%","20%",0,0,0,0,0,0.3,0.2,0,0.1,25,3.7,4.4,1.7,0.5,4.9,3,7.6,6.9,6.9,0.6,13.1,2.8,0.9,0,0
"Cordarrelle Patterson",0,"","WR",3200,"MIN","IND",24.8,"MIN by 5","7%","7%","-1%",0,0,0,0,0,1,0.5,0.5,0,6.1,4,4.3,4.2,0.5,6.3,8,5.7,7.8,7.8,1.9,13.7,7.7,2.4,9.9,3.1
"Coby Fleener",2,"","TE",3200,"NO","@ARI",22.8,"ARI by 3","-15%","-10%","-51%",0,0,0,0,0,0,0.1,0,0.1,2,4.7,5.2,5.2,1,8.1,8,8.4,9.7,9.7,1.5,17.8,8.6,2.7,3,0.9
"Quinton Patton",1,"O","WR",3200,"SF","@ATL",19,"ATL by 13.5","13%","-6%","7%",0,0,0,0,0,0,0,0,0,0,4,5.1,6.8,0.3,6.6,11,4.3,6.5,6.5,1.5,11.6,0,0,2.3,0.7
"Jalen Richard",NA,"","RB",3200,"OAK","@SD",26,"OAK by 2.5","7%","-14%","13%",0,0,0,0,0,7.3,5.2,5.6,0.2,5.7,1.3,2.3,2.2,0.3,5.8,12,3.5,6.8,6.8,1.3,12.4,6.5,2,8.9,2.8
"Brian Quick",NA,"","WR",3100,"LA","@SEA",12.3,"SEA by 15","-4%","-8%","3%",0,0,0,0,0,0,0,0,0,0,4.7,4.7,4.5,0.4,8.2,8,4.4,8,8,2.3,13.7,6.2,2,7.6,2.5
"Marquise Goodwin",NA,"","WR",3100,"BUF","CLE",27,"BUF by 10.5","2%","36%","3%",0,0,0,0,0,0,0,0,0,0,4.7,4.9,2.8,0.5,6.7,4,3.6,7.4,7.4,0.2,14.6,5.3,1.7,7.3,2.4
"Breshad Perriman",1,"","WR",3100,"BAL","PHI",23,"BAL by 5","-1%","-6%","9%",0,0,0,0,0,0,0.1,0.2,0,2,3.3,4.3,3,0.3,7.8,5,10.2,7.1,7.1,3,11.1,5.1,1.6,0,0
"Nelson Agholor",NA,"","WR",3100,"PHI","@BAL",18,"BAL by 5","-2%","-30%","7%",0,0,0,0,0,0.3,0.2,0,0,4.5,4,5,3.3,1.2,5.2,6,4.3,6.1,6.1,2.4,9.7,5,1.6,2,0.6
"Chris Conley",NA,"","WR",3100,"KC","TEN",24.5,"KC by 6","14%","-19%","20%",0,0,0,0,0,0,0,0,0,0,3,4.5,4.5,0.8,7.8,7,4.9,6.2,6.2,2.9,9.5,6.2,2,3.1,1
"Vance McDonald",NA,"","TE",3100,"SF","@ATL",19,"ATL by 13.5","13%","-6%","24%",0,0,0,0,0,0,0,0,0,0,6,4.5,0,0.6,8.7,0,8.8,8.7,8.7,3.4,14,0,0,0,0
"Eddie Royal",NA,"O","WR",3100,"CHI","GB",18.3,"GB by 4.5","5%","-10%","4%",0,0,0,0,0,0,0,0,0,0,2,4.8,0,0.8,8.6,0,2.4,10.1,10.1,1.7,18.5,0,0,0,0
"Marcel Reece",NA,"","RB",3000,"SEA","LA",27.3,"SEA by 15","-5%","3%","2%",0,0,0,0,0,0,0,1.3,0,0,2,2,1.4,0,19,5,5.8,5.8,5.8,5.8,5.8,3.1,1,1.9,0.6
"Chase Reynolds",NA,"","RB",3000,"LA","@SEA",12.3,"SEA by 15","-4%","-8%","-19%",0,0,0,0,0,0,0,0,0,0,0,0,0,0,0,0,0,0,0,0,0,0,0,0,0
"Will Tukuafu",NA,"","RB",3000,"SEA","LA",27.3,"SEA by 15","-5%","3%","2%",0,0,0,0,0,0.7,0.7,0,0,1,0.3,0.3,0,0.3,0,0,0.1,0.1,0.1,0,0.2,0,0,0,0
"Malcolm Brown",NA,"","RB",3000,"LA","@SEA",12.3,"SEA by 15","-4%","-8%","-19%",0,0,0,0,0,2.7,2.2,0.7,0,2.7,0,0.4,0,0,17,1,0.4,1.5,1.5,-0.1,3,0,0,1.8,0.6
"Troymaine Pope",NA,"","RB",3000,"SEA","LA",27.3,"SEA by 15","-5%","3%","2%",0,0,0,0,0,3.7,3,0,0.5,3.7,0.7,0.5,0,0,2.5,0,1.9,1.5,1.5,-0.5,3.4,0,0,0,0
"Alex Collins",NA,"","RB",3000,"SEA","LA",27.3,"SEA by 15","-5%","3%","2%",0,0,0,0,0,3,2.4,3.2,0.3,2.5,1,0.9,0.9,0,10.2,7,2.7,3,3,-0.7,6.8,3.1,1,0,0
"Jermaine Kearse",0,"","WR",3000,"SEA","LA",27.3,"SEA by 15","-5%","3%","14%",0,0,0,0,0,0,0,0,0,0,6.7,5.5,5.2,0.8,6,9,5.4,6,6,2.8,9.2,9.7,3.2,0,0
"Paul Richardson",NA,"","WR",3000,"SEA","LA",27.3,"SEA by 15","-5%","3%","14%",0,0,0,0,0,0,0,0,0,0,3,2.4,1.6,0.3,8.6,3,3.8,3.4,3.4,1.1,5.7,4,1.3,0,0
"Tanner McEvoy",NA,"","WR",3000,"SEA","LA",27.3,"SEA by 15","-5%","3%","14%",0.3,0.1,0,0,43,0,0,0,0,0,1.7,1.3,0,0,13.8,0,5.7,4.7,4.7,-0.4,9.9,0,0,0,0
"Bradley Marquez",NA,"Q","WR",3000,"LA","@SEA",12.3,"SEA by 15","-4%","-8%","3%",0,0,0,0,0,0,0.1,0,0,2,1,1,0.3,0.1,5.3,1,0.7,1,1,-0.2,2.2,0,0,0,0
"Pharoh Cooper",NA,"","WR",3000,"LA","@SEA",12.3,"SEA by 15","-4%","-8%","3%",0,0,0,0,0,0,0,0,0,0,2.7,1.8,0.9,0,4.5,2,3,2,2,0.3,3.7,1.6,0.5,5.1,1.7
"Mike Thomas",NA,"","WR",3000,"LA","@SEA",12.3,"SEA by 15","-4%","-8%","3%",0,0,0,0,0,0,0,0,0,0,1,0.8,0.3,0.2,4,1,0.5,0.3,0.3,-0.4,1,0,0,1.6,0.5
"Brandon Wilds",NA,"","RB",3000,"NYJ","MIA",18.5,"MIA by 2.5","-3%","25%","-5%",0,0,0,0,0,2,2,1.1,0,2,0,0,0.5,0,0,3,0.4,0.4,0.4,0.4,0.4,1.3,0.4,0,0
"Kenyan Drake",NA,"","RB",3000,"MIA","@NYJ",21,"MIA by 2.5","3%","-5%","4%",0,0,0,0,0,1,2,0.8,0.2,4.8,0.7,1,0.7,0.1,4.6,3,1.5,3.5,3.5,0.2,6.9,1.4,0.5,1.6,0.5
"Khiry Robinson",NA,"Q","RB",3000,"NYJ","MIA",18.5,"MIA by 2.5","-3%","25%","-5%",0,0,0,0,0,0,0,2.3,0,0,0,0,0.9,0,0,5,0,0,0,0,0,3,1,0,0
"Rashawn Scott",NA,"","WR",3000,"MIA","@NYJ",21,"MIA by 2.5","3%","-5%","6%",0,0,0,0,0,0,0,0,0,0,0,0,0,0,0,0,0,0,0,0,0,0,0,0,0
"Charone Peake",NA,"","WR",3000,"NYJ","MIA",18.5,"MIA by 2.5","-3%","25%","2%",0,0,0,0,0,0,0,0,0,0,2,2.9,2.5,0,5.2,4,1.6,4,4,-0.3,8.2,3.8,1.3,3.8,1.3
"Jakeem Grant",NA,"","WR",3000,"MIA","@NYJ",21,"MIA by 2.5","3%","-5%","6%",0,0,0,0,0,0,0,0,0,0,0,0.1,0,0,0,0,0,0.5,0.5,-1.4,2.3,0,0,0,0
"Devin Smith",NA,"","WR",3000,"NYJ","MIA",18.5,"MIA by 2.5","-3%","25%","2%",0,0,0,0,0,0,0,0,0,0,0,0,0,0,0,0,0,0,0,0,0,0,0,0,0
"Leonte Carroo",NA,"","WR",3000,"MIA","@NYJ",21,"MIA by 2.5","3%","-5%","6%",0,0,0,0,0,0,0,0,0,0,1,1.2,0.6,0.4,4.8,1,2.8,2.4,2.4,-1.3,6.1,0,0,0,0
"Jalin Marshall",NA,"","WR",3000,"NYJ","MIA",18.5,"MIA by 2.5","-3%","25%","2%",0,0,0,0,0,0,0,0,0,0,2.3,2,0,0.2,7.8,0,5.8,3.2,3.2,-1.7,8.1,0,0,0,0
"Ka'Deem Carey",NA,"","RB",3000,"CHI","GB",18.3,"GB by 4.5","5%","-10%","-8%",0,0,0,0,0,1.3,3.1,1.9,0.2,4,0.7,0.7,0.7,0.1,7.9,5,1.3,2.3,2.3,0.1,4.5,2.3,0.8,0.1,0
"Aaron Ripkowski",NA,"","RB",3000,"GB","@CHI",22.8,"GB by 4.5","-9%","0%","-20%",0,0,0,0,0,3,2.8,1.4,0.9,3.6,1.3,0.9,0.6,0.2,3.9,3,6.2,3.4,3.4,0,6.9,2.6,0.9,0,0
"Joe Kerridge",NA,"","RB",3000,"GB","@CHI",22.8,"GB by 4.5","-9%","0%","-20%",0,0,0,0,0,0,0,0,0,0,0,0,0,0,0,0,0,0,0,0,0,0,0,0,0
"Paul Lasike",NA,"","RB",3000,"CHI","GB",18.3,"GB by 4.5","5%","-10%","-8%",0,0,0,0,0,0.3,0.6,0,0,2.7,0.3,0.2,0,0.2,3,0,0.6,0.4,0.4,-0.1,0.9,0,0,0,0
"Deonte Thompson",NA,"","WR",3000,"CHI","GB",18.3,"GB by 4.5","5%","-10%","4%",0,0,0,0,0,0,0,0,0,0,5.3,1.7,1.7,0.3,5.3,3,7.7,2.2,2.2,-2.2,6.6,4.2,1.4,22,7.3
"Trevor Davis",NA,"","WR",3000,"GB","@CHI",22.8,"GB by 4.5","-9%","0%","6%",0,0,0,0,0,0,0,0,0,0,1.7,0.9,0,0.3,3.4,0,3.5,1.3,1.3,-2.8,5.4,0,0,0,0
"Daniel Braverman",NA,"","WR",3000,"CHI","GB",18.3,"GB by 4.5","5%","-10%","4%",0,0,0,0,0,0,0,0,0,0,1,1,0,0,0,0,0,0,0,0,0,0,0,0,0
"Jeff Janis",NA,"","WR",3000,"GB","@CHI",22.8,"GB by 4.5","-9%","0%","6%",0,0,0,0,0,0.7,0.2,0,0.1,19,0.3,1.8,0.7,0.2,4.7,1,3.8,3.4,3.4,-0.7,7.5,1.3,0.4,0,0
"Geronimo Allison",NA,"","WR",3000,"GB","@CHI",22.8,"GB by 4.5","-9%","0%","6%",0,0,0,0,0,0,0,0,0,0,1.3,2,0,0.8,4.8,0,0.9,3.2,3.2,-1.6,8,0,0,1.7,0.6
"Darren McFadden",NA,"","RB",3000,"DAL","TB",27.5,"DAL by 7","3%","3%","-3%",0,0,0,0,0,0,0,0,0,0,0,0,0,0,0,0,0,0,0,0,0,0,0,1.8,0.6
"Lance Dunbar",NA,"","RB",3000,"DAL","TB",27.5,"DAL by 7","3%","3%","-3%",0,0,0,0,0,0,0.7,0.9,0.3,1.8,2,1.8,0.7,0.1,5.2,3,1.8,2.9,2.9,0.7,5.1,2.4,0.8,4,1.3
"Keith Smith",NA,"","RB",3000,"DAL","TB",27.5,"DAL by 7","3%","3%","-3%",0,0,0,0,0,0.3,0.5,0,0,2.5,1,0.8,0,0,6.7,0,1.7,1.4,1.4,0.4,2.3,0,0,0,0
"Darius Jackson",NA,"","RB",3000,"DAL","TB",27.5,"DAL by 7","3%","3%","-3%",0,0,0,0,0,0,0,0,0,0,0,0,0,0,0,0,0,0,0,0,0,0,0,0,0
"Peyton Barber",NA,"","RB",3000,"TB","@DAL",20.5,"DAL by 7","8%","-23%","-18%",0,0,0,0,0,3.7,6.3,0,0.9,4.1,0.3,0.8,0,0.4,4.7,0,1.9,4.3,4.3,-0.8,9.4,0,0,0,0
"Brice Butler",NA,"","WR",3000,"DAL","TB",27.5,"DAL by 7","3%","3%","0%",0,0,0,0,0,0,0,0,0,0,1.7,2.5,1.1,0.5,6.2,2,2.3,3.9,3.9,-0.9,8.6,1.9,0.6,3.1,1
"Josh Huff",NA,"","WR",3000,"TB","@DAL",20.5,"DAL by 7","8%","-23%","8%",0.3,0.1,0,0,0,0.3,0.5,0,0.1,3.8,2.3,2.4,0.4,0.5,4.7,1,6.3,4.5,4.5,-0.6,9.7,0,0,0,0
"Freddie Martino",NA,"","WR",3000,"TB","@DAL",20.5,"DAL by 7","8%","-23%","8%",0,0,0,0,0,0,0,0,0,0,2,1.8,2.9,0,12,5,7,4.6,4.6,-0.9,10,5.1,1.7,3.5,1.2
"Lucky Whitehead",NA,"","WR",3000,"DAL","TB",27.5,"DAL by 7","3%","3%","0%",0,0,0,0,0,0.7,0.7,0.3,0,10.8,0,0.2,0.3,0,20,1,0.4,1.1,1.1,-0.9,3.1,0,0,-0.4,-0.1
"Vince Mayle",NA,"","WR",3000,"DAL","TB",27.5,"DAL by 7","3%","3%","0%",0,0,0,0,0,0,0,0,0,0,0,0,0,0,0,0,0,0,0,0,0,0,0,0,0
"Donteea Dye",NA,"","WR",3000,"TB","@DAL",20.5,"DAL by 7","8%","-23%","8%",0,0,0,0,0,0,0,0,0,0,0,0,0,0,0,0,0,0,0,0,0,0,0,0,0
"Jonathan Grimes",NA,"","RB",3000,"HOU","JAX",21.5,"HOU by 3.5","-17%","5%","-2%",0,0,0,0,0,2.7,2.3,2.9,0.2,6.1,1,1.7,0.3,0.3,4.9,5,3.5,3.4,3.4,1,5.8,2.1,0.7,3.5,1.2
"Jay Prosch",NA,"","RB",3000,"HOU","JAX",21.5,"HOU by 3.5","-17%","5%","-2%",0,0,0,0,0,0.7,0.8,0.3,0,1.3,0.3,0.3,0.7,0,6,2,0.6,0.5,0.5,-0.2,1.2,1.1,0.4,0,0
"Corey Grant",NA,"","RB",3000,"JAX","@HOU",18,"HOU by 3.5","-13%","-2%","1%",0,0,0,0,0,1.7,0.7,0.2,0,3,0.3,0.3,0,0.1,7.5,0,0.5,1.4,1.4,-1.7,4.6,0,0,0,0
"Tyler Ervin",NA,"","RB",3000,"HOU","JAX",21.5,"HOU by 3.5","-17%","5%","-2%",0,0,0,0,0,0,0.1,0,0,3,0,0.5,0,0.1,3.6,0,-0.3,0.3,0.3,-0.7,1.4,0,0,0,0
"Bronson Hill",NA,"","RB",3000,"JAX","@HOU",18,"HOU by 3.5","-13%","-2%","1%",0,0,0,0,0,0,0,0,0,0,0,0,0,0,0,0,0,0,0,0,0,0,0,0,0
"Akeem Hunt",NA,"","RB",3000,"HOU","JAX",21.5,"HOU by 3.5","-17%","5%","-2%",0,0,0,0,0,1,3.2,0,0.6,5.5,0,0.4,0,0,0.5,0,1.3,2,2,-0.6,4.6,0,0,1.5,0.5
"Bryan Walters",NA,"","WR",3000,"JAX","@HOU",18,"HOU by 3.5","-13%","-2%","-10%",0,0,0,0,0,0,0,0,0,0,3.3,2,0.7,0.4,5.4,1,6.4,3.9,3.9,-1.7,9.6,1.6,0.5,4.6,1.5
"Arrelious Benn",NA,"","WR",3000,"JAX","@HOU",18,"HOU by 3.5","-13%","-2%","-10%",0,0,0,0,0,0,0,0,0,0,0.7,1.1,1,0.1,11.6,2,0.9,2.5,2.5,-1.4,6.5,1.6,0.5,0,0
"Keith Mumphery",NA,"","WR",3000,"HOU","JAX",21.5,"HOU by 3.5","-17%","5%","-10%",0,0,0,0,0,0,0,0,0,0,2,2,3.8,0.5,7,6,3.4,3.4,3.4,3.1,3.7,5.2,1.7,2.1,0.7
"Braxton Miller",NA,"","WR",3000,"HOU","JAX",21.5,"HOU by 3.5","-17%","5%","-10%",0,0,0,0,0,0.7,0.3,0,0.2,0,4,2.8,0,0.9,3.5,0,5.3,3.1,3.1,-0.9,7.1,0,0,0,0
"Shane Wynn",NA,"","WR",3000,"JAX","@HOU",18,"HOU by 3.5","-13%","-2%","-10%",0,0,0,0,0,1,1,0,0,2.5,1.5,1.5,0,0,6.3,0,1.7,1.7,1.7,0,3.4,0,0,0,0
"Reggie Bush",NA,"","RB",3000,"BUF","CLE",27,"BUF by 10.5","2%","36%","22%",0,0,0,0,0,0.7,1.2,1.9,0.2,0.5,0.7,1.1,1.1,0.1,9,5,1.6,2.7,2.7,-0.8,6.2,2.5,0.8,0,0
"Jerome Felton",NA,"","RB",3000,"BUF","CLE",27,"BUF by 10.5","2%","36%","22%",0,0,0,0,0,1,0.7,0,0.2,2,0.3,0.7,0,0,5.2,0,0.1,0.8,0.8,-0.7,2.3,0,0,2.2,0.7
"George Atkinson",NA,"","RB",3000,"CLE","@BUF",16.5,"BUF by 10.5","-4%","17%","7%",0,0,0,0,0,0,0,0,0,0,0,0,0,0,0,0,0,0,0,0,0,0,0,0,0
"Jonathan Williams",NA,"","RB",3000,"BUF","CLE",27,"BUF by 10.5","2%","36%","22%",0.3,0.2,0,0,0,2.3,3.3,0.6,0.5,3.6,0.7,0.3,0.3,0,0,1,1.6,2.2,2.2,-0.5,5,0,0,1,0.3
"Andrew Hawkins",NA,"","WR",3000,"CLE","@BUF",16.5,"BUF by 10.5","-4%","17%","-6%",0,0,0,0,0,0,0.2,0.2,0,0,1.3,3.5,2.9,0.7,5.8,6,1.5,5.4,5.4,-0.7,11.5,5.1,1.7,4.3,1.4
"Brandon Tate",NA,"","WR",3000,"BUF","CLE",27,"BUF by 10.5","2%","36%","3%",0,0,0,0,0,0,0.2,0,0,9,0.7,0.9,0.3,0,10.6,0,1.4,1.8,1.8,-0.7,4.3,0,0,3,1
"Justin Hunter",NA,"","WR",3000,"BUF","CLE",27,"BUF by 10.5","2%","36%","3%",0,0,0,0,0,0,0,0,0,0,2,2.6,1.3,0.6,6.1,2,6.4,6.1,6.1,3.1,9.2,2.3,0.8,2.6,0.9
"Dezmin Lewis",NA,"","WR",3000,"BUF","CLE",27,"BUF by 10.5","2%","36%","3%",0,0,0,0,0,0,0,0,0,0,1,1,0,0,0,0,0,0,0,0,0,0,0,0,0
"Ricardo Louis",NA,"","WR",3000,"CLE","@BUF",16.5,"BUF by 10.5","-4%","17%","-6%",0,0,0,0,0,0,0,0,0,0,0.3,3.1,0,0.3,5.4,0,0,3.1,3.1,-0.7,7,0,0,0,0
"Rashard Higgins",NA,"","WR",3000,"CLE","@BUF",16.5,"BUF by 10.5","-4%","17%","-6%",0,0,0,0,0,0,0,0,0,0,1.3,1.3,0.9,0.3,7.7,2,2.5,1.7,1.7,-0.4,3.8,1.4,0.5,0,0
"Gary Barnidge",NA,"","TE",3000,"CLE","@BUF",16.5,"BUF by 10.5","-4%","17%","-11%",0,0,0,0,0,0,0,0,0,0,4.3,5.2,4.4,0.3,7.4,8,6,7.7,7.7,3.2,12.3,7.5,2.5,5.5,1.8
"Kyle Juszczyk",NA,"","RB",3000,"BAL","PHI",23,"BAL by 5","-1%","-6%","-7%",0,0,0,0,0,0,0.2,0,0,2.3,3,3.1,2.1,0.4,6,3,4.7,4.4,4.4,1.2,7.6,3.6,1.2,4.5,1.5
"Javorius Allen",NA,"","RB",3000,"BAL","PHI",23,"BAL by 5","-1%","-6%","-7%",0,0,0,0,0,3,3,1.4,0.3,3.8,1.3,1.3,0,0.3,3.8,2,2.6,2.6,2.6,0.4,4.9,0,0,0,0
"Lorenzo Taliaferro",NA,"","RB",3000,"BAL","PHI",23,"BAL by 5","-1%","-6%","-7%",0,0,0,0,0,1,1,0,0,0,3,3,0,0,3.3,0,4,4,4,4,4,0,0,0,0
"Devin Hester",NA,"","WR",3000,"BAL","PHI",23,"BAL by 5","-1%","-6%","9%",0,0,0,0,0,0,0,0,0,0,0,0,0,0,0,0,0,-0.1,-0.1,-0.4,0.2,0,0,0,0
"Kamar Aiken",NA,"","WR",3000,"BAL","PHI",23,"BAL by 5","-1%","-6%","9%",0,0,0,0,0,0,0,0,0,0,3,3.3,3,0.2,6.7,5,4.7,4.1,4.1,0.9,7.4,5.1,1.7,9.9,3.3
"Chris Moore",NA,"","WR",3000,"BAL","PHI",23,"BAL by 5","-1%","-6%","9%",0,0,0,0,0,0.7,0.3,0,0,6.3,1,1.6,0.3,0,2.9,0,1.1,1.9,1.9,-0.7,4.6,0,0,0,0
"Bryce Treggs",NA,"","WR",3000,"PHI","@BAL",18,"BAL by 5","-2%","-30%","7%",0,0,0,0,0,0.3,0.3,0,0,3,3,3,1,0,8.9,2,3.8,3.8,3.8,-0.8,8.4,2,0.7,0.4,0.1
"Anthony Sherman",NA,"","RB",3000,"KC","TEN",24.5,"KC by 6","14%","-19%","-18%",0,0,0,0,0,0,0,0,0,0,1,1,0.3,0,2.3,0,0.9,1,1,0.3,1.7,0,0,0,0
"Knile Davis",NA,"","RB",3000,"KC","TEN",24.5,"KC by 6","14%","-19%","-18%",0,0,0,0,0,1,1.5,0,0.3,1.6,0,0.8,0,0,4.2,0,0.2,1.2,1.2,-0.3,2.6,0,0,0,0
"Jalston Fowler",NA,"","RB",3000,"TEN","@KC",18.5,"KC by 6","2%","15%","-6%",0,0,0,0,0,0,0,0,0,0,1,1,0,0.5,7,0,1.2,1.2,1.2,-0.5,2.9,0,0,0.3,0.1
"David Fluellen",NA,"","RB",3000,"TEN","@KC",18.5,"KC by 6","2%","15%","-6%",0,0,0,0,0,0,0,0,0,0,0,0,0,0,0,0,0,0,0,0,0,0,0,0,0
"Antonio Andrews",NA,"","RB",3000,"TEN","@KC",18.5,"KC by 6","2%","15%","-6%",0,0,0,0,0,0.7,0.7,0.9,0,7.5,0,0,0.3,0,0,2,0.5,0.5,0.5,-0.4,1.4,1,0.3,0,0
"Harry Douglas",NA,"","WR",3000,"TEN","@KC",18.5,"KC by 6","2%","15%","16%",0,0,0,0,0,0,0,0,0,0,1.7,2.7,0.5,0.5,10.1,1,3.8,4.4,4.4,1.7,7,0,0,0,0
"Marc Mariani",NA,"","WR",3000,"TEN","@KC",18.5,"KC by 6","2%","15%","16%",0,0,0,0,0,0,0,0,0,0,0,0,0,0,0,0,0,0,0,0,0,0,0,0,0
"Tre McBride",NA,"","WR",3000,"TEN","@KC",18.5,"KC by 6","2%","15%","16%",0,0,0,0,0,0,0,0,0,0,0,0,0,0,0,0,0,0,0,0,0,0,0,0,0
"De'Anthony Thomas",NA,"","WR",3000,"KC","TEN",24.5,"KC by 6","14%","-19%","20%",0,0,0,0,0,0.3,0.4,0,0,8.3,0.7,0.9,0,0,4.4,0,1.6,1.5,1.5,0.1,2.8,0,0,1.8,0.6
"Demarcus Robinson",NA,"","WR",3000,"KC","TEN",24.5,"KC by 6","14%","-19%","20%",0,0,0,0,0,0,0,0,0,0,0,0,0,0,0,0,0,0,0,0,0,0,0,0,0
"Bobby Rainey",NA,"","RB",3000,"NYG","DET",23.3,"NYG by 4","2%","-9%","-7%",0,0,0,0,0,0.3,1.9,0,0,3.7,0.3,2.4,0,0.1,6.2,0,0.3,4.1,4.1,-1.5,9.7,0,0,0,0
"Joique Bell",NA,"","RB",3000,"DET","@NYG",19.3,"NYG by 4","6%","-14%","-7%",0,0,0,0,0,1.5,1.5,1.5,0,2,0.5,0.5,1.4,0,-2,5,0.7,0.7,0.7,0.6,0.8,3.5,1.2,0,0
"Mike Burton",NA,"","RB",3000,"DET","@NYG",19.3,"NYG by 4","6%","-14%","-7%",0,0,0,0,0,0,0,0,0,0,1,1,0,0,0,0,0,0,0,0,0,0,0,0,0
"Zach Zenner",NA,"","RB",3000,"DET","@NYG",19.3,"NYG by 4","6%","-14%","-7%",0,0,0,0,0,5.7,6.6,7.8,0.9,3.5,0.7,1.3,2.7,0.1,7.8,17,3.5,5.1,5.1,1.7,8.4,8.7,2.9,9.4,3.1
"Dwayne Harris",NA,"","WR",3000,"NYG","DET",23.3,"NYG by 4","2%","-9%","-2%",0,0,0,0,0,0,0,0,0,0,0.3,0.1,0,0.1,13,0,2.8,0.6,0.6,-1.8,2.9,0,0,0,0
"Andre Roberts",NA,"","WR",3000,"DET","@NYG",19.3,"NYG by 4","6%","-14%","-5%",0,0,0,0,0,0,0,0,0,0,4.3,1.8,1.1,0.2,7.6,2,3.8,3.6,3.6,-0.2,7.5,1.7,0.6,0,0
"Tavarres King",NA,"","WR",3000,"NYG","DET",23.3,"NYG by 4","2%","-9%","-2%",0,0,0,0,0,0,0,0,0,0,1.5,1.5,0,1,2,0,0.8,0.8,0.8,-0.3,1.9,0,0,0,0
"T.J. Jones",NA,"","WR",3000,"DET","@NYG",19.3,"NYG by 4","6%","-14%","-5%",0,0,0,0,0,0,0,0,0,0,4,4,0.4,1,12.3,1,7.9,7.9,7.9,7.9,7.9,0,0,0,0
"Roger Lewis",NA,"","WR",3000,"NYG","DET",23.3,"NYG by 4","2%","-9%","-2%",0,0,0,0,0,0,0,0,0,0,2,2.3,0.7,0.1,5.4,1,1.5,3.6,3.6,-0.3,7.4,1.1,0.4,0,0
"Zach Line",NA,"Q","RB",3000,"MIN","IND",24.8,"MIN by 5","7%","7%","8%",0,0,0,0,0,0.7,1.2,0.5,0.2,2.1,0.7,0.5,0,0.5,0,1,0.2,0.3,0.3,0,0.5,0,0,0,0
"Jordan Todman",NA,"","RB",3000,"IND","@MIN",19.8,"MIN by 5","-14%","-5%","-11%",0,0,0,0,0,1.7,0.5,0,0,8,0,0.1,0,0,0,0,1.3,1,1,-1.1,3.1,0,0,1.9,0.6
"Josh Ferguson",NA,"","RB",3000,"IND","@MIN",19.8,"MIN by 5","-14%","-5%","-11%",0,0,0,0,0,1.7,1.2,1,0.5,1.5,0,2.4,0.5,0,5.2,2,0.4,3.2,3.2,-0.4,6.9,1.2,0.4,0.1,0
"Charles Johnson",NA,"","WR",3000,"MIN","IND",24.8,"MIN by 5","7%","7%","-1%",0,0,0,0,0,0,0,0,0,0,2.7,2.5,1,0.1,5.7,2,3.8,2.6,2.6,-0.3,5.5,1.8,0.6,10,3.3
"Jarius Wright",NA,"","WR",3000,"MIN","IND",24.8,"MIN by 5","7%","7%","-1%",0,0,0,0,0,0,0,0,0,0,2.5,2.5,0,0,8.2,0,4.5,4.5,4.5,0.8,8.3,0,0,1.2,0.4
"Chester Rogers",NA,"","WR",3000,"IND","@MIN",19.8,"MIN by 5","-14%","-5%","-20%",0,0,0,0,0,0,0,0,0,0,1,2,2.9,0.4,8,5,1,2.7,2.7,-0.8,6.2,6.5,2.2,5.4,1.8
"Laquon Treadwell",NA,"Q","WR",3000,"MIN","IND",24.8,"MIN by 5","7%","7%","-1%",0,0,0,0,0,0,0,0,0,0,1,1,0.3,0.3,5,0,0.8,0.8,0.8,-0.6,2.3,0,0,0,0
"John Kuhn",NA,"","RB",3000,"NO","@ARI",22.8,"ARI by 3","-15%","-10%","-26%",0,0,0,0,0,1.3,1.5,1.3,0.6,2.1,1.3,1.5,1.2,0.4,3.6,4,3.8,4.8,4.8,-1.2,10.7,2,0.7,2.2,0.7
"Travaris Cadet",NA,"","RB",3000,"NO","@ARI",22.8,"ARI by 3","-15%","-10%","-26%",0,0,0,0,0,0.3,0.3,0.8,0.1,1,4.7,3.8,0.4,0.6,5.2,2,7.3,5.3,5.3,1.5,9,1,0.3,15.6,5.2
"Stepfan Taylor",NA,"","RB",3000,"ARI","NO",25.8,"ARI by 3","10%","-8%","11%",0,0,0,0,0,2,2,0.3,0,3,0,0,0,0,0,0,0.6,0.6,0.6,-0.5,1.7,0,0,0,0
"Kerwynn Williams",NA,"","RB",3000,"ARI","NO",25.8,"ARI by 3","10%","-8%","11%",0,0,0,0,0,3,3,0,0,11.3,0,0,0,0,0,0,3.4,3.4,3.4,3.4,3.4,0,0,12.3,4.1
"Marcus Murphy",NA,"","RB",3000,"NO","@ARI",22.8,"ARI by 3","-15%","-10%","-26%",0,0,0,0,0,0,0,0,0,0,0.5,0.5,0,0,3,0,0.7,0.7,0.7,-0.3,1.6,0,0,0,0
"Daniel Lasco",NA,"Q","RB",3000,"NO","@ARI",22.8,"ARI by 3","-15%","-10%","-26%",0,0,0,0,0,3.7,3.7,0,1,2.9,1.3,1.3,0,0,2.8,0,2.1,2.1,2.1,1.4,2.8,0,0,0,0
"Brandon Coleman",NA,"","WR",3000,"NO","@ARI",22.8,"ARI by 3","-15%","-10%","0%",0,0,0,0,0,0,0,0,0,0,3.7,3.1,0.7,0.7,8,1,8.3,6.4,6.4,2.6,10.2,1.2,0.4,0,0
"Tommylee Lewis",NA,"","WR",3000,"NO","@ARI",22.8,"ARI by 3","-15%","-10%","0%",0,0,0,0,0,0.3,0.3,0,0.1,3.7,0.7,1.2,0.4,0,6.9,1,0.2,1.7,1.7,-0.8,4.3,0,0,0,0
"Brittan Golden",0,"","WR",3000,"ARI","NO",25.8,"ARI by 3","10%","-8%","3%",0,0,0,0,0,0,0,0,0,0,1.3,1,2.3,0.1,5.3,4,2.9,2,2,-1.2,5.1,4.8,1.6,3.3,1.1
"Marquis Bundy",NA,"","WR",3000,"ARI","NO",25.8,"ARI by 3","10%","-8%","3%",0,0,0,0,0,0,0,0,0,0,0,0,0,0,0,0,0,0,0,0,0,0,0,0,0
"Jake Lampman",NA,"","WR",3000,"NO","@ARI",22.8,"ARI by 3","-15%","-10%","0%",0,0,0,0,0,0,0,0,0,0,0,0,0,0,0,0,0,0,0,0,0,0,0,0,0
"Shaun Draughn",NA,"","RB",3000,"SF","@ATL",19,"ATL by 13.5","13%","-6%","24%",0,0,0,0,0,4,3.5,2.2,0.5,3.2,3,2.4,2.4,0.4,5.7,8,7.5,6.3,6.3,0.3,12.2,4.9,1.6,1.5,0.5
"Patrick DiMarco",NA,"","RB",3000,"ATL","SF",32.5,"ATL by 13.5","-1%","59%","46%",0,0,0,0,0,0,0,0.3,0,0,1,1.1,0.3,0.1,5.1,1,2.4,2.1,2.1,-0.2,4.3,0,0,0,0
"Terron Ward",NA,"","RB",3000,"ATL","SF",32.5,"ATL by 13.5","-1%","59%","46%",0,0,0,0,0,6.3,6.3,1,1.3,4,0.3,0.5,0,0.3,5.5,2,1.8,3,3,0.2,5.8,0,0,5.2,1.7
"Mike Davis",NA,"","RB",3000,"SF","@ATL",19,"ATL by 13.5","13%","-6%","24%",0,0,0,0,0,4.7,2.7,0,0.3,2.6,1.3,0.7,0,0.3,5,0,4.3,2.2,2.2,-0.6,5,0,0,0,0
"Eric Weems",NA,"","WR",3000,"ATL","SF",32.5,"ATL by 13.5","-1%","59%","8%",0,0,0,0,0,0,0,0,0,0,0,0,0,0,0,0,0,0,0,0,0,0,0,0,0
"Nick Williams",NA,"Q","WR",3000,"ATL","SF",32.5,"ATL by 13.5","-1%","59%","8%",0,0,0,0,0,0,0,0,0,0,5,5,0,1,9.8,0,8.9,8.9,8.9,8.9,8.9,0,0,0,0
"Rod Streater",NA,"","WR",3000,"SF","@ATL",19,"ATL by 13.5","13%","-6%","7%",0,0,0,0,0,0,0,0,0,0,2.3,1.6,1.7,0,7,3,3.4,2,2,-0.6,4.6,3.1,1,9.1,3
"Chris Harper",NA,"","WR",3000,"SF","@ATL",19,"ATL by 13.5","13%","-6%","7%",0,0,0,0,0,0,0,0,0,0,3.7,2.8,0,0,5.8,0,2.9,2.8,2.8,0.4,5.2,0,0,5.6,1.9
"Aaron Burbridge",NA,"","WR",3000,"SF","@ATL",19,"ATL by 13.5","13%","-6%","7%",0,0,0,0,0,0,0,0,0,0,1.7,1.6,1,0.4,2.5,2,0.5,0.6,0.6,-0.2,1.4,1.7,0.6,4.9,1.6
"Justin Forsett",2,"","RB",3000,"DEN","NE",20.3,"NE by 3","2%","-16%","-4%",0,0,0,0,0,6.3,8.3,10.3,0.8,3.1,2,3.5,2.4,0,3.3,21,4.3,6.4,6.4,3.2,9.5,8.7,2.9,9.3,3.1
"James Develin",NA,"","RB",3000,"NE","@DEN",23.3,"NE by 3","-22%","18%","4%",0,0,0,0,0,0,0,0,0,0,1.3,0.8,0,0,1.3,0,0.5,0.3,0.3,-0.4,1,0,0,2.3,0.8
"Brandon Bolden",NA,"","RB",3000,"NE","@DEN",23.3,"NE by 3","-22%","18%","4%",0,0,0,0,0,0,0.3,0,0,4,1.3,1,0,0,3.8,0,1.2,1,1,-0.7,2.7,0,0,0,0
"Juwan Thompson",NA,"","RB",3000,"DEN","NE",20.3,"NE by 3","2%","-16%","-4%",0,0,0,0,0,1.5,1.5,1.2,0.5,2,0,0,0.3,0,0,2,3.3,3.3,3.3,-0.7,7.3,1.1,0.4,0,0
"D.J. Foster",NA,"","RB",3000,"NE","@DEN",23.3,"NE by 3","-22%","18%","4%",0,0,0,0,0,2.3,2.3,0,0.3,3.4,0.7,0.7,0,0,1,0,1.2,1.2,1.2,0.2,2.2,0,0,0,0
"Matt Slater",NA,"","WR",3000,"NE","@DEN",23.3,"NE by 3","-22%","18%","-37%",0,0,0,0,0,0.3,0.3,0,0,5,0,0.3,0,0,0,0,-0.2,-0.1,-0.1,-0.8,0.5,0,0,0,0
"Jordan Norwood",NA,"","WR",3000,"DEN","NE",20.3,"NE by 3","2%","-16%","-7%",0,0,0,0,0,0,0.1,0,0,0,1.7,2.8,3,0.3,6.2,5,1.3,3.7,3.7,-0.6,8,5,1.7,0.2,0.1
"Griff Whalen",NA,"","WR",3000,"NE","@DEN",23.3,"NE by 3","-22%","18%","-37%",0,0,0,0,0,0,0,0,0,0,1,1,0,0.3,5.5,0,1.4,1.1,1.1,-0.2,2.3,0,0,0,0
"Bennie Fowler",NA,"","WR",3000,"DEN","NE",20.3,"NE by 3","2%","-16%","-7%",0,0,0,0,0,0,0,0,0,0,2.3,2.4,0,0.3,6.4,0,5.8,4,4,-1.2,9.2,0,0,0,0
"Jordan Taylor",NA,"","WR",3000,"DEN","NE",20.3,"NE by 3","2%","-16%","-7%",0,0,0,0,0,0,0,0,0,0,3.3,2.1,1.3,0.6,7.5,2,7.9,4.3,4.3,0.7,7.9,2.1,0.7,2.5,0.8
"Cody Latimer",NA,"","WR",3000,"DEN","NE",20.3,"NE by 3","2%","-16%","-7%",0,0,0,0,0,0,0,0,0,0,1,1.3,1.3,0.2,6,2,1.5,1.6,1.6,0.3,3,1.7,0.6,0,0
"Kalif Raymond",NA,"","WR",3000,"DEN","NE",20.3,"NE by 3","2%","-16%","-7%",0,0,0,0,0,0,0,0,0,0,0,0,0,0,0,0,0,0,0,0,0,0,0,0,0
"Taiwan Jones",NA,"","RB",3000,"OAK","@SD",26,"OAK by 2.5","7%","-14%","13%",0,0,0,0,0,0,0.1,1.8,0,-8,0.7,0.5,0.7,0,10.8,4,1.5,0.9,0.9,-0.4,2.2,2.5,0.8,0,0
"Ronnie Hillman",1,"","RB",3000,"SD","OAK",23.5,"OAK by 2.5","7%","12%","9%",0,0,0,0,0,4.3,3.6,7.9,0.2,2.8,0.3,1.4,1.7,0,6.1,16,2.8,2.7,2.7,-0.4,5.7,7.1,2.4,3.4,1.1
"Jamize Olawale",NA,"","RB",3000,"OAK","@SD",26,"OAK by 2.5","7%","-14%","13%",0,0,0,0,0,0.7,1.5,1.8,0.5,2.8,1.7,1.1,0.7,0.2,17.1,4,7.1,4.8,4.8,-0.7,10.3,2.4,0.8,2.2,0.7
"Derek Watt",NA,"","RB",3000,"SD","OAK",23.5,"OAK by 2.5","7%","12%","9%",0,0,0,0,0,0.3,0.4,0,0,2,0.7,0.6,0,0,22.3,0,2.8,2,2,-0.5,4.5,0,0,0,0
"Andre Holmes",NA,"","WR",3000,"OAK","@SD",26,"OAK by 2.5","7%","-14%","-4%",0,0,0,0,0,0,0,0,0,0,1,1.6,2.6,0.6,3.9,4,0,2.6,2.6,-0.6,5.9,4.4,1.5,3.3,1.1
"Geremy Davis",NA,"","WR",3000,"SD","OAK",23.5,"OAK by 2.5","7%","12%","6%",0,0,0,0,0,0,0,0,0,0,0,0,0,0,0,0,0,0,0,0,0,0,0,0,0
"Isaiah Burse",NA,"","WR",3000,"SD","OAK",23.5,"OAK by 2.5","7%","12%","6%",0,0,0,0,0,0,0,0,0,0,0,0.2,0,0,0,0,0,0,0,0,0,0,0,0,0
"Jeremy Butler",NA,"Q","WR",3000,"SD","OAK",23.5,"OAK by 2.5","7%","12%","6%",0,0,0,0,0,0,0,0,0,0,1,1,0.6,0.5,5.5,1,1.6,1.6,1.6,1.5,1.6,1.4,0.5,0,0
"Seth Roberts",5,"","WR",3000,"OAK","@SD",26,"OAK by 2.5","7%","-14%","-4%",0,0,0,0,0,0,0,0,0,0,6,5.2,3.9,1.4,5.1,6,7.7,7.8,7.8,3.6,12,6.9,2.3,4.7,1.6
"Johnny Holton",NA,"","WR",3000,"OAK","@SD",26,"OAK by 2.5","7%","-14%","-4%",0,0,0,0,0,1,1,0,0,8.6,0.3,0.4,0,0,17,0,2.2,1.9,1.9,0.3,3.6,0,0,0,0
"Cedric Peerman",NA,"","RB",3000,"CIN","PIT",21.3,"PIT by 3","4%","-16%","16%",0,0,0,0,0,0,0,0,0,0,0,0,0,0,0,0,0,0,0,0,0,0,0,0,0
"Roosevelt Nix",NA,"","RB",3000,"PIT","@CIN",24.3,"PIT by 3","-3%","11%","5%",0,0,0,0,0,0,0,0,0,0,0,0,0,0,0,0,0,0,0,0,0,0,0,0,0
"Daryl Richardson",NA,"","RB",3000,"PIT","@CIN",24.3,"PIT by 3","-3%","11%","5%",0,0,0,0,0,1,1,0,0.5,3.5,0,0,0,0,0,0,0.4,0.4,0.4,0,0.7,0,0,0,0
"Darrius Heyward-Bey",NA,"Q","WR",3000,"PIT","@CIN",24.3,"PIT by 3","-3%","11%","-17%",0,0,0,0,0,0.3,0.2,0,0,60,3.7,2.5,0.9,0.3,4.5,1,8,6,6,0,12,1.5,0.5,0,0
"Cobi Hamilton",NA,"","WR",3000,"PIT","@CIN",24.3,"PIT by 3","-3%","11%","-17%",0,0,0,0,0,0,0,0,0,0,2,2.6,2.5,0.3,7.3,4,2.4,4.2,4.2,0.6,7.8,4.3,1.4,3.1,1
"James Wright",NA,"","WR",3000,"CIN","PIT",21.3,"PIT by 3","4%","-16%","-10%",0,0,0,0,0,0,0.3,0,0.1,-3,3.7,2.1,3.9,0,5.5,6,4.5,2.5,2.5,0.6,4.3,6.8,2.3,1.5,0.5
"Sammie Coates",NA,"","WR",3000,"PIT","@CIN",24.3,"PIT by 3","-3%","11%","-17%",0,0,0,0,0,0,0.2,0,0,2.5,1.3,4.1,0.9,0.4,9.4,1,0,7.1,7.1,-3.5,17.7,1.8,0.6,2.9,1
"Alex Erickson",NA,"","WR",3000,"CIN","PIT",21.3,"PIT by 3","4%","-16%","-10%",0,0,0,0,0,0,0,0,0,0,1.3,0.5,0.9,0.1,9.4,1,2.3,0.9,0.9,-0.3,2.1,2.1,0.7,0,0
"Cody Core",NA,"","WR",3000,"CIN","PIT",21.3,"PIT by 3","4%","-16%","-10%",0,0,0,0,0,0,0,0,0,0,1.7,1.7,1.7,0,13.2,3,3.2,3.2,3.2,-0.9,7.3,3,1,3.3,1.1
"Mike Tolbert",NA,"","RB",3000,"CAR","@WAS",21.8,"WAS by 7","7%","5%","13%",0,0,0,0,0,2,2.4,0.8,0.5,2.6,1.7,0.9,0.7,0.2,4,2,2.7,1.6,1.6,0.2,2.9,1.7,0.6,13.1,4.4
"Fozzy Whittaker",NA,"","RB",3000,"CAR","@WAS",21.8,"WAS by 7","7%","5%","13%",0,0,0,0,0,2.7,3.6,2.7,0.3,4.7,1,2.4,1.5,0,6,7,1.1,5.1,5.1,-1.4,11.5,4.1,1.4,3.8,1.3
"Mack Brown",NA,"Q","RB",3000,"WAS","CAR",28.8,"WAS by 7","13%","-16%","-7%",0,0,0,0,0,0,0,0,0,0,0,0,0,0,0,0,0,0,0,0,0,0,0,0,0
"Brenton Bersin",NA,"","WR",3000,"CAR","@WAS",21.8,"WAS by 7","7%","5%","-1%",0,0,0,0,0,0,0,0,0,0,1,1,0,0,7,0,1.7,1.7,1.7,1.7,1.7,0,0,0,0
"Ryan Grant",NA,"","WR",3000,"WAS","CAR",28.8,"WAS by 7","13%","-16%","9%",0,0,0,0,0,0,0,0,0,0,1.3,1.5,1.6,0.3,3.4,3,1.8,1.1,1.1,-0.3,2.5,2.5,0.8,0,0
"Corey Brown",NA,"","WR",3000,"CAR","@WAS",21.8,"WAS by 7","7%","5%","-1%",0,0,0,0,0,0.7,0.2,0,0,3,2.7,3.7,1.8,0.6,4.6,3,0.8,3.9,3.9,-0.7,8.5,3.2,1.1,7.2,2.4
"Rashad Ross",NA,"","WR",3000,"WAS","CAR",28.8,"WAS by 7","13%","-16%","9%",0,0,0,0,0,0,0,0,0,0,0.5,0.5,0,0,8,0,0.9,0.9,0.9,-0.4,2.2,0,0,0,0
"Maurice Harris",NA,"","WR",3000,"WAS","CAR",28.8,"WAS by 7","13%","-16%","9%",0,0,0,0,0,0,0,0,0,0,1.3,1.8,0,0,5.7,0,2.1,2.4,2.4,0.2,4.7,0,0,0,0
"Vernon Davis",2,"","TE",3000,"WAS","CAR",28.8,"WAS by 7","13%","-16%","34%",0,0,0,0,0,0,0,0,0,0,5,3.8,1.9,0.3,11.1,3,7.5,8.2,8.2,2.5,14,3.1,1,6.3,2.1
"Lance Kendricks",NA,"","TE",2900,"LA","@SEA",12.3,"SEA by 15","-4%","-8%","-17%",0,0,0,0,0,0,0,0,0,0,5,5.8,4.8,0.5,5.9,8,6.9,7.7,7.7,2,13.3,8,2.8,1.5,0.5
"Hunter Henry",1,"","TE",2900,"SD","OAK",23.5,"OAK by 2.5","7%","12%","7%",0,0,0,0,0,0,0,0,0,0,3,4,3.4,1.2,9.1,6,7.2,9.5,9.5,3.2,15.7,6.8,2.3,12.7,4.4
"Will Tye",1,"","TE",2900,"NYG","DET",23.3,"NYG by 4","2%","-9%","33%",0,0,0,0,0,0,0,0,0,0,2.7,4.1,4.3,0.5,5.7,7,3.8,5.5,5.5,3,7.9,7.4,2.6,6.5,2.2
"Charles Clay",5,"","TE",2800,"BUF","CLE",27,"BUF by 10.5","2%","36%","45%",0,0,0,0,0,0,0,0,0,0,5.7,5.3,4.3,0.6,6,7,8.4,6.9,6.9,2.7,11.1,7.5,2.7,20.2,7.2
"Jack Doyle",3,"","TE",2700,"IND","@MIN",19.8,"MIN by 5","-14%","-5%","-14%",0,0,0,0,0,0,0,0,0,0,4,4.5,5,0.8,8.4,8,7,9.3,9.3,2.6,15.9,9,3.3,7.2,2.7
"Garrett Celek",5,"","TE",2700,"SF","@ATL",19,"ATL by 13.5","13%","-6%","24%",0,0,0,0,0,0,0,0,0,0,2.3,3.7,3,0.2,7.6,5,5.8,5.5,5.5,1.1,9.9,5.3,2,10.2,3.8
"Jared Cook",1,"","TE",2700,"GB","@CHI",22.8,"GB by 4.5","-9%","0%","-19%",0,0,0,0,0,0,0,0,0,0,2.7,4.3,4,0.9,6.6,7,3,6.4,6.4,-1.8,14.6,6.6,2.4,14.5,5.4
"Richard Rodgers",NA,"","TE",2600,"GB","@CHI",22.8,"GB by 4.5","-9%","0%","-19%",0,0,0,0,0,0,0,0,0,0,1.7,3.6,2.2,0.4,5.3,4,1.8,4.6,4.6,1,8.1,3.6,1.4,2,0.8
"Dwayne Allen",NA,"","TE",2600,"IND","@MIN",19.8,"MIN by 5","-14%","-5%","-14%",0,0,0,0,0,0,0,0,0,0,4,3.9,4.6,0.6,7.6,8,13,8.4,8.4,-0.8,17.6,7.4,2.8,2.3,0.9
"Cory Harkey",NA,"","TE",2500,"LA","@SEA",12.3,"SEA by 15","-4%","-8%","-17%",0,0,0,0,0,0,0,0,0,0,0,0,0,0,0,0,0,0,0,0,0,0,0,0,0
"Luke Willson",NA,"","TE",2500,"SEA","LA",27.3,"SEA by 15","-5%","3%","-25%",0,0,0,0,0,0,0,0,0,0,1,1.9,1,0,5.6,2,2.1,2.2,2.2,0.9,3.5,1.5,0.6,10.9,4.4
"Brandon Williams",NA,"","TE",2500,"SEA","LA",27.3,"SEA by 15","-5%","3%","-25%",0,0,0,0,0,0,0,0,0,0,2,2,0,0,8,0,2.6,2.6,2.6,2.6,2.6,0,0,0,0
"Tyler Higbee",NA,"","TE",2500,"LA","@SEA",12.3,"SEA by 15","-4%","-8%","-17%",0,0,0,0,0,0,0,0,0,0,3,2.9,0.6,0.3,2.5,1,1.8,1.6,1.6,0.1,3.1,0,0,2.5,1
"Nick Vannett",NA,"","TE",2500,"SEA","LA",27.3,"SEA by 15","-5%","3%","-25%",0,0,0,0,0,0,0,0,0,0,1.3,1.3,0,0,8,0,2.1,2.1,2.1,-0.2,4.3,0,0,0,0
"Temarrick Hemingway",NA,"","TE",2500,"LA","@SEA",12.3,"SEA by 15","-4%","-8%","-17%",0,0,0,0,0,0,0,0,0,0,0,0,0,0,0,0,0,0,0,0,0,0,0,0,0
"MarQueis Gray",NA,"","TE",2500,"MIA","@NYJ",21,"MIA by 2.5","3%","-5%","8%",0,0,0,0,0,0,0,0,0,0,1.7,2.2,0.8,0.3,9.7,1,2.8,3.8,3.8,-0.1,7.6,1.5,0.6,5.8,2.3
"Dion Sims",NA,"","TE",2500,"MIA","@NYJ",21,"MIA by 2.5","3%","-5%","8%",0,0,0,0,0,0,0,0,0,0,3.3,2.7,2.3,0.5,8,4,10.4,5.4,5.4,0.7,10,3.7,1.5,19.1,7.6
"Brandon Bostick",NA,"","TE",2500,"NYJ","MIA",18.5,"MIA by 2.5","-3%","25%","16%",0,0,0,0,0,0,0,0,0,0,1.7,1.3,0.5,0,6.2,1,3.1,1.8,1.8,0.3,3.3,0,0,0,0
"Eric Tomlinson",NA,"","TE",2500,"NYJ","MIA",18.5,"MIA by 2.5","-3%","25%","16%",0,0,0,0,0,0,0,0,0,0,0,0,0,0,0,0,0,0,0,0,0,0,0,0,0
"Austin Seferian-Jenkins",NA,"","TE",2500,"NYJ","MIA",18.5,"MIA by 2.5","-3%","25%","16%",0,0,0,0,0,0,0,0,0,0,3.3,2.3,1,0.1,8.4,2,4.4,4.3,4.3,1.1,7.6,1.4,0.6,1.3,0.5
"Dominique Jones",NA,"","TE",2500,"MIA","@NYJ",21,"MIA by 2.5","3%","-5%","8%",0,0,0,0,0,0,0,0,0,0,2,2,0.8,0.2,6.1,1,5,3.8,3.8,-1.5,9.1,1.8,0.7,0,0
"Thomas Duarte",NA,"","TE",2500,"MIA","@NYJ",21,"MIA by 2.5","3%","-5%","8%",0,0,0,0,0,0,0,0,0,0,0,0,0,0,0,0,0,0,0,0,0,0,0,0,0
"Logan Paulsen",NA,"","TE",2500,"CHI","GB",18.3,"GB by 4.5","5%","-10%","18%",0,0,0,0,0,0,0,0,0,0,1,1.4,0.7,0.1,1.5,1,0,0.6,0.6,-0.5,1.8,1.2,0.5,0,0
"Daniel Brown",0,"","TE",2500,"CHI","GB",18.3,"GB by 4.5","5%","-10%","18%",0,0,0,0,0,0,0,0,0,0,4,4,4.5,1,6.6,8,8.3,8.3,8.3,3.9,12.7,6.3,2.5,1.8,0.7
"Ben Braunecker",NA,"","TE",2500,"CHI","GB",18.3,"GB by 4.5","5%","-10%","18%",0,0,0,0,0,0,0,0,0,0,1.5,1.5,0.7,1,7.3,1,2.1,2.1,2.1,1.7,2.5,1.2,0.5,0,0
"Brandon Myers",NA,"","TE",2500,"TB","@DAL",20.5,"DAL by 7","8%","-23%","22%",0,0,0,0,0,0,0,0,0,0,1,1.1,0.4,0.4,4.8,1,1.2,2.4,2.4,0.1,4.7,0,0,0,0
"Luke Stocker",NA,"","TE",2500,"TB","@DAL",20.5,"DAL by 7","8%","-23%","22%",0,0,0,0,0,0,0,0,0,0,1.7,1.7,0.4,0,4.4,1,2.1,2.1,2.1,1.3,2.8,0,0,0,0
"Gavin Escobar",NA,"","TE",2500,"DAL","TB",27.5,"DAL by 7","3%","3%","-5%",0,0,0,0,0,0,0,0,0,0,2,2,0.3,1,5.8,0,5.7,5.7,5.7,3.5,7.8,0,0,0,0
"Alan Cross",NA,"","TE",2500,"TB","@DAL",20.5,"DAL by 7","8%","-23%","22%",0,0,0,0,0,0,0,0,0,0,1.3,1.2,0,0.2,3.7,0,3.7,2.1,2.1,-0.6,4.8,0,0,1.7,0.7
"Ryan Griffin",0,"","TE",2500,"HOU","JAX",21.5,"HOU by 3.5","-17%","5%","-19%",0,0,0,0,0,0,0,0,0,0,4.3,4.6,5.4,0.2,5.8,9,8.1,6.6,6.6,3,10.2,7.3,2.9,16.5,6.6
"Neal Sterling",NA,"Q","TE",2500,"JAX","@HOU",18,"HOU by 3.5","-13%","-2%","-26%",0,0,0,0,0,0,0,0,0,0,4.7,3.8,4.3,0,6.4,7,6.2,5.2,5.2,2,8.3,6.7,2.7,2.4,1
"Alex Ellis",NA,"","TE",2500,"JAX","@HOU",18,"HOU by 3.5","-13%","-2%","-26%",0,0,0,0,0,0,0,0,0,0,1,1,0,0,0,0,0,0,0,0,0,0,0,1.1,0.4
"Stephen Anderson",NA,"","TE",2500,"HOU","JAX",21.5,"HOU by 3.5","-17%","5%","-19%",0,0,0,0,0,0,0,0,0,0,1,1.7,3.2,0.3,7.2,5,4,3.5,3.5,1,6,5,2,1.7,0.7
"Ben Koyack",NA,"","TE",2500,"JAX","@HOU",18,"HOU by 3.5","-13%","-2%","-26%",0,0,0,0,0,0,0,0,0,0,2.3,2.7,2,0,7.6,3,3.2,4.2,4.2,0.9,7.5,3.1,1.2,1.2,0.5
"Logan Thomas",NA,"","TE",2500,"BUF","CLE",27,"BUF by 10.5","2%","36%","45%",0,0,0,0,0,0,0,0,0,0,0,0,0,0,0,0,0,0,0,0,0,0,0,0,0
"Gerald Christian",NA,"","TE",2500,"BUF","CLE",27,"BUF by 10.5","2%","36%","45%",0,0,0,0,0,0,0,0,0,0,2,2,0,0,7,0,2.4,2.4,2.4,2.4,2.4,0,0,0,0
"Randall Telfer",NA,"","TE",2500,"CLE","@BUF",16.5,"BUF by 10.5","-4%","17%","-11%",0,0,0,0,0,0,0,0,0,0,1.3,1.3,0.3,0,0.8,1,0.8,0.6,0.6,-0.2,1.4,0,0,0,0
"Nick O'Leary",NA,"","TE",2500,"BUF","CLE",27,"BUF by 10.5","2%","36%","45%",0,0,0,0,0,0,0,0,0,0,1.7,1.4,0.8,0.1,8.8,1,1.3,2.5,2.5,0.7,4.3,1.4,0.6,0,0
"Seth DeValve",NA,"","TE",2500,"CLE","@BUF",16.5,"BUF by 10.5","-4%","17%","-11%",0,0,0,0,0,0,0,0,0,0,2.3,2,0.7,0.2,8.8,1,3.6,4.4,4.4,0.7,8,1.1,0.4,1.6,0.6
"Danny Vitale",NA,"","TE",2500,"CLE","@BUF",16.5,"BUF by 10.5","-4%","17%","-11%",0,0,0,0,0,0,0,0,0,0,1,1,0.3,0.5,-2,1,0.3,0.3,0.3,-0.1,0.7,0,0,2.7,1.1
"Brent Celek",NA,"","TE",2500,"PHI","@BAL",18,"BAL by 5","-2%","-30%","-17%",0,0,0,0,0,0,0,0,0,0,1.7,1.9,0.8,0.3,8.8,1,2.5,2.9,2.9,0,5.8,1.4,0.6,1.5,0.6
"Crockett Gillmore",NA,"Q","TE",2500,"BAL","PHI",23,"BAL by 5","-1%","-6%","-45%",0,0,0,0,0,0,0,0,0,0,3.3,2.8,1.8,0.4,5.1,3,5.5,4.2,4.2,-0.8,9.2,3.1,1.2,0,0
"Trey Burton",0,"","TE",2500,"PHI","@BAL",18,"BAL by 5","-2%","-30%","-17%",0,0,0,0,0,0,0,0,0,0,7.7,4.3,1.2,0.5,6,2,9.3,5.8,5.8,0.3,11.2,2.2,0.9,2.2,0.9
"Darren Waller",NA,"","TE",2500,"BAL","PHI",23,"BAL by 5","-1%","-6%","-45%",0,0,0,0,0,0,0,0,0,0,2.3,2.4,0,1,5.3,0,4.4,5.3,5.3,2.3,8.2,0,0,2.1,0.8
"Nick Boyle",NA,"","TE",2500,"BAL","PHI",23,"BAL by 5","-1%","-6%","-45%",0,0,0,0,0,0,0,0,0,0,2.5,2.5,0,0,7.8,0,4.5,4.5,4.5,4.4,4.5,0,0,0,0
"Anthony Fasano",NA,"","TE",2500,"TEN","@KC",18.5,"KC by 6","2%","15%","-32%",0,0,0,0,0,0,0,0,0,0,1.3,1.4,0.6,0.2,5.5,1,3.5,2.9,2.9,-0.2,6,0,0,0,0
"James O'Shaughnessy",NA,"","TE",2500,"KC","TEN",24.5,"KC by 6","14%","-19%","4%",0,0,0,0,0,0,0,0,0,0,1,1,0.4,0,-0.5,1,0.9,0.9,0.9,0.9,1,0,0,0,0
"Ross Travis",NA,"","TE",2500,"KC","TEN",24.5,"KC by 6","14%","-19%","4%",0,0,0,0,0,0,0,0,0,0,1.7,1.5,0,0.5,2.5,0,1.5,1.1,1.1,-0.3,2.6,0,0,0,0
"Demetrius Harris",NA,"","TE",2500,"KC","TEN",24.5,"KC by 6","14%","-19%","4%",0,0,0,0,0,0,0,0,0,0,1,1.9,1.1,0.2,4.1,2,1.2,2.5,2.5,-0.2,5.2,1.3,0.5,0,0
"Jace Amaro",NA,"","TE",2500,"TEN","@KC",18.5,"KC by 6","2%","15%","-32%",0,0,0,0,0,0,0,0,0,0,4,4,0,0,14.8,0,8.9,8.9,8.9,8.9,8.9,0,0,0,0
"Phillip Supernaw",NA,"","TE",2500,"TEN","@KC",18.5,"KC by 6","2%","15%","-32%",0,0,0,0,0,0,0,0,0,0,1.3,1.3,0.3,0,12.4,0,2.8,2.5,2.5,0.5,4.6,0,0,0,0
"Brandon Pettigrew",NA,"","TE",2500,"DET","@NYG",19.3,"NYG by 4","6%","-14%","10%",0,0,0,0,0,0,0,0,0,0,0,0,0,0,0,0,0,0,0,0,0,0,0,0,0
"Clay Harbor",NA,"","TE",2500,"DET","@NYG",19.3,"NYG by 4","6%","-14%","10%",0,0,0,0,0,0,0,0,0,0,1.5,1.5,0,0,6.3,0,2.5,2.5,2.5,0.8,4.1,0,0,0,0
"Matthew Mulligan",NA,"","TE",2500,"DET","@NYG",19.3,"NYG by 4","6%","-14%","10%",0,0,0,0,0,0,0,0,0,0,0,0,0,0,0,0,0,0,0,0,0,0,0,0,0
"Larry Donnell",NA,"","TE",2500,"NYG","DET",23.3,"NYG by 4","2%","-9%","33%",0,0,0,0,0,0,0,0,0,0,3.7,3.7,0,0.5,4.2,0,3.4,4.9,4.9,0.9,8.8,0,0,0,0
"Jerell Adams",0,"","TE",2500,"NYG","DET",23.3,"NYG by 4","2%","-9%","33%",0,0,0,0,0,0,0,0,0,0,2,2.3,1.3,0.1,5.9,2,1.7,3.9,3.9,0.4,7.5,2.1,0.8,4.8,1.9
"Rhett Ellison",NA,"","TE",2500,"MIN","IND",24.8,"MIN by 5","7%","7%","13%",0,0,0,0,0,0,0.1,0,0.1,1,1.7,1.6,1,0.4,4.4,2,1.9,2.6,2.6,0.4,4.8,1.8,0.7,0,0
"Erik Swoope",NA,"","TE",2500,"IND","@MIN",19.8,"MIN by 5","-14%","-5%","-14%",0,0,0,0,0,0,0,0,0,0,2,2.8,0,0.2,10.6,0,3.2,4.7,4.7,2.7,6.6,0,0,14,5.6
"David Morgan",NA,"","TE",2500,"MIN","IND",24.8,"MIN by 5","7%","7%","13%",0,0,0,0,0,0,0,0,0,0,0,0,0,0,0,0,0,0,0,0,0,0,0,0,0
"Darren Fells",NA,"","TE",2500,"ARI","NO",25.8,"ARI by 3","10%","-8%","-4%",0,0,0,0,0,0,0,0,0,0,1.7,2.1,1,0.4,6.9,2,2.4,3.2,3.2,1.4,5,1.8,0.7,2.3,0.9
"John Phillips",NA,"","TE",2500,"NO","@ARI",22.8,"ARI by 3","-15%","-10%","-51%",0,0,0,0,0,0,0,0,0,0,1.7,2,1.9,0.2,4.8,3,3,3.6,3.6,-0.2,7.3,3,1.2,1.9,0.8
"Jermaine Gresham",11,"","TE",2500,"ARI","NO",25.8,"ARI by 3","10%","-8%","-4%",0,0,0,0,0,0,0,0,0,0,7.7,3.8,5.5,0.4,6.2,9,11.4,5.8,5.8,0.9,10.6,8.7,3.5,7.2,2.9
"Hakeem Valles",NA,"","TE",2500,"ARI","NO",25.8,"ARI by 3","10%","-8%","-4%",0,0,0,0,0,0,0,0,0,0,1,1,0,0.5,0,0,0,0,0,0,0,0,0,0,0
"Levine Toilolo",NA,"","TE",2500,"ATL","SF",32.5,"ATL by 13.5","-1%","59%","-9%",0,0,0,0,0,0,0,0,0,0,1,1.4,1.2,0.1,14.7,2,3.6,4.3,4.3,-0.9,9.4,1.8,0.7,4,1.6
"Blake Bell",NA,"O","TE",2500,"SF","@ATL",19,"ATL by 13.5","13%","-6%","24%",0,0,0,0,0,0,0,0,0,0,1.7,1.6,4.1,0.4,5,7,1.8,1.4,1.4,-0.2,3,0,0,5.5,2.2
"Je'Ron Hamm",NA,"","TE",2500,"SF","@ATL",19,"ATL by 13.5","13%","-6%","24%",0,0,0,0,0,0,0,0,0,0,0,0,0,0,0,0,0,0,0,0,0,0,0,3.3,1.3
"Joshua Perkins",NA,"","TE",2500,"ATL","SF",32.5,"ATL by 13.5","-1%","59%","-9%",0,0,0,0,0,0,0,0,0,0,1,1,0.3,0,0,0,0,0,0,0,0,0,0,1.8,0.7
"Austin Hooper",NA,"Q","TE",2500,"ATL","SF",32.5,"ATL by 13.5","-1%","59%","-9%",0,0,0,0,0,0,0,0,0,0,2,2.6,3,0.4,10.1,5,1.4,5.6,5.6,0.5,10.7,6.1,2.4,7.9,3.2
"Virgil Green",NA,"Q","TE",2500,"DEN","NE",20.3,"NE by 3","2%","-16%","-5%",0,0,0,0,0,0,0,0,0,0,3,3.9,2.1,0.4,6.8,3,1.5,4.9,4.9,1.5,8.3,3.8,1.5,1.9,0.8
"Matt Lengel",NA,"","TE",2500,"NE","@DEN",23.3,"NE by 3","-22%","18%","-7%",0,0,0,0,0,0,0,0,0,0,0,0,0.7,0,0,1,0,0,0,0,0,1.1,0.4,0,0
"A.J. Derby",NA,"Q","TE",2500,"DEN","NE",20.3,"NE by 3","2%","-16%","-5%",0,0,0,0,0,0,0,0,0,0,3.3,2.8,3.8,0,8.9,6,6.4,4.7,4.7,0.5,8.9,5.9,2.4,7.5,3
"Jeff Heuerman",NA,"","TE",2500,"DEN","NE",20.3,"NE by 3","2%","-16%","-5%",0,0,0,0,0,0,0,0,0,0,1,1,0,0,16,0,2.3,2.3,2.3,0.2,4.3,0,0,6,2.4
"Sean McGrath",NA,"","TE",2500,"SD","OAK",23.5,"OAK by 2.5","7%","12%","7%",0,0,0,0,0,0,0,0,0,0,0.3,0.5,0,0,12.5,0,0.7,1.1,1.1,-0.2,2.4,0,0,0,0
"Mychal Rivera",NA,"","TE",2500,"OAK","@SD",26,"OAK by 2.5","7%","-14%","2%",0,0,0,0,0,0,0,0,0,0,4,2.5,1,0.5,8.4,2,5.9,4.7,4.7,0.7,8.8,1.8,0.7,2.5,1
"Clive Walford",NA,"","TE",2500,"OAK","@SD",26,"OAK by 2.5","7%","-14%","2%",0,0,0,0,0,0,0,0,0,0,3.3,3.7,3.4,0.6,7,5,6.7,6,6,1.5,10.5,5.1,2,2.3,0.9
"Asante Cleveland",NA,"","TE",2500,"SD","OAK",23.5,"OAK by 2.5","7%","12%","7%",0,0,0,0,0,0,0,0,0,0,0,0,0,0,0,0,0,0,0,0,0,0,0,0,0
"David Johnson",NA,"","TE",2500,"PIT","@CIN",24.3,"PIT by 3","-3%","11%","35%",0,0,0,0,0,0,0,0,0,0,0.7,1,0,0.1,7.6,0,1.5,1.6,1.6,0.5,2.8,0,0,2.2,0.9
"Ryan Hewitt",NA,"","TE",2500,"CIN","PIT",21.3,"PIT by 3","4%","-16%","4%",0,0,0,0,0,0,0,0,0,0,2,2,0,0,2.5,0,1.5,1.5,1.5,1.5,1.5,0,0,0,0
"Xavier Grimble",NA,"","TE",2500,"PIT","@CIN",24.3,"PIT by 3","-3%","11%","35%",0,0,0,0,0,0,0,0,0,0,2.7,2.7,0.4,0.1,5.2,1,2.3,3.7,3.7,0.6,6.8,0,0,0,0
"Tyler Kroft",NA,"","TE",2500,"CIN","PIT",21.3,"PIT by 3","4%","-16%","4%",0,0,0,0,0,0,0,0,0,0,1,2,0.7,0.2,7.7,1,1,3.2,3.2,0.6,5.8,1.4,0.6,0,0
"C.J. Uzomah",NA,"Q","TE",2500,"CIN","PIT",21.3,"PIT by 3","4%","-16%","4%",0,0,0,0,0,0,0,0,0,0,4,4.8,0,0.7,6.7,0,6.5,6,6,3,9.1,0,0,0,0
"Jesse James",NA,"","TE",2500,"PIT","@CIN",24.3,"PIT by 3","-3%","11%","35%",0,0,0,0,0,0,0,0,0,0,2.7,3.9,1.6,0.7,5.4,3,2.6,6,6,1.2,10.8,2.4,1,0,0
"Ed Dickson",NA,"","TE",2500,"CAR","@WAS",21.8,"WAS by 7","7%","5%","33%",0,0,0,0,0,0,0,0,0,0,1,1.8,0.9,0.3,6.6,1,0,2.8,2.8,-0.8,6.5,1.3,0.5,3.8,1.5
"Chris Manhertz",NA,"","TE",2500,"CAR","@WAS",21.8,"WAS by 7","7%","5%","33%",0,0,0,0,0,0,0,0,0,0,0,0,0,0,0,0,0,0,0,0,0,0,0,0,0
"Derek Carrier",NA,"","TE",2500,"WAS","CAR",28.8,"WAS by 7","13%","-16%","34%",0,0,0,0,0,0,0,0,0,0,1,1,0,0,5,0,1.5,1.5,1.5,1.4,1.6,0,0,0,0
