"Player.Name","Likes","Pos","Salary","Team","Opp","RS","Pitcher.Name","Pitcher.wOBA","Pitcher.wOBA.Diff","Pitcher.Handedness","Hitter.Handedness","Hitter.wOBA","Hitter.wOBA.Diff","Hitter.ISO","Hitter.ISO.Diff","Batting.Order..Confirmed.","Batting.Order..Projected.","Batting.Order.Diff","Park.Factor","Temperature.Factor","Wind.Factor","L10.FP","L80.FP","S.FP","Floor.FP","Ceil.FP","Proj.FP","Proj.Val","Actual.FP","Actual.Val"
"Jose Altuve",NA,"2B",5700,"HOU","@DET",5.55,"Boyd",0.36,"9%","L","R",0.391,"3%",0.166,"-4%",NA,"2",NA,"1%","2%","2%",13.6,11.5,11,2.3,19.7,12.1,2.1,0,0
"Aaron Judge",NA,"OF",5700,"NYY","TB",5.07,"Snell",0.337,"4%","L","R",0.395,"2%",0.287,"5%",NA,"3",NA,"0%","0%","-5%",7.8,11.6,11.4,1.8,21,9.3,1.6,0,0
"Mike Trout",2,"OF",5600,"LAA","@TOR",4.48,"Liriano",0.326,"1%","L","R",0.415,"-1%",0.24,"-11%",NA,"2",NA,"7%","2%","0%",9.9,12,12,5,18.9,12.5,2.2,0,0
"Anthony Rizzo",NA,"1B",5600,"CHC","@MIL",5.34,"Guerra",0.307,"-2%","R","L",0.385,"2%",0.254,"9%",NA,"3",NA,"25%","0%","0%",10.2,9.2,9.5,1.7,17.2,12.5,2.2,0,0
"Charlie Blackmon",NA,"OF",5600,"COL","@WAS",4.77,"Roark",0.316,"-1%","R","L",0.387,"4%",0.241,"16%",NA,"1",NA,"-15%","-3%","-5%",14.7,11.4,11.2,2.6,19.8,7.9,1.4,0,0
"Giancarlo Stanton",NA,"OF",5600,"MIA","CIN",4.98,"Adleman",0.337,"4%","R","R",0.363,"-6%",0.274,"-9%",NA,"2",NA,"-4%","4%","0%",15.1,10.5,10.3,0.3,20.3,10,1.8,0,0
"Cody Bellinger",NA,"1B/OF",5500,"LAD","SF",5.27,"Blach",0.25,"-9%","L","L",0.362,"-6%",0.319,"-15%",NA,"4",NA,"-2%","2%","3%",7.5,10.4,10.4,-0.1,20.9,7.9,1.4,0,0
"Bryce Harper",NA,"OF",5500,"WAS","COL",5.23,"Marquez",0.345,"5%","R","L",0.428,"7%",0.292,"17%",NA,"3",NA,"-2%","-3%","-6%",16.4,11.9,11.7,1.5,21.8,10.6,1.9,0,0
"Nolan Arenado",NA,"3B",5500,"COL","@WAS",4.77,"Roark",0.287,"-7%","R","R",0.38,"-1%",0.287,"4%",NA,"3",NA,"-14%","-4%","-6%",17.2,10.2,10.3,0.5,20,7.1,1.3,0,0
"George Springer",0,"OF",5400,"HOU","@DET",5.55,"Boyd",0.36,"9%","L","R",0.404,"10%",0.267,"25%",NA,"1",NA,"0%","2%","2%",8.8,10.9,10.9,1.2,20.6,12.6,2.3,0,0
"Justin Smoak",1,"1B",5400,"TOR","LAA",5.02,"Petit",0.339,"4%","R","S",0.343,"3%",0.244,"16%",NA,"3",NA,"1%","2%","0%",12.4,9.6,9.4,0.9,17.9,9.3,1.7,0,0
"Edwin Encarnacion",NA,"1B",5300,"CLE","@CWS",4.97,"Gonzalez",0.319,"0%","R","R",0.379,"0%",0.273,"6%",NA,"4",NA,"0%","1%","0%",9.5,9.2,8.7,-0.3,17.8,9.3,1.8,0,0
"Corey Seager",NA,"SS",5300,"LAD","SF",5.27,"Blach",0.25,"-9%","L","L",0.347,"-8%",0.186,"-13%",NA,"2",NA,"-2%","2%","2%",7.2,8.8,8.9,0.5,17.3,7.4,1.4,0,0
"Paul Goldschmidt",NA,"1B",5200,"ARI","@STL",4.27,"Leake",0.297,"-5%","R","R",0.398,"-2%",0.232,"0%",NA,"4",NA,"-5%","0%","-2%",10.1,11.6,11.1,3.2,19,8.8,1.7,0,0
"Steven Souza Jr.",NA,"OF",5200,"TB","@NYY",4.43,"Smith",NA,"2%","L","R",0.322,"-2%",0.157,"-12%",NA,"1",NA,"4%","0%","-5%",11.4,9.1,9.1,0.7,17.5,8.5,1.6,0,0
"J.D. Martinez",NA,"OF",5100,"ARI","@STL",4.27,"Leake",0.297,"-5%","R","R",0.375,"-1%",0.248,"-3%",NA,"5",NA,"-6%","0%","-3%",15.2,10.3,10.3,-0.1,20.8,7.8,1.5,0,0
"Carlos Correa",NA,"SS",5000,"HOU","@DET",5.55,"Boyd",0.36,"9%","L","R",0.367,"0%",0.215,"3%",NA,"x",NA,"0%","0%","0%",13.9,10.3,10.1,1.7,18.5,0,0,0,0
"A.J. Pollock",NA,"OF",5000,"ARI","@STL",4.27,"Leake",0.297,"-5%","R","R",0.369,"1%",0.181,"-6%",NA,"2",NA,"-4%","0%","-1%",11.3,9.8,9.8,1.1,18.6,8.7,1.7,0,0
"Kris Bryant",NA,"3B",5000,"CHC","@MIL",5.34,"Guerra",0.314,"-2%","R","R",0.378,"-2%",0.228,"-5%",NA,"2",NA,"-1%","0%","0%",8.9,9.3,9.2,0.4,18,9.3,1.9,0,0
"Joey Votto",NA,"1B",4900,"CIN","@MIA",4.02,"Conley",0.331,"-2%","L","L",0.393,"-4%",0.217,"-9%",NA,"3",NA,"-9%","3%","0%",4.9,9.8,9.7,2.5,16.9,8,1.6,0,0
"Bradley Zimmer",NA,"OF",4900,"CLE","@CWS",4.97,"Gonzalez",0.326,"1%","R","L",0.353,"4%",0.205,"12%",NA,"1",NA,"-4%","1%","0%",11.8,8.5,8.5,0.5,16.5,9.1,1.9,0,0
"Michael Conforto",1,"OF",4900,"NYM","@SEA",4.89,"Gallardo",0.321,"0%","R","L",0.377,"6%",0.261,"11%",NA,"1",NA,"-2%","3%","0%",11.9,10.3,10.3,0.8,19.7,9.9,2,0,0
"Michael Brantley",NA,"OF",4900,"CLE","@CWS",4.97,"Gonzalez",0.326,"1%","R","L",0.371,"6%",0.168,"20%",NA,"3",NA,"-6%","1%","0%",10.1,8.3,8.3,2,14.6,8.8,1.8,0,0
"Jonathan Schoop",NA,"2B",4800,"BAL","@TEX",6.02,"Bibens-Dirkx",NA,"-1%","R","R",0.352,"6%",0.218,"12%",NA,"3",NA,"3%","3%","0%",13.7,8.9,8.8,1.3,16.3,9.9,2.1,0,0
"Gerardo Parra",NA,"OF",4800,"COL","@WAS",4.77,"Roark",0.316,"-1%","R","L",0.332,"7%",0.173,"29%",NA,"4",NA,"-13%","-3%","-4%",11.6,9.2,9.2,1.6,16.9,6.7,1.4,0,0
"Daniel Murphy",NA,"2B",4800,"WAS","COL",5.23,"Marquez",0.345,"5%","R","L",0.388,"8%",0.236,"26%",NA,"5",NA,"-1%","-3%","-5%",9.8,10,10.1,1.6,18.6,8.8,1.8,0,0
"Gregor Blanco",NA,"OF",4800,"ARI","@STL",4.27,"Leake",0.327,"2%","R","L",0.32,"2%",0.12,"10%",NA,"x",NA,"0%","0%","0%",10,9,9,1.1,16.9,0,0,0,0
"Chris Taylor",NA,"2B/OF",4800,"LAD","SF",5.27,"Blach",0.331,"2%","L","R",0.358,"5%",0.153,"2%",NA,"1",NA,"-5%","2%","2%",13.5,9.6,9.6,0.7,18.5,8.6,1.8,0,0
"Jake Lamb",NA,"3B",4700,"ARI","@STL",4.27,"Leake",0.327,"2%","R","L",0.37,"7%",0.241,"8%",NA,"3",NA,"-7%","0%","-2%",11.2,9.7,9.8,1.4,18.2,8.6,1.8,0,0
"Mookie Betts",NA,"OF",4700,"BOS","KC",5.17,"Cahill",0.308,"-2%","R","R",0.363,"0%",0.201,"0%",NA,"x",NA,"4%","-1%","-5%",7.2,9.9,9.7,-0.1,19.5,0,0,0,0
"Willson Contreras",NA,"C",4700,"CHC","@MIL",5.34,"Guerra",0.314,"-2%","R","R",0.346,"-3%",0.214,"-1%",NA,"4",NA,"-1%","0%","0%",13.4,7.8,8,0.4,15.7,7.7,1.6,0,0
"Josh Donaldson",NA,"3B",4700,"TOR","LAA",5.02,"Petit",0.268,"-11%","R","R",0.39,"-3%",0.254,"-5%",NA,"2",NA,"2%","2%","0%",6.5,7.6,7.6,0.6,14.6,8.3,1.8,0,0
"Adrian Beltre",NA,"3B",4700,"TEX","BAL",5.48,"Gausman",0.357,"8%","R","R",0.342,"-7%",0.187,"-7%",NA,"4",NA,"2%","3%","0%",8.8,8.9,8.9,1.4,16.5,9.1,1.9,0,0
"Yoenis Cespedes",NA,"OF",4700,"NYM","@SEA",4.89,"Gallardo",0.332,"3%","R","R",0.365,"1%",0.243,"0%",NA,"3",NA,"-6%","4%","0%",9.3,8.2,8.2,-2.1,18.6,9,1.9,0,0
"Gary Sanchez",NA,"C",4700,"NYY","TB",5.07,"Snell",0.337,"4%","L","R",0.33,"-1%",0.279,"7%",NA,"5",NA,"0%","0%","-5%",7,9.2,9.2,0.2,18.1,8.2,1.7,0,0
"Josh Reddick",NA,"OF",4600,"HOU","@DET",5.55,"Boyd",0.356,"5%","L","L",0.264,"-19%",0.088,"-43%",NA,"x",NA,"-10%","2%","2%",5.9,9,9,1.3,16.7,0,0,0,0
"Brett Gardner",NA,"OF",4600,"NYY","TB",5.07,"Snell",NA,"-1%","L","L",0.31,"-5%",0.121,"-13%",NA,"1",NA,"3%","0%","-4%",11.1,9.8,9.8,1.5,18.1,7.9,1.7,0,0
"Adam Duvall",NA,"OF",4600,"CIN","@MIA",4.02,"Conley",0.319,"0%","L","R",0.338,"2%",0.229,"-2%",NA,"4",NA,"-7%","4%","0%",5.5,8.7,8.9,0.8,17,8,1.7,0,0
"Francisco Lindor",NA,"SS",4600,"CLE","@CWS",4.97,"Gonzalez",0.326,"1%","R","S",0.338,"-1%",0.16,"-1%",NA,"2",NA,"-6%","1%","0%",9,7.6,8.2,0.6,15.8,8.7,1.9,0,0
"Eric Hosmer",NA,"1B",4600,"KC","@BOS",4.33,"Rodriguez",0.343,"-1%","L","L",0.32,"-7%",0.131,"-18%",NA,"3",NA,"8%","-1%","-6%",13.9,9.7,8.6,1,16.2,8.1,1.8,0,0
"Yuli Gurriel",NA,"1B",4600,"HOU","@DET",5.55,"Boyd",0.36,"9%","L","R",0.267,"-3%",0.137,"0%",NA,"3",NA,"-1%","2%","2%",8.9,8.3,7.8,0.2,15.4,9.7,2.1,0,0
"Freddie Freeman",NA,"1B/3B",4600,"ATL","@PHI",4.34,"Eickhoff",0.353,"7%","R","L",0.416,"8%",0.287,"27%",NA,"3",NA,"-1%","-2%","-10%",7.4,11.5,11.5,2.2,20.7,9.6,2.1,0,0
"Didi Gregorius",NA,"SS",4600,"NYY","TB",5.07,"Snell",NA,"-1%","L","L",0.284,"-8%",0.088,"-38%",NA,"6",NA,"4%","0%","-5%",12.6,8.4,8.4,1,15.8,6.4,1.4,0,0
"Logan Morrison",NA,"1B",4600,"TB","@NYY",4.43,"Smith",NA,"-5%","L","L",0.294,"-9%",0.11,"-42%",NA,"4",NA,"11%","0%","-6%",5.5,8.9,8.8,0.6,17.1,7.4,1.6,0,0
"Corey Dickerson",NA,"OF",4600,"TB","@NYY",4.43,"Smith",NA,"-5%","L","L",0.31,"-9%",0.137,"-35%",NA,"6",NA,"10%","0%","-6%",5.6,9.1,9,1.3,16.7,6.7,1.5,0,0
"Anthony Rendon",NA,"3B",4600,"WAS","COL",5.23,"Marquez",0.335,"3%","R","R",0.348,"-2%",0.182,"2%",NA,"6",NA,"0%","-3%","-5%",10,10.7,9.9,-0.8,20.6,7.5,1.6,0,0
"Adam Jones",NA,"OF",4600,"BAL","@TEX",6.02,"Bibens-Dirkx",NA,"-1%","R","R",0.337,"1%",0.198,"4%",NA,"1",NA,"4%","3%","0%",14,8,8,0.2,15.8,10,2.2,0,0
"Zack Cozart",NA,"SS",4500,"CIN","@MIA",4.02,"Conley",0.319,"0%","L","R",0.337,"0%",0.195,"3%",NA,"x",NA,"-3%","3%","0%",11,9.4,9.4,0.9,17.9,0,0,0,0
"Jose Ramirez",NA,"2B/3B",4500,"CLE","@CWS",4.97,"Gonzalez",0.326,"1%","R","S",0.326,"1%",0.142,"5%",NA,"5",NA,"-5%","1%","0%",5.9,9.3,9.4,0.6,18.3,8.7,1.9,0,0
"Christian Yelich",NA,"OF",4500,"MIA","CIN",4.98,"Adleman",0.354,"7%","R","L",0.366,"5%",0.17,"16%",NA,"3",NA,"-4%","3%","0%",12,8.4,8.7,1,16.3,9.4,2.1,0,0
"Carlos Santana",NA,"1B",4500,"CLE","@CWS",4.97,"Gonzalez",0.326,"1%","R","S",0.355,"1%",0.23,"17%",NA,"6",NA,"-4%","1%","0%",10.7,7.9,8,0.6,15.4,8.4,1.9,0,0
"Marwin Gonzalez",NA,"3B/OF",4500,"HOU","@DET",5.55,"Boyd",0.36,"9%","L","S",0.334,"0%",0.177,"2%",NA,"6",NA,"0%","2%","2%",9.1,9.6,9.6,2.1,17.1,9.3,2.1,0,0
"Starling Marte",NA,"OF",4500,"PIT","@SD",4.4,"Lamet",NA,"-1%","R","R",0.348,"0%",0.15,"1%",NA,"1",NA,"-1%","0%","0%",8.5,8.5,8.5,-0.7,17.6,9.3,2.1,0,0
"Manny Machado",NA,"3B",4500,"BAL","@TEX",6.02,"Bibens-Dirkx",NA,"-1%","R","R",0.359,"3%",0.23,"11%",NA,"2",NA,"3%","3%","0%",8.4,8,7.8,-0.5,16.2,11,2.4,0,0
"Travis Shaw",NA,"3B",4500,"MIL","CHC",4.16,"Hendricks",0.298,"-5%","R","L",0.349,"1%",0.214,"-3%",NA,"4",NA,"9%","0%","0%",12.2,10.5,10.1,1.5,18.7,8.1,1.8,0,0
"Justin Bour",NA,"1B",4500,"MIA","CIN",4.98,"Adleman",0.354,"7%","R","L",0.36,"2%",0.242,"6%",NA,"x",NA,"0%","0%","0%",9.4,9,9,0.7,17.3,0,0,0,0
"Jason Kipnis",NA,"2B",4500,"CLE","@CWS",4.97,"Gonzalez",0.326,"1%","R","L",0.358,"7%",0.18,"13%",NA,"x",NA,"0%","0%","0%",6.7,7.1,7.1,-0.8,15.1,0,0,0,0
"Whit Merrifield",NA,"2B",4500,"KC","@BOS",4.33,"Rodriguez",0.302,"-4%","L","R",0.373,"7%",0.194,"15%",NA,"1",NA,"6%","-1%","-6%",13,8.7,8.9,1.4,16.3,8.4,1.9,0,0
"Elvis Andrus",NA,"SS",4500,"TEX","BAL",5.48,"Gausman",0.357,"8%","R","R",0.316,"-2%",0.126,"3%",NA,"2",NA,"2%","2%","0%",7.1,9.1,9,0.7,17.3,9.1,2,0,0
"Jay Bruce",1,"OF",4500,"NYM","@SEA",4.89,"Gallardo",0.321,"0%","R","L",0.348,"7%",0.262,"14%",NA,"4",NA,"-2%","4%","0%",7.1,8.5,9,0.2,17.7,9.1,2,0,0
"Trea Turner",NA,"SS",4500,"WAS","COL",5.23,"Marquez",0.335,"3%","R","R",0.377,"7%",0.21,"17%",NA,"x",NA,"0%","0%","0%",13.4,10.9,10.9,1,20.8,0,0,0,0
"Marcell Ozuna",NA,"OF",4500,"MIA","CIN",4.98,"Adleman",0.337,"4%","R","R",0.327,"-3%",0.175,"-4%",NA,"4",NA,"-3%","4%","0%",7.8,9.1,9.3,0.3,18.2,8.4,1.9,0,0
"Mark Reynolds",NA,"1B",4400,"COL","@WAS",4.77,"Roark",0.287,"-7%","R","R",0.359,"7%",0.204,"12%",NA,"5",NA,"-12%","-4%","-6%",10.3,9.1,9.1,0.4,17.8,6.9,1.6,0,0
"DJ LeMahieu",NA,"2B",4400,"COL","@WAS",4.77,"Roark",0.287,"-7%","R","R",0.343,"-1%",0.101,"1%",NA,"2",NA,"-10%","-3%","-3%",9.5,8,7.7,0.8,14.6,6.2,1.4,0,0
"Ian Happ",NA,"2B/OF",4400,"CHC","@MIL",5.34,"Guerra",0.307,"-2%","R","S",0.346,"3%",0.273,"17%",NA,"6",NA,"22%","0%","0%",6.4,8.7,8.7,0.1,17.3,9.5,2.2,0,0
"Mike Moustakas",NA,"3B",4400,"KC","@BOS",4.33,"Rodriguez",0.343,"-1%","L","L",0.308,"-8%",0.181,"-14%",NA,"5",NA,"6%","-1%","-6%",11,8.9,9,1.2,16.9,7.7,1.8,0,0
"Scooter Gennett",NA,"2B/OF",4400,"CIN","@MIA",4.02,"Conley",0.331,"-2%","L","L",0.224,"-19%",0.08,"-37%",NA,"5",NA,"-6%","3%","0%",6.6,9.7,9.7,-1,20.5,5.5,1.3,0,0
"Ryan Braun",NA,"OF",4400,"MIL","CHC",4.16,"Hendricks",0.259,"-13%","R","R",0.358,"-4%",0.226,"-3%",NA,"x",NA,"0%","0%","0%",9.8,10,10,1.5,18.5,0,0,0,0
"David Peralta",NA,"OF",4400,"ARI","@STL",4.27,"Leake",0.327,"2%","R","L",0.372,"6%",0.198,"10%",NA,"1",NA,"-7%","0%","-2%",9.3,8.9,8.9,0.6,17.1,8.9,2,0,0
"Evan Longoria",NA,"3B",4400,"TB","@NYY",4.43,"Smith",NA,"2%","L","R",0.354,"3%",0.211,"3%",NA,"3",NA,"4%","0%","-6%",9.3,8.2,8,0.7,15.3,8.6,2,0,0
"Hanley Ramirez",NA,"1B",4400,"BOS","KC",5.17,"Cahill",0.308,"-2%","R","R",0.331,"-6%",0.179,"-15%",NA,"4",NA,"4%","-1%","-5%",7.8,8,7.8,0.7,15,8.1,1.8,0,0
"Josh Harrison",NA,"2B/3B",4300,"PIT","@SD",4.4,"Lamet",NA,"-1%","R","R",0.308,"-5%",0.111,"-10%",NA,"2",NA,"-2%","0%","0%",10,8.3,7.9,1.1,14.7,7.5,1.7,0,0
"Ryan Zimmerman",NA,"1B",4300,"WAS","COL",5.23,"Marquez",0.335,"3%","R","R",0.312,"-6%",0.178,"-12%",NA,"4",NA,"1%","-4%","-6%",8.9,9.7,9.7,0.8,18.5,7.4,1.7,0,0
"Brian Goodwin",NA,"OF",4300,"WAS","COL",5.23,"Marquez",0.345,"5%","R","L",0.301,"-2%",0.196,"6%",NA,"1",NA,"-1%","-3%","-4%",9.9,8.1,8.1,-1,17.1,7.3,1.7,0,0
"Trevor Story",NA,"SS",4300,"COL","@WAS",4.77,"Roark",0.287,"-7%","R","R",0.327,"-7%",0.221,"-12%",NA,"7",NA,"-13%","-4%","-6%",11.8,7,7.1,0.5,13.8,5.4,1.3,0,0
"Ben Zobrist",NA,"2B/OF",4300,"CHC","@MIL",5.34,"Guerra",0.307,"-2%","R","S",0.34,"-1%",0.171,"9%",NA,"x",NA,"0%","0%","0%",10.7,7.1,7.1,0.4,13.8,0,0,0,0
"Dee Gordon",NA,"2B",4300,"MIA","CIN",4.98,"Adleman",0.354,"7%","R","L",0.314,"0%",0.077,"4%",NA,"1",NA,"-1%","2%","0%",10.3,8.8,8.6,1.7,15.6,9,2.1,0,0
"Chris Davis",NA,"1B",4300,"BAL","@TEX",6.02,"Bibens-Dirkx",NA,"1%","R","L",0.372,"6%",0.301,"16%",NA,"4",NA,"-2%","3%","0%",7.1,7.4,7.4,-1.4,16.1,9.2,2.1,0,0
"Justin Turner",NA,"3B",4300,"LAD","SF",5.27,"Blach",0.331,"2%","L","R",0.356,"-4%",0.182,"-8%",NA,"3",NA,"-3%","2%","2%",6.9,9.2,9.2,2.1,16.2,8.7,2,0,0
"Gregory Polanco",NA,"OF",4200,"PIT","@SD",4.4,"Lamet",NA,"1%","R","L",0.326,"5%",0.168,"8%",NA,"x",NA,"0%","0%","0%",8.5,7.1,7.1,0.2,14,0,0,0,0
"Andrew McCutchen",NA,"OF",4200,"PIT","@SD",4.4,"Lamet",NA,"-1%","R","R",0.353,"-4%",0.184,"-8%",NA,"3",NA,"0%","0%","0%",8.9,9.3,8.9,1,16.8,8.6,2,0,0
"Alex Bregman",NA,"3B",4200,"HOU","@DET",5.55,"Boyd",0.36,"9%","L","R",0.356,"4%",0.182,"4%",NA,"8",NA,"1%","2%","2%",9.9,7.7,7.4,0.5,14.4,9.4,2.2,0,0
"Domingo Santana",NA,"OF",4200,"MIL","CHC",4.16,"Hendricks",0.259,"-13%","R","R",0.34,"-4%",0.177,"-10%",NA,"3",NA,"0%","0%","0%",7.1,8.9,8.8,1.4,16.2,7,1.7,0,0
"Dustin Pedroia",NA,"2B",4200,"BOS","KC",5.17,"Cahill",0.308,"-2%","R","R",0.348,"-2%",0.126,"-7%",NA,"3",NA,"4%","-1%","-6%",9.6,8.1,8,1.8,14.2,7.5,1.8,0,0
"Chase Headley",NA,"3B",4100,"NYY","TB",5.07,"Snell",0.337,"4%","L","S",0.31,"-1%",0.125,"-1%",NA,"x",NA,"0%","0%","0%",8.3,7.1,7.3,1.6,13,0,0,0,0
"Adam Frazier",NA,"OF",4100,"PIT","@SD",4.4,"Lamet",NA,"1%","R","L",0.318,"-1%",0.121,"10%",NA,"7",NA,"-5%","0%","0%",7.2,8.2,8.2,0.9,15.6,6.3,1.5,0,0
"Eric Thames",NA,"1B/OF",4100,"MIL","CHC",4.16,"Hendricks",0.298,"-5%","R","L",0.397,"6%",0.298,"12%",NA,"2",NA,"9%","0%","0%",6.4,9.4,9.4,0.4,18.4,9.7,2.4,0,0
"Yasmani Grandal",NA,"C",4100,"LAD","SF",5.27,"Blach",0.331,"2%","L","S",0.314,"-4%",0.12,"-27%",NA,"x",NA,"0%","0%","0%",8.9,7.4,7.4,0.3,14.5,0,0,0,0
"Carlos Beltran",NA,"OF",4100,"HOU","@DET",5.55,"Boyd",0.36,"9%","L","S",0.312,"-5%",0.182,"-5%",NA,"5",NA,"-1%","3%","2%",6.7,7.1,7.1,0.1,14.1,8.5,2.1,0,0
"Miguel Sano",NA,"3B",4100,"MIN","@OAK",4.55,"Smith",NA,"-1%","R","R",0.356,"-2%",0.237,"-3%",NA,"3",NA,"-8%","0%","1%",8.5,8.8,9.2,1.1,17.3,8.3,2,0,0
"Todd Frazier",1,"3B",4100,"NYY","TB",5.07,"Snell",0.337,"4%","L","R",0.35,"5%",0.263,"14%",NA,"7",NA,"0%","0%","-5%",5.3,7.7,7.4,0.2,14.7,7.8,1.9,0,0
"Shin-soo Choo",NA,"OF",4100,"TEX","BAL",5.48,"Gausman",0.311,"-2%","R","L",0.358,"6%",0.186,"24%",NA,"1",NA,"1%","3%","0%",10.2,8.5,8.3,0.9,15.7,9.6,2.3,0,0
"Jose Bautista",NA,"OF",4100,"TOR","LAA",5.02,"Petit",0.268,"-11%","R","R",0.369,"0%",0.247,"3%",NA,"1",NA,"2%","2%","0%",5.7,8.1,7.5,0.4,14.6,8.2,2,0,0
"Mallex Smith",NA,"OF",4100,"TB","@NYY",4.43,"Smith",NA,"-5%","L","L",0.211,"-12%",0.049,"-29%",NA,"x",NA,"1%","0%","-3%",7.3,8.2,8.2,-0.1,16.5,0,0,0,0
"Josh Bell",NA,"1B",4100,"PIT","@SD",4.4,"Lamet",NA,"1%","R","S",0.348,"3%",0.212,"4%",NA,"4",NA,"-6%","0%","0%",8.3,8.6,8.1,0.4,15.7,8.1,2,0,0
"Clint Frazier",NA,"OF",4100,"NYY","TB",5.07,"Snell",0.337,"4%","L","R",NA,"3%",NA,"8%",NA,"2",NA,"0%","0%","-5%",6.9,8,8,-0.2,16.2,7.7,1.9,0,0
"Kyle Schwarber",NA,"OF",4100,"CHC","@MIL",5.34,"Guerra",0.307,"-2%","R","L",0.357,"7%",0.259,"14%",NA,"5",NA,"27%","0%","0%",10.3,7.4,7.4,-0.2,15.1,10.6,2.6,0,0
"Evan Gattis",NA,"C",4100,"HOU","@DET",5.55,"Boyd",0.36,"9%","L","R",0.334,"-1%",0.227,"-3%",NA,"4",NA,"-1%","3%","2%",11.2,8.2,8.2,0.3,16,10,2.4,0,0
"Asdrubal Cabrera",NA,"2B/SS",4000,"NYM","@SEA",4.89,"Gallardo",0.321,"0%","R","S",0.328,"2%",0.186,"12%",NA,"2",NA,"-2%","3%","0%",7.3,7.7,7.7,0.5,14.9,8.2,2,0,0
"Jorge Bonifacio",NA,"OF",4000,"KC","@BOS",4.33,"Rodriguez",0.302,"-4%","L","R",0.328,"2%",0.215,"10%",NA,"2",NA,"7%","-1%","-6%",10.2,7.7,7.7,1.5,14,7.3,1.8,0,0
"Khris Davis",NA,"OF",4000,"OAK","MIN",4.45,"Mejia",0.33,"3%","L","R",0.341,"-3%",0.249,"-8%",NA,"4",NA,"-3%","0%","1%",8.7,8.7,8.9,0.6,17.2,8.2,2,0,0
"Ian Desmond",NA,"1B/OF",4000,"COL","@WAS",4.77,"Roark",0.287,"-7%","R","R",0.307,"-4%",0.143,"-4%",NA,"x",NA,"0%","0%","0%",8.9,7.7,7.7,0.8,14.6,0,0,0,0
"David Dahl",NA,"OF",4000,"COL","@WAS",4.77,"Roark",0.316,"-1%","R","L",0.38,"5%",0.218,"15%",NA,"x",NA,"0%","0%","0%",0,0,0,0,0,0,0,0,0
"Billy Hamilton",NA,"OF",4000,"CIN","@MIA",4.02,"Conley",0.319,"0%","L","S",0.264,"-5%",0.101,"29%",NA,"1",NA,"1%","2%","0%",7.9,9,8.8,1.2,16.3,8.7,2.2,0,0
"Eddie Rosario",NA,"OF",4000,"MIN","@OAK",4.55,"Smith",NA,"1%","R","L",0.321,"1%",0.189,"7%",NA,"5",NA,"-6%","0%","1%",8.5,7.3,7.2,-1,15.3,7.2,1.8,0,0
"Wilmer Flores",NA,"1B/3B",4000,"NYM","@SEA",4.89,"Gallardo",0.332,"3%","R","R",0.29,"-6%",0.128,"-22%",NA,"5",NA,"-6%","4%","0%",7.3,7.3,7.3,0.5,14,7.5,1.9,0,0
"Adam Eaton",NA,"OF",4000,"WAS","COL",5.23,"Marquez",0.345,"5%","R","L",0.361,"5%",0.172,"28%",NA,"x",NA,"0%","0%","0%",10.9,10.6,10.6,3,18.2,0,0,0,0
"J.T. Realmuto",NA,"C",4000,"MIA","CIN",4.98,"Adleman",0.337,"4%","R","R",0.326,"-1%",0.136,"-7%",NA,"5",NA,"-2%","3%","0%",10.3,8.1,8.3,0.6,15.9,7.8,1.9,0,0
"Aaron Altherr",NA,"OF",4000,"PHI","ATL",4.66,"Newcomb",0.329,"3%","L","R",0.321,"0%",0.216,"9%",NA,"x",NA,"1%","-2%","-9%",10.2,9.3,9.3,1.2,17.4,0,0,0,0
"Brian Dozier",NA,"2B",4000,"MIN","@OAK",4.55,"Smith",NA,"-1%","R","R",0.334,"-4%",0.224,"-2%",NA,"1",NA,"-7%","0%","1%",8.3,8.6,8.6,1.8,15.4,8,2,0,0
"Hunter Renfroe",NA,"OF",4000,"SD","PIT",4.1,"Nova",0.295,"-5%","R","R",0.297,"-7%",0.232,"-1%",NA,"4",NA,"-2%","0%","0%",9.5,7.5,7.3,-0.1,14.7,6.2,1.6,0,0
"David Freese",NA,"3B",4000,"PIT","@SD",4.4,"Lamet",NA,"-1%","R","R",0.32,"-5%",0.131,"-13%",NA,"x",NA,"-1%","0%","0%",7.9,6.8,6.8,1.2,12.3,0,0,0,0
"Marcus Semien",NA,"SS",4000,"OAK","MIN",4.45,"Mejia",0.33,"3%","L","R",0.35,"11%",0.196,"15%",NA,"2",NA,"-3%","0%","1%",10.3,8.1,8.1,1.3,15,8.8,2.2,0,0
"Paul DeJong",NA,"2B/SS",4000,"STL","ARI",3.73,"Greinke",0.261,"-13%","R","R",0.345,"0%",0.273,"10%",NA,"3",NA,"-1%","0%","-2%",10,8.3,8.3,0.5,16.1,6.3,1.6,0,0
"Javier Baez",NA,"2B/SS",3900,"CHC","@MIL",5.34,"Guerra",0.314,"-2%","R","R",0.292,"-6%",0.145,"-13%",NA,"8",NA,"-2%","0%","0%",8.2,7.2,7.2,-1,15.4,6.6,1.7,0,0
"Kendrys Morales",1,"1B",3900,"TOR","LAA",5.02,"Petit",0.339,"4%","R","S",0.336,"-1%",0.213,"12%",NA,"4",NA,"2%","2%","0%",9.5,7.9,7.8,0,15.5,8.8,2.3,0,0
"Mike Napoli",NA,"1B",3900,"TEX","BAL",5.48,"Gausman",0.357,"8%","R","R",0.309,"-9%",0.206,"-6%",NA,"5",NA,"2%","3%","0%",8.9,7.5,7.4,-0.5,15.3,8.1,2.1,0,0
"Justin Upton",NA,"OF",3900,"DET","HOU",4.95,"McHugh",0.329,"2%","R","R",0.35,"-1%",0.226,"-1%",NA,"3",NA,"0%","2%","2%",10.4,9.2,8.9,1.3,16.5,9.3,2.4,0,0
"Seth Smith",NA,"OF",3900,"BAL","@TEX",6.02,"Bibens-Dirkx",NA,"1%","R","L",0.342,"3%",0.19,"9%",NA,"7",NA,"-1%","3%","0%",9.9,7.8,7.8,0.6,15,7.9,2,0,0
"Wilmer Difo",NA,"2B/SS",3900,"WAS","COL",5.23,"Marquez",0.345,"5%","R","S",0.28,"-2%",0.05,"-17%",NA,"2",NA,"-1%","-3%","-4%",10.5,7.5,7.5,1.2,13.8,7.2,1.8,0,0
"Albert Almora Jr.",NA,"OF",3900,"CHC","@MIL",5.34,"Guerra",0.314,"-2%","R","R",0.278,"-6%",0.094,"-14%",NA,"x",NA,"0%","0%","0%",6.6,6.2,6.2,0.4,12,0,0,0,0
"Mark Trumbo",NA,"OF",3900,"BAL","@TEX",6.02,"Bibens-Dirkx",NA,"-1%","R","R",0.345,"1%",0.224,"-2%",NA,"5",NA,"3%","3%","0%",5.2,7.8,7.4,-0.3,15,9.4,2.4,0,0
"Tommy Pham",NA,"OF",3900,"STL","ARI",3.73,"Greinke",0.261,"-13%","R","R",0.365,"0%",0.212,"-1%",NA,"2",NA,"-1%","0%","-2%",9.9,10.3,10.3,1.1,19.5,7.1,1.8,0,0
"Yasiel Puig",NA,"OF",3800,"LAD","SF",5.27,"Blach",0.331,"2%","L","R",0.344,"2%",0.173,"-3%",NA,"x",NA,"-4%","2%","2%",11,8.1,8.3,-0.6,17.1,0,0,0,0
"Manuel Margot",NA,"OF",3800,"SD","PIT",4.1,"Nova",0.295,"-5%","R","R",0.289,"-4%",0.118,"-7%",NA,"1",NA,"-2%","0%","0%",9.1,7.4,7.4,-0.3,15,6.5,1.7,0,0
"Keon Broxton",NA,"OF",3800,"MIL","CHC",4.16,"Hendricks",0.259,"-13%","R","R",0.305,"-4%",0.188,"-5%",NA,"x",NA,"0%","0%","0%",5.7,8,8,-0.3,16.3,0,0,0,0
"Lorenzo Cain",NA,"OF",3800,"KC","@BOS",4.33,"Rodriguez",0.302,"-4%","L","R",0.352,"5%",0.171,"20%",NA,"x",NA,"6%","-1%","-5%",6.2,7.6,7.8,0.6,14.9,0,0,0,0
"Rougned Odor",NA,"2B",3800,"TEX","BAL",5.48,"Gausman",0.311,"-2%","R","L",0.328,"3%",0.236,"17%",NA,"6",NA,"1%","3%","0%",7.6,7.3,7.1,-0.8,14.9,8.4,2.2,0,0
"Robinson Cano",NA,"2B",3800,"SEA","NYM",4.11,"deGrom",0.288,"-7%","R","L",0.369,"7%",0.225,"24%",NA,"3",NA,"-2%","3%","0%",6.5,8.8,8.5,-0.1,17.2,8.4,2.2,0,0
"Kevin Kiermaier",NA,"OF",3800,"TB","@NYY",4.43,"Smith",NA,"-5%","L","L",0.28,"-9%",0.118,"-22%",NA,"x",NA,"0%","0%","0%",10.3,7.5,7.5,0.4,14.5,0,0,0,0
"Matt Holliday",NA,"1B",3800,"NYY","TB",5.07,"Snell",0.337,"4%","L","R",0.37,"5%",0.198,"3%",NA,"4",NA,"0%","0%","-5%",3,8.2,8.2,0.3,16.2,8.5,2.2,0,0
"Devon Travis",NA,"2B",3800,"TOR","LAA",5.02,"Petit",0.268,"-11%","R","R",0.339,"0%",0.165,"-3%",NA,"x",NA,"0%","0%","0%",9.8,7,7,-0.2,14.3,0,0,0,0
"Joc Pederson",NA,"OF",3800,"LAD","SF",5.27,"Blach",0.25,"-9%","L","L",0.263,"-16%",0.14,"-30%",NA,"8",NA,"-2%","2%","3%",7,7.4,7.4,0.6,14.2,6,1.6,0,0
"Jose Reyes",NA,"3B/SS",3800,"NYM","@SEA",4.89,"Gallardo",0.321,"0%","R","S",0.289,"-6%",0.124,"-9%",NA,"x",NA,"-2%","3%","0%",7.3,7.8,7.4,0.5,14.2,0,0,0,0
"Brian McCann",NA,"C",3800,"HOU","@DET",5.55,"Boyd",0.356,"5%","L","L",0.326,"0%",0.18,"-4%",NA,"7",NA,"-11%","2%","2%",7.8,8,8,0.6,15.3,7.4,1.9,0,0
"Wil Myers",NA,"1B",3800,"SD","PIT",4.1,"Nova",0.295,"-5%","R","R",0.334,"0%",0.205,"8%",NA,"3",NA,"-2%","0%","0%",9.8,7.8,8.2,1,15.5,7.6,2,0,0
"Nomar Mazara",NA,"OF",3800,"TEX","BAL",5.48,"Gausman",0.311,"-2%","R","L",0.336,"6%",0.188,"17%",NA,"3",NA,"2%","3%","0%",4.5,7.2,7.6,0.3,15,8.4,2.2,0,0
"Jose Pirela",NA,"OF",3800,"SD","PIT",4.1,"Nova",0.295,"-5%","R","R",0.28,"-5%",0.146,"0%",NA,"x",NA,"-2%","0%","0%",7.8,8.1,8.1,0.8,15.5,0,0,0,0
"Cesar Hernandez",NA,"2B",3800,"PHI","ATL",4.66,"Newcomb",0.329,"3%","L","S",0.318,"0%",0.077,"-15%",NA,"1",NA,"-1%","-1%","-5%",9.9,8.2,8.2,1.5,14.9,6.9,1.8,0,0
"Chase Utley",NA,"1B/2B",3800,"LAD","SF",5.27,"Blach",0.25,"-9%","L","L",0.285,"-6%",0.131,"-11%",NA,"x",NA,"0%","0%","0%",7.7,6.6,6.6,-0.3,13.4,0,0,0,0
"Andrelton Simmons",NA,"SS",3800,"LAA","@TOR",4.48,"Liriano",0.326,"1%","L","R",0.302,"-2%",0.124,"15%",NA,"5",NA,"4%","2%","0%",9.2,7.9,7.8,1.2,14.4,7.3,1.9,0,0
"Adrian Gonzalez",NA,"1B",3800,"LAD","SF",5.27,"Blach",0.25,"-9%","L","L",0.297,"-9%",0.118,"-27%",NA,"x",NA,"0%","0%","0%",4.8,5.2,5.2,0.5,9.8,0,0,0,0
"Jonathan Villar",NA,"2B",3800,"MIL","CHC",4.16,"Hendricks",0.298,"-5%","R","S",0.324,"0%",0.137,"-8%",NA,"6",NA,"6%","0%","0%",7.6,7.8,7.8,0.3,15.4,7.8,2.1,0,0
"Xander Bogaerts",NA,"SS",3700,"BOS","KC",5.17,"Cahill",0.308,"-2%","R","R",0.329,"-3%",0.129,"-2%",NA,"7",NA,"4%","-1%","-6%",3.8,7.9,7.9,0.8,14.9,7,1.9,0,0
"Trey Mancini",NA,"1B/OF",3700,"BAL","@TEX",6.02,"Bibens-Dirkx",NA,"-1%","R","R",0.4,"5%",0.25,"8%",NA,"6",NA,"4%","3%","0%",8.3,8.1,8,-0.6,16.5,9,2.4,0,0
"Carlos Gomez",NA,"OF",3700,"TEX","BAL",5.48,"Gausman",0.357,"8%","R","R",0.323,"-2%",0.183,"-1%",NA,"7",NA,"2%","3%","0%",5.1,8,8,-0.5,16.5,8.3,2.2,0,0
"Matt Kemp",NA,"OF",3700,"ATL","@PHI",4.34,"Eickhoff",0.267,"-12%","R","R",0.327,"-2%",0.195,"-2%",NA,"4",NA,"4%","-2%","-11%",6.4,7.6,7.9,0.1,15.6,6.5,1.8,0,0
"Dexter Fowler",NA,"OF",3700,"STL","ARI",3.73,"Greinke",0.274,"-10%","R","S",0.341,"-3%",0.181,"7%",NA,"x",NA,"0%","0%","0%",5.1,7.9,7.9,0.2,15.5,0,0,0,0
"Eugenio Suarez",NA,"3B",3700,"CIN","@MIA",4.02,"Conley",0.319,"0%","L","R",0.355,"8%",0.197,"15%",NA,"2",NA,"-6%","3%","0%",9.2,7.3,7.8,0.4,15.2,8.5,2.3,0,0
"Francisco Mejia",NA,"C",3700,"CLE","@CWS",4.97,"Gonzalez",0.326,"1%","R","S",NA,"2%",NA,"6%",NA,"x",NA,"0%","0%","0%",0,0,0,0,0,0,0,0,0
"Lucas Duda",NA,"1B",3700,"TB","@NYY",4.43,"Smith",NA,"-5%","L","L",0.297,"-11%",0.169,"-22%",NA,"x",NA,"0%","0%","0%",7.4,8.1,8.1,0,16.3,0,0,0,0
"Matt Adams",NA,"1B",3700,"ATL","@PHI",4.34,"Eickhoff",0.353,"7%","R","L",0.339,"8%",0.221,"10%",NA,"5",NA,"0%","-2%","-11%",8.9,8.8,8.8,-0.6,18.3,8.2,2.2,0,0
"Joey Gallo",NA,"1B/3B",3700,"TEX","BAL",5.48,"Gausman",0.311,"-2%","R","L",0.343,"3%",0.302,"7%",NA,"8",NA,"2%","3%","0%",9.4,8.2,8.2,-0.4,16.8,7.9,2.1,0,0
"Randal Grichuk",NA,"OF",3700,"STL","ARI",3.73,"Greinke",0.261,"-13%","R","R",0.337,"1%",0.249,"2%",NA,"4",NA,"-1%","0%","-3%",11.7,7.9,7.9,-0.3,16.2,6.6,1.8,0,0
"Yasmany Tomas",NA,"OF",3700,"ARI","@STL",4.27,"Leake",0.297,"-5%","R","R",0.309,"-6%",0.175,"-10%",NA,"x",NA,"0%","0%","0%",4.2,7.9,7.9,0.3,15.5,0,0,0,0
"Tommy Joseph",NA,"1B",3700,"PHI","ATL",4.66,"Newcomb",0.329,"3%","L","R",0.362,"5%",0.286,"16%",NA,"5",NA,"2%","-2%","-11%",6.5,7.3,7,-0.2,14.3,7.5,2,0,0
"Delino DeShields",NA,"OF",3700,"TEX","BAL",5.48,"Gausman",0.357,"8%","R","R",0.297,"-2%",0.099,"-5%",NA,"x",NA,"0%","0%","0%",6.1,7.5,7.5,1,14,0,0,0,0
"Ian Kinsler",NA,"2B",3700,"DET","HOU",4.95,"McHugh",0.329,"2%","R","R",0.333,"-2%",0.149,"-5%",NA,"1",NA,"1%","2%","2%",8.9,7.7,7.8,0.5,15.1,8.8,2.4,0,0
"Adam Lind",NA,"1B",3700,"WAS","COL",5.23,"Marquez",0.345,"5%","R","L",0.353,"8%",0.214,"17%",NA,"7",NA,"-1%","-4%","-6%",9.8,8.5,8.5,0.7,16.3,7.8,2.1,0,0
"Ryan Schimpf",NA,"3B",3600,"SD","PIT",4.1,"Nova",0.361,"9%","R","L",0.351,"3%",0.303,"3%",NA,"x",NA,"0%","0%","0%",7.5,6.9,6.9,-0.4,14.2,0,0,0,0
"Aaron Hicks",NA,"OF",3600,"NYY","TB",5.07,"Snell",0.337,"4%","L","S",0.322,"1%",0.168,"9%",NA,"x",NA,"0%","0%","0%",3.9,9.4,9.4,0.4,18.4,0,0,0,0
"Andrew Benintendi",NA,"OF",3600,"BOS","KC",5.17,"Cahill",0.341,"5%","R","L",0.351,"5%",0.183,"17%",NA,"2",NA,"4%","-1%","-5%",4.7,7.9,8,-0.8,16.8,9.3,2.6,0,0
"Jackie Bradley Jr.",NA,"OF",3600,"BOS","KC",5.17,"Cahill",0.341,"5%","R","L",0.351,"3%",0.234,"17%",NA,"5",NA,"3%","-1%","-6%",5.7,7.5,7.6,0.5,14.6,8.4,2.3,0,0
"Addison Russell",NA,"SS",3600,"CHC","@MIL",5.34,"Guerra",0.314,"-2%","R","R",0.313,"1%",0.162,"-4%",NA,"7",NA,"-2%","0%","0%",7.9,7.2,7.2,-0.3,14.6,7.1,2,0,0
"Howie Kendrick",NA,"2B/OF",3600,"PHI","ATL",4.66,"Newcomb",0.329,"3%","L","R",0.335,"2%",0.122,"-1%",NA,"3",NA,"0%","-1%","-7%",6.6,8.4,8.4,0.7,16.1,7.1,2,0,0
"David Wright",NA,"3B",3600,"NYM","@SEA",4.89,"Gallardo",0.332,"3%","R","R",0.343,"-6%",0.162,"-6%",NA,"x",NA,"0%","0%","0%",0,0,0,0,0,0,0,0,0
"Buster Posey",NA,"1B/C",3600,"SF","@LAD",3.23,"Hill",0.247,"-16%","L","R",0.387,"6%",0.198,"22%",NA,"4",NA,"-1%","2%","2%",7.8,8.5,8.4,2,14.7,7.7,2.1,0,0
"Ender Inciarte",NA,"OF",3600,"ATL","@PHI",4.34,"Eickhoff",0.353,"7%","R","L",0.331,"4%",0.109,"15%",NA,"1",NA,"-2%","-1%","-6%",7.2,8.6,8.4,1.6,15.2,7.9,2.2,0,0
"Brandon Moss",NA,"OF",3600,"KC","@BOS",4.33,"Rodriguez",0.343,"-1%","L","L",0.321,"2%",0.171,"-18%",NA,"7",NA,"5%","-1%","-6%",9.7,6.5,6.5,-0.7,13.7,7.4,2.1,0,0
"Jason Heyward",NA,"OF",3600,"CHC","@MIL",5.34,"Guerra",0.307,"-2%","R","L",0.32,"4%",0.136,"10%",NA,"1",NA,"19%","0%","0%",8.1,7,7,0.8,13.3,10.4,2.9,0,0
"Kike Hernandez",NA,"OF/SS",3600,"LAD","SF",5.27,"Blach",0.331,"2%","L","R",NA,"3%",NA,"8%",NA,"7",NA,"-3%","2%","2%",7.3,7.2,7.2,0.4,13.9,6.7,1.9,0,0
"Tyler Flowers",NA,"C",3600,"ATL","@PHI",4.34,"Eickhoff",0.267,"-12%","R","R",0.325,"2%",0.144,"2%",NA,"x",NA,"3%","-2%","-10%",7.1,7.5,7.5,1.1,14,0,0,0,0
"Austin Jackson",NA,"OF",3600,"CLE","@CWS",4.97,"Gonzalez",0.319,"0%","R","R",0.304,"-3%",0.102,"-14%",NA,"x",NA,"0%","0%","0%",9,7,7,0.5,13.6,0,0,0,0
"Carlos Gonzalez",NA,"OF",3600,"COL","@WAS",4.77,"Roark",0.316,"-1%","R","L",0.371,"8%",0.235,"12%",NA,"6",NA,"-13%","-4%","-5%",6,6.1,6.1,0.1,12.2,6.9,1.9,0,0
"Mason Williams",NA,"OF",3600,"NYY","TB",5.07,"Snell",NA,"-1%","L","L",NA,"-7%",NA,"-22%",NA,"x",NA,"0%","0%","0%",6.4,6.4,6.4,0.9,11.9,0,0,0,0
"Daniel Descalso",NA,"2B/OF",3600,"ARI","@STL",4.27,"Leake",0.327,"2%","R","L",0.324,"4%",0.16,"12%",NA,"x",NA,"0%","0%","0%",7.1,7.1,7.1,0.8,13.5,0,0,0,0
"Jose Abreu",NA,"1B",3600,"CWS","CLE",3.03,"Kluber",0.251,"-15%","R","R",0.358,"-2%",0.199,"-3%",NA,"3",NA,"0%","1%","0%",9.2,9.6,8.7,1.2,16.3,6.9,1.9,0,0
"Nick Williams",NA,"OF",3600,"PHI","ATL",4.66,"Newcomb",NA,"-4%","L","L",NA,"-7%",NA,"-22%",NA,"6",NA,"-3%","-2%","-9%",13.9,9.4,9.4,1.5,17.4,5.7,1.6,0,0
"Jon Jay",NA,"OF",3600,"CHC","@MIL",5.34,"Guerra",0.307,"-2%","R","L",0.306,"-1%",0.094,"12%",NA,"x",NA,"0%","0%","0%",6,6.1,6.1,1.2,11.1,0,0,0,0
"Norichika Aoki",NA,"OF",3600,"HOU","@DET",5.55,"Boyd",0.356,"5%","L","L",0.336,"2%",0.056,"-39%",NA,"x",NA,"0%","0%","0%",10.1,5.8,5.8,-0.1,11.7,0,0,0,0
"Luis Valbuena",NA,"1B/3B",3600,"LAA","@TOR",4.48,"Liriano",0.303,"-4%","L","L",0.283,"-10%",0.13,"-30%",NA,"x",NA,"0%","0%","0%",9.6,6.5,6.5,-0.8,13.8,0,0,0,0
"Jake Marisnick",NA,"OF",3600,"HOU","@DET",5.55,"Boyd",0.36,"9%","L","R",0.294,"2%",0.165,"12%",NA,"9",NA,"-1%","2%","2%",6.6,7.6,7.6,-0.3,15.6,7.9,2.2,0,0
"Steve Pearce",NA,"OF",3600,"TOR","LAA",5.02,"Petit",0.268,"-11%","R","R",0.334,"-5%",0.181,"-15%",NA,"5",NA,"1%","2%","0%",7.6,6.5,6.5,-1.2,14.1,6.6,1.8,0,0
"Brandon Phillips",NA,"2B",3500,"ATL","@PHI",4.34,"Eickhoff",0.267,"-12%","R","R",0.324,"3%",0.128,"5%",NA,"2",NA,"1%","-2%","-8%",9.3,7.8,7.6,0.3,14.9,6.2,1.8,0,0
"Cameron Maybin",NA,"OF",3500,"LAA","@TOR",4.48,"Liriano",0.326,"1%","L","R",0.302,"-4%",0.107,"-1%",NA,"x",NA,"0%","0%","0%",3.3,8.5,8.5,-0.3,17.3,0,0,0,0
"Jose Osuna",NA,"1B/OF",3500,"PIT","@SD",4.4,"Lamet",NA,"-1%","R","R",0.312,"-2%",0.213,"6%",NA,"x",NA,"0%","0%","0%",8.8,7.7,7.7,0.4,15,0,0,0,0
"Derek Fisher",NA,"OF",3500,"HOU","@DET",5.55,"Boyd",0.356,"5%","L","L",NA,"-7%",NA,"-22%",NA,"x",NA,"0%","0%","0%",8.7,8.7,8.7,0.2,17.3,0,0,0,0
"Martin Prado",NA,"3B",3500,"MIA","CIN",4.98,"Adleman",0.337,"4%","R","R",0.3,"-10%",0.102,"-18%",NA,"x",NA,"0%","0%","0%",2.9,5.6,5.6,0.9,10.4,0,0,0,0
"Welington Castillo",NA,"C",3500,"BAL","@TEX",6.02,"Bibens-Dirkx",NA,"-1%","R","R",0.308,"-5%",0.164,"-6%",NA,"8",NA,"3%","3%","0%",6.5,6.8,6.8,-0.5,14.1,6.9,2,0,0
"Mitch Moreland",NA,"1B",3500,"BOS","KC",5.17,"Cahill",0.341,"5%","R","L",0.329,"3%",0.202,"10%",NA,"6",NA,"3%","-1%","-6%",2.4,6.7,6.7,0.2,13.2,7.5,2.1,0,0
"Tim Beckham",NA,"SS",3500,"TB","@NYY",4.43,"Smith",NA,"2%","L","R",0.321,"3%",0.181,"4%",NA,"7",NA,"1%","0%","-5%",4.1,6.9,6.8,-0.5,14,6.3,1.8,0,0
"Russell Martin",NA,"C",3500,"TOR","LAA",5.02,"Petit",0.268,"-11%","R","R",0.327,"0%",0.187,"10%",NA,"x",NA,"2%","2%","0%",4.8,6.9,6.9,0.1,13.8,0,0,0,0
"Victor Caratini",NA,"C",3500,"CHC","@MIL",5.34,"Guerra",0.307,"-2%","R","S",NA,"2%",NA,"6%",NA,"x",NA,"0%","0%","0%",4,4,4,-1.7,9.7,0,0,0,0
"Manny Pina",NA,"C",3500,"MIL","CHC",4.16,"Hendricks",0.259,"-13%","R","R",0.349,"1%",0.196,"12%",NA,"x",NA,"-1%","0%","0%",7.5,7.5,7.5,0.5,14.4,0,0,0,0
"Aledmys Diaz",NA,"SS",3500,"STL","ARI",3.73,"Greinke",0.261,"-13%","R","R",0.354,"4%",0.202,"12%",NA,"x",NA,"0%","0%","0%",3.5,6.2,6.2,-0.9,13.4,0,0,0,0
"Yangervis Solarte",NA,"2B",3500,"SD","PIT",4.1,"Nova",0.361,"9%","R","S",0.343,"3%",0.175,"9%",NA,"x",NA,"0%","0%","0%",13.1,7.4,7.4,0.6,14.2,0,0,0,0
"Derek Dietrich",NA,"3B",3500,"MIA","CIN",4.98,"Adleman",0.354,"7%","R","L",0.342,"4%",0.172,"8%",NA,"6",NA,"-3%","3%","0%",6.4,6,6,-0.7,12.6,7.5,2.1,0,0
"Johan Camargo",NA,"3B",3500,"ATL","@PHI",4.34,"Eickhoff",0.353,"7%","R","S",0.269,"-2%",0.097,"-4%",NA,"8",NA,"-3%","-1%","-6%",5.8,7.4,7.4,1,13.9,5.2,1.5,0,0
"Kurt Suzuki",NA,"C",3500,"ATL","@PHI",4.34,"Eickhoff",0.267,"-12%","R","R",0.288,"-5%",0.113,"-9%",NA,"7",NA,"2%","-2%","-9%",13.3,8.6,8.6,-0.5,17.7,4.9,1.4,0,0
"Stephen Piscotty",NA,"OF",3500,"STL","ARI",3.73,"Greinke",0.261,"-13%","R","R",0.332,"-3%",0.164,"-6%",NA,"x",NA,"0%","0%","0%",5.3,6.8,6.8,0.5,13.1,0,0,0,0
"Yonder Alonso",NA,"1B",3500,"OAK","MIN",4.45,"Mejia",NA,"-4%","L","L",0.286,"-10%",0.114,"-21%",NA,"6",NA,"-4%","0%","1%",3.9,8.3,8.3,0.3,16.3,5.8,1.7,0,0
"Nicholas Castellanos",NA,"3B",3500,"DET","HOU",4.95,"McHugh",0.329,"2%","R","R",0.315,"-2%",0.168,"-8%",NA,"5",NA,"1%","2%","2%",8.7,7.6,7.7,-0.2,15.6,8.2,2.3,0,0
"Neil Walker",NA,"2B",3500,"NYM","@SEA",4.89,"Gallardo",0.321,"0%","R","S",0.34,"3%",0.184,"14%",NA,"x",NA,"0%","0%","0%",9.5,8.2,8.2,0.6,15.8,0,0,0,0
"Ben Gamel",NA,"OF",3500,"SEA","NYM",4.11,"deGrom",0.288,"-7%","R","L",0.329,"-1%",0.113,"-9%",NA,"2",NA,"-3%","3%","0%",10.4,8,8,0.9,15.2,6.7,1.9,0,0
"Nelson Cruz",NA,"OF",3500,"SEA","NYM",4.11,"deGrom",0.265,"-12%","R","R",0.366,"-5%",0.237,"-6%",NA,"4",NA,"-4%","4%","0%",4.3,8.9,8.5,0.8,16.2,7.3,2.1,0,0
"Jordy Mercer",NA,"SS",3500,"PIT","@SD",4.4,"Lamet",NA,"-1%","R","R",0.288,"-8%",0.106,"-16%",NA,"8",NA,"-1%","0%","0%",6.8,6.9,6.6,0.4,12.8,5.7,1.6,0,0
"Jayson Werth",NA,"OF",3500,"WAS","COL",5.23,"Marquez",0.335,"3%","R","R",0.303,"-12%",0.142,"-22%",NA,"x",NA,"0%","0%","0%",8.1,8.1,8.1,0,16.2,0,0,0,0
"Starlin Castro",NA,"2B",3500,"NYY","TB",5.07,"Snell",0.337,"4%","L","R",0.305,"-2%",0.116,"-17%",NA,"x",NA,"0%","0%","0%",2.9,8.2,8.2,0.9,15.4,0,0,0,0
"Hernan Perez",NA,"3B/OF",3500,"MIL","CHC",4.16,"Hendricks",0.259,"-13%","R","R",0.289,"-1%",0.13,"-8%",NA,"5",NA,"-1%","0%","0%",5.6,7.6,7.6,-0.1,15.2,6.2,1.8,0,0
"Salvador Perez",NA,"C",3500,"KC","@BOS",4.33,"Rodriguez",0.302,"-4%","L","R",0.304,"-4%",0.175,"-7%",NA,"4",NA,"9%","-1%","-6%",8.4,8,8.2,0.4,16,7.3,2.1,0,0
"Eduardo Nunez",NA,"3B/OF",3500,"BOS","KC",5.17,"Cahill",0.308,"-2%","R","R",0.33,"5%",0.123,"-9%",NA,"x",NA,"0%","0%","0%",8.2,7.9,7.9,1.3,14.6,0,0,0,0
"Miguel Cabrera",NA,"1B",3400,"DET","HOU",4.95,"McHugh",0.329,"2%","R","R",0.383,"-3%",0.215,"-4%",NA,"4",NA,"0%","3%","2%",3.9,7.5,7.2,0.4,13.9,8.9,2.6,0,0
"Austin Barnes",NA,"C",3400,"LAD","SF",5.27,"Blach",0.331,"2%","L","R",0.375,"5%",0.247,"17%",NA,"6",NA,"-3%","2%","2%",9.8,9,9,0.7,17.3,7.5,2.2,0,0
"Michael A. Taylor",NA,"OF",3400,"WAS","COL",5.23,"Marquez",0.335,"3%","R","R",0.286,"-4%",0.154,"-4%",NA,"x",NA,"0%","0%","0%",9.2,8.7,8.7,0.1,17.3,0,0,0,0
"Abraham Almonte",NA,"OF",3400,"CLE","@CWS",4.97,"Gonzalez",0.326,"1%","R","S",0.322,"6%",0.177,"20%",NA,"x",NA,"0%","0%","0%",8.8,6.5,6.5,-0.5,13.5,0,0,0,0
"Peter O'Brien",NA,"OF",3400,"LAD","SF",5.27,"Blach",0.331,"2%","L","R",NA,"3%",NA,"8%",NA,"x",NA,"0%","0%","0%",0,0,0,0,0,0,0,0,0
"Rajai Davis",NA,"OF",3400,"OAK","MIN",4.45,"Mejia",0.33,"3%","L","R",0.337,"6%",0.166,"9%",NA,"1",NA,"-1%","0%","1%",9.1,6.7,6.7,0.1,13.3,8,2.4,0,0
"Pat Valaika",NA,"2B/SS",3400,"COL","@WAS",4.77,"Roark",0.287,"-7%","R","R",0.324,"-1%",0.291,"10%",NA,"x",NA,"0%","0%","0%",7.5,6.7,6.7,-2.1,15.4,0,0,0,0
"Chris Owings",NA,"OF/SS",3400,"ARI","@STL",4.27,"Leake",0.297,"-5%","R","R",0.293,"0%",0.13,"-3%",NA,"6",NA,"-3%","0%","-1%",2.2,7.7,8,0.3,15.7,6.7,2,0,0
"Kyle Seager",NA,"3B",3400,"SEA","NYM",4.11,"deGrom",0.288,"-7%","R","L",0.348,"4%",0.194,"4%",NA,"5",NA,"-2%","3%","0%",8.7,7.5,7.2,0.2,14.1,7.5,2.2,0,0
"Greg Bird",NA,"1B",3400,"NYY","TB",5.07,"Snell",NA,"-1%","L","L",0.323,"-6%",0.152,"-21%",NA,"x",NA,"0%","0%","0%",5.8,4.2,4.2,-2.7,11.1,0,0,0,0
"Odubel Herrera",NA,"OF",3400,"PHI","ATL",4.66,"Newcomb",NA,"-4%","L","L",0.308,"-7%",0.102,"-25%",NA,"7",NA,"-2%","-1%","-7%",11.3,7.2,7.2,0.5,13.8,5.5,1.6,0,0
"Joe Mauer",NA,"1B",3400,"MIN","@OAK",4.55,"Smith",NA,"1%","R","L",0.332,"2%",0.125,"10%",NA,"4",NA,"-5%","0%","1%",6.5,7.3,7.3,1.4,13.3,7.3,2.1,0,0
"Ronald Torreyes",NA,"3B/SS",3400,"NYY","TB",5.07,"Snell",0.337,"4%","L","R",0.278,"1%",0.024,"-7%",NA,"9",NA,"-3%","0%","-4%",4.9,5.7,5.7,0.2,11.3,5.7,1.7,0,0
"Nick Markakis",NA,"OF",3400,"ATL","@PHI",4.34,"Eickhoff",0.353,"7%","R","L",0.34,"7%",0.122,"30%",NA,"6",NA,"-2%","-1%","-6%",4.3,6.9,6.9,0.7,13.1,6.7,2,0,0
"Denard Span",NA,"OF",3400,"SF","@LAD",3.23,"Hill",0.281,"-14%","L","L",0.268,"-15%",0.063,"-46%",NA,"1",NA,"-5%","2%","2%",8.2,8.2,8.2,0.9,15.5,5.8,1.7,0,0
"Curtis Granderson",NA,"OF",3400,"NYM","@SEA",4.89,"Gallardo",0.321,"0%","R","L",0.361,"5%",0.233,"11%",NA,"6",NA,"-2%","3%","0%",5.8,7.5,7.5,0.3,14.6,8.2,2.4,0,0
"Brandon Drury",NA,"2B",3400,"ARI","@STL",4.27,"Leake",0.297,"-5%","R","R",0.333,"1%",0.165,"-3%",NA,"x",NA,"0%","0%","0%",4.9,6.8,6.8,-0.2,13.9,0,0,0,0
"Lonnie Chisenhall",NA,"OF",3400,"CLE","@CWS",4.97,"Gonzalez",0.326,"1%","R","L",0.327,"2%",0.176,"12%",NA,"x",NA,"0%","0%","0%",9.1,9.3,9.3,1,17.5,0,0,0,0
"Adonis Garcia",NA,"3B",3400,"ATL","@PHI",4.34,"Eickhoff",0.267,"-12%","R","R",0.292,"-5%",0.141,"-4%",NA,"x",NA,"0%","0%","0%",9.1,6.8,6.8,-0.1,13.7,0,0,0,0
"Robinson Chirinos",NA,"C",3400,"TEX","BAL",5.48,"Gausman",0.357,"8%","R","R",0.325,"-3%",0.245,"2%",NA,"9",NA,"2%","3%","0%",6.6,8.6,8.6,0.1,17,7.4,2.2,0,0
"Matt Carpenter",NA,"1B",3400,"STL","ARI",3.73,"Greinke",0.274,"-10%","R","L",0.386,"6%",0.245,"19%",NA,"1",NA,"-2%","0%","-2%",7.9,8.6,8.3,1.6,15,7.7,2.3,0,0
"Bobby Bradley",NA,"1B",3400,"CLE","@CWS",4.97,"Gonzalez",NA,"%","R","",NA,"%",NA,"%",NA,"x",NA,"0%","0%","0%",0,0,0,0,0,0,0,0,0
"Eduardo Escobar",NA,"3B/SS",3400,"MIN","@OAK",4.55,"Smith",NA,"1%","R","S",0.298,"-4%",0.134,"-12%",NA,"x",NA,"0%","0%","0%",6.6,7.1,7.1,-0.2,14.4,0,0,0,0
"Franklin Gutierrez",NA,"OF",3400,"LAD","SF",5.27,"Blach",0.331,"2%","L","R",0.364,"4%",0.236,"2%",NA,"x",NA,"0%","0%","0%",5.3,4.8,4.8,-0.3,10,0,0,0,0
"Chris Iannetta",NA,"C",3300,"ARI","@STL",4.27,"Leake",0.297,"-5%","R","R",0.265,"-16%",0.15,"-12%",NA,"8",NA,"-4%","0%","-2%",5.1,7.3,7.3,-0.4,15,5,1.5,0,0
"Andrew Knapp",NA,"C",3300,"PHI","ATL",4.66,"Newcomb",0.329,"3%","L","S",0.238,"1%",0.069,"4%",NA,"x",NA,"0%","0%","0%",5.4,6.3,6.3,0.9,11.8,0,0,0,0
"Jurickson Profar",NA,"OF/SS",3300,"TEX","BAL",5.48,"Gausman",0.311,"-2%","R","S",0.303,"6%",0.106,"17%",NA,"x",NA,"0%","0%","0%",4,4,4,-0.2,8.2,0,0,0,0
"Alex Dickerson",NA,"OF",3300,"SD","PIT",4.1,"Nova",0.361,"9%","R","L",0.341,"3%",0.216,"13%",NA,"x",NA,"0%","0%","0%",0,0,0,0,0,0,0,0,0
"Troy Tulowitzki",NA,"SS",3300,"TOR","LAA",5.02,"Petit",0.268,"-11%","R","R",0.322,"-6%",0.168,"-7%",NA,"6",NA,"1%","2%","0%",4.7,5.9,5.9,-0.3,12,6.5,2,0,0
"Miguel Andujar",NA,"3B",3300,"NYY","TB",5.07,"Snell",0.337,"4%","L","R",NA,"3%",NA,"8%",NA,"x",NA,"0%","0%","0%",26,26,26,26,26,0,0,0,0
"Brandon Belt",NA,"1B/OF",3300,"SF","@LAD",3.23,"Hill",0.281,"-14%","L","L",0.343,"-4%",0.186,"-6%",NA,"7",NA,"-1%","2%","2%",6.4,8.2,8.3,1.2,15.4,6.6,2,0,0
"Cheslor Cuthbert",NA,"3B",3300,"KC","@BOS",4.33,"Rodriguez",0.302,"-4%","L","R",0.317,"4%",0.136,"7%",NA,"x",NA,"0%","0%","0%",5.1,4,4,-1,9,0,0,0,0
"Stephen Drew",NA,"3B/SS",3300,"WAS","COL",5.23,"Marquez",0.345,"5%","R","L",0.305,"7%",0.196,"16%",NA,"x",NA,"-2%","-3%","-5%",3.8,5.8,5.8,-1.3,13,0,0,0,0
"Avisail Garcia",NA,"OF",3300,"CWS","CLE",3.03,"Kluber",0.251,"-15%","R","R",0.304,"-3%",0.139,"-3%",NA,"4",NA,"0%","1%","0%",7.8,8,8.2,-0.8,17.1,6.1,1.8,0,0
"Guillermo Heredia",NA,"OF",3300,"SEA","NYM",4.11,"deGrom",0.265,"-12%","R","R",0.303,"-2%",0.072,"-12%",NA,"x",NA,"0%","0%","0%",6.8,6.2,6.2,0.1,12.3,0,0,0,0
"Max Kepler",NA,"OF",3300,"MIN","@OAK",4.55,"Smith",NA,"1%","R","L",0.345,"10%",0.21,"19%",NA,"2",NA,"-5%","0%","1%",2.8,7.5,7.3,-0.2,14.8,8.6,2.6,0,0
"Jesus Aguilar",NA,"1B",3300,"MIL","CHC",4.16,"Hendricks",0.259,"-13%","R","R",0.333,"-1%",0.213,"8%",NA,"x",NA,"0%","0%","0%",8,8.2,8.2,-0.9,17.4,0,0,0,0
"Freddy Galvis",NA,"SS",3300,"PHI","ATL",4.66,"Newcomb",0.329,"3%","L","S",0.257,"-11%",0.096,"-28%",NA,"2",NA,"0%","-2%","-8%",8.1,6.8,6.8,-0.1,13.7,6.1,1.8,0,0
"Danny Santana",NA,"2B/OF",3300,"ATL","@PHI",4.34,"Eickhoff",0.353,"7%","R","S",0.253,"-5%",0.098,"-6%",NA,"x",NA,"0%","0%","0%",7.2,6.2,6.2,-2.3,14.7,0,0,0,0
"Yan Gomes",NA,"C",3300,"CLE","@CWS",4.97,"Gonzalez",0.319,"0%","R","R",0.26,"-13%",0.151,"-10%",NA,"x",NA,"-2%","1%","0%",5.4,5.7,5.7,-0.3,11.7,0,0,0,0
"Jhonny Peralta",NA,"3B",3300,"BOS","KC",5.17,"Cahill",0.308,"-2%","R","R",0.326,"-1%",0.12,"-19%",NA,"x",NA,"0%","0%","0%",3,2.6,2.6,-0.2,5.4,0,0,0,0
"Orlando Arcia",NA,"SS",3300,"MIL","CHC",4.16,"Hendricks",0.259,"-13%","R","R",0.286,"-4%",0.134,"2%",NA,"x",NA,"-1%","0%","0%",7.3,6.8,6.6,0.3,12.9,0,0,0,0
"Jean Segura",NA,"SS",3300,"SEA","NYM",4.11,"deGrom",0.265,"-12%","R","R",0.334,"2%",0.133,"2%",NA,"1",NA,"-5%","3%","0%",5.6,8.8,8.8,1.7,15.9,7.1,2.2,0,0
"Jefry Marte",NA,"1B",3300,"LAA","@TOR",4.48,"Liriano",0.326,"1%","L","R",0.332,"5%",0.22,"10%",NA,"x",NA,"0%","0%","0%",5.5,5.1,5.1,-0.5,10.8,0,0,0,0
"Stephen Vogt",NA,"C",3300,"MIL","CHC",4.16,"Hendricks",0.298,"-5%","R","L",0.331,"5%",0.189,"10%",NA,"x",NA,"0%","0%","0%",8.5,5.9,5.9,-0.6,12.5,0,0,0,0
"Trevor Plouffe",NA,"3B",3300,"TB","@NYY",4.43,"Smith",NA,"2%","L","R",0.339,"8%",0.16,"-4%",NA,"2",NA,"4%","0%","-6%",2,5.1,5.1,-0.4,10.6,7.3,2.2,0,0
"Chris Herrmann",NA,"C/OF",3300,"ARI","@STL",4.27,"Leake",0.327,"2%","R","L",0.294,"4%",0.193,"11%",NA,"x",NA,"0%","0%","0%",4.1,6.4,6.4,-1.2,14,0,0,0,0
"Caleb Joseph",NA,"C",3300,"BAL","@TEX",6.02,"Bibens-Dirkx",NA,"-1%","R","R",0.29,"1%",0.123,"-9%",NA,"x",NA,"0%","0%","0%",8,6.2,6.2,-1,13.4,0,0,0,0
"Greg Allen",NA,"OF",3300,"CLE","@CWS",4.97,"Gonzalez",0.326,"1%","R","S",NA,"2%",NA,"6%",NA,"x",NA,"0%","0%","0%",0,0,0,0,0,0,0,0,0
"Carlos Asuaje",NA,"2B",3300,"SD","PIT",4.1,"Nova",0.361,"9%","R","L",0.356,"4%",0.128,"3%",NA,"2",NA,"-3%","0%","0%",8.3,6.4,6.4,0.7,12.2,6.8,2.1,0,0
"Jorge Mateo",NA,"SS",3300,"NYY","TB",5.07,"Snell",0.337,"4%","L","R",NA,"3%",NA,"8%",NA,"x",NA,"0%","0%","0%",0,0,0,0,0,0,0,0,0
"Cameron Rupp",NA,"C",3300,"PHI","ATL",4.66,"Newcomb",0.329,"3%","L","R",0.375,"12%",0.233,"19%",NA,"8",NA,"2%","-2%","-11%",10.4,6.5,6.5,-0.6,13.5,6.2,1.9,0,0
"Jedd Gyorko",NA,"3B",3300,"STL","ARI",3.73,"Greinke",0.261,"-13%","R","R",0.324,"-2%",0.207,"4%",NA,"x",NA,"-1%","0%","-3%",4.7,8.3,8.1,0.9,15.3,0,0,0,0
"Ryon Healy",NA,"1B/3B",3300,"OAK","MIN",4.45,"Mejia",0.33,"3%","L","R",0.406,"8%",0.263,"12%",NA,"3",NA,"-2%","0%","1%",2.6,7.5,7.2,-1.3,15.6,7.9,2.4,0,0
"Victor Martinez",NA,"1B",3200,"DET","HOU",4.95,"McHugh",0.302,"-4%","R","S",0.308,"-7%",0.155,"-4%",NA,"6",NA,"-5%","2%","2%",9.3,6.6,6.5,-0.1,13.2,6.5,2,0,0
"Logan Forsythe",NA,"2B/3B",3200,"LAD","SF",5.27,"Blach",0.331,"2%","L","R",0.355,"7%",0.214,"35%",NA,"5",NA,"-3%","2%","2%",5.3,6.7,6.7,0.4,13,8.1,2.5,0,0
"Travis d'Arnaud",NA,"C",3200,"NYM","@SEA",4.89,"Gallardo",0.332,"3%","R","R",0.299,"-3%",0.148,"-6%",NA,"7",NA,"-5%","3%","0%",5.6,7,7,-1.8,15.8,6.6,2.1,0,0
"Jordan Luplow",NA,"OF",3200,"PIT","@SD",4.4,"Lamet",NA,"-1%","R","R",NA,"%",NA,"%",NA,"x",NA,"0%","0%","0%",0,0,0,0,0,0,0,0,0
"Wilson Ramos",NA,"C",3200,"TB","@NYY",4.43,"Smith",NA,"2%","L","R",0.337,"7%",0.178,"13%",NA,"5",NA,"5%","0%","-6%",3.5,6.2,6.2,-1.3,13.8,7.5,2.3,0,0
"J.J. Hardy",NA,"SS",3200,"BAL","@TEX",6.02,"Bibens-Dirkx",NA,"-1%","R","R",0.272,"-3%",0.113,"-10%",NA,"x",NA,"0%","0%","0%",4.8,4.7,4.7,-0.7,10.2,0,0,0,0
"Daniel Nava",NA,"OF",3200,"PHI","ATL",4.66,"Newcomb",0.329,"3%","L","S",0.256,"-5%",0.054,"-12%",NA,"x",NA,"0%","0%","0%",7.4,7.3,7.3,0.9,13.6,0,0,0,0
"Melky Cabrera",NA,"OF",3200,"CWS","CLE",3.03,"Kluber",0.299,"-5%","R","S",0.327,"1%",0.137,"-1%",NA,"1",NA,"-1%","1%","0%",6.5,7.9,7.6,0.4,14.7,7.2,2.3,0,0
"Mikie Mahtook",NA,"OF",3200,"DET","HOU",4.95,"McHugh",0.329,"2%","R","R",0.274,"-7%",0.118,"-18%",NA,"7",NA,"1%","2%","2%",10.3,6.3,6.3,0.5,12,6.7,2.1,0,0
"Sandy Leon",NA,"C",3200,"BOS","KC",5.17,"Cahill",0.341,"5%","R","S",0.298,"-1%",0.117,"-4%",NA,"8",NA,"5%","-1%","-6%",5,6,6,-1.5,13.5,5.6,1.7,0,0
"Dustin Fowler",NA,"OF",3200,"NYY","TB",5.07,"Snell",NA,"-1%","L","L",NA,"-7%",NA,"-22%",NA,"x",NA,"0%","0%","0%",0,0,0,0,0,0,0,0,0
"Yoan Moncada",NA,"2B/3B",3200,"CWS","CLE",3.03,"Kluber",0.299,"-5%","R","S",0.331,"2%",0.207,"8%",NA,"6",NA,"0%","1%","0%",5.6,5.6,5.6,-1.5,12.8,6.6,2.1,0,0
"Ezequiel Carrera",NA,"OF",3200,"TOR","LAA",5.02,"Petit",0.339,"4%","R","L",0.315,"-1%",0.116,"2%",NA,"x",NA,"0%","0%","0%",6.8,6.4,6.4,1.1,11.7,0,0,0,0
"Mike Zunino",NA,"C",3200,"SEA","NYM",4.11,"deGrom",0.265,"-12%","R","R",0.284,"-3%",0.207,"9%",NA,"9",NA,"-5%","4%","0%",8.1,7.1,7.1,-1.5,15.7,5.3,1.7,0,0
"Ronald Guzman",NA,"1B",3200,"TEX","BAL",5.48,"Gausman",0.311,"-2%","R","L",NA,"2%",NA,"6%",NA,"x",NA,"0%","0%","0%",0,0,0,0,0,0,0,0,0
"Erik Gonzalez",NA,"2B/SS",3200,"CLE","@CWS",4.97,"Gonzalez",0.319,"0%","R","R",0.366,"0%",0.136,"0%",NA,"x",NA,"-3%","1%","0%",5.2,6.3,6.3,0,12.6,0,0,0,0
"Jose Iglesias",NA,"SS",3200,"DET","HOU",4.95,"McHugh",0.329,"2%","R","R",0.281,"-5%",0.07,"-20%",NA,"9",NA,"0%","2%","2%",7.2,6.3,6,-0.8,12.8,6.1,1.9,0,0
"Rey Fuentes",NA,"OF",3200,"ARI","@STL",4.27,"Leake",0.327,"2%","R","L",0.302,"0%",0.098,"-3%",NA,"x",NA,"0%","0%","0%",5.4,4.9,4.9,0,9.7,0,0,0,0
"Jeimer Candelario",NA,"1B/3B",3200,"CHC","@MIL",5.34,"Guerra",0.307,"-2%","R","S",0.182,"-2%",0.111,"4%",NA,"x",NA,"0%","0%","0%",5.3,5.3,5.3,-0.9,11.4,0,0,0,0
"Tyler Wade",NA,"SS",3200,"NYY","TB",5.07,"Snell",NA,"-1%","L","L",NA,"-7%",NA,"-22%",NA,"x",NA,"0%","0%","0%",4.1,4.1,4.1,1.1,7.1,0,0,0,0
"Brandon Guyer",NA,"OF",3200,"CLE","@CWS",4.97,"Gonzalez",0.319,"0%","R","R",0.289,"-11%",0.101,"-21%",NA,"7",NA,"-3%","1%","0%",5.3,4.5,4.5,-0.6,9.5,5.4,1.7,0,0
"Maikel Franco",NA,"3B",3200,"PHI","ATL",4.66,"Newcomb",0.329,"3%","L","R",0.321,"3%",0.206,"13%",NA,"4",NA,"2%","-2%","-11%",8.8,7,6.8,-0.2,13.9,7.5,2.3,0,0
"Billy Burns",NA,"OF",3200,"KC","@BOS",4.33,"Rodriguez",0.302,"-4%","L","S",0.318,"7%",0.091,"9%",NA,"x",NA,"0%","0%","0%",2.5,2.5,2.5,-1,6,0,0,0,0
"Kennys Vargas",NA,"1B",3200,"MIN","@OAK",4.55,"Smith",NA,"1%","R","S",0.286,"-4%",0.177,"5%",NA,"x",NA,"0%","0%","0%",7.5,7,7,0.3,13.7,0,0,0,0
"Matt Davidson",NA,"1B/3B",3200,"CWS","CLE",3.03,"Kluber",0.251,"-15%","R","R",0.315,"-1%",0.264,"13%",NA,"5",NA,"1%","1%","0%",4.7,7.3,7.3,-1.1,15.6,5.5,1.7,0,0
"Paulo Orlando",NA,"OF",3200,"KC","@BOS",4.33,"Rodriguez",0.302,"-4%","L","R",0.323,"5%",0.16,"18%",NA,"x",NA,"0%","0%","0%",3,3.2,3.2,-0.8,7.3,0,0,0,0
"Mark Zagunis",NA,"OF",3200,"CHC","@MIL",5.34,"Guerra",0.314,"-2%","R","R",NA,"-1%",NA,"2%",NA,"x",NA,"0%","0%","0%",2.8,2.8,2.8,-0.2,5.7,0,0,0,0
"Albert Pujols",NA,"1B",3200,"LAA","@TOR",4.48,"Liriano",0.326,"1%","L","R",0.315,"-1%",0.2,"3%",NA,"3",NA,"7%","2%","0%",5.2,6.8,6.6,0.1,13.2,8.8,2.8,0,0
"Arismendy Alcantara",NA,"2B/OF",3200,"CIN","@MIA",4.02,"Conley",0.319,"0%","L","S",0.268,"1%",0.119,"4%",NA,"x",NA,"0%","0%","0%",4,3.3,3.3,-1.6,8.2,0,0,0,0
"Matt Joyce",NA,"OF",3100,"OAK","MIN",4.45,"Mejia",NA,"-4%","L","L",0.238,"-13%",0.109,"-28%",NA,"9",NA,"-4%","0%","1%",8.2,6.9,6.7,0.2,13.3,5,1.6,0,0
"Chris Young",NA,"OF",3100,"BOS","KC",5.17,"Cahill",0.308,"-2%","R","R",0.308,"-6%",0.175,"-6%",NA,"x",NA,"0%","0%","0%",3.7,6.5,6.5,-0.3,13.3,0,0,0,0
"Scott Schebler",NA,"OF",3100,"CIN","@MIA",4.02,"Conley",0.331,"-2%","L","L",0.317,"-6%",0.207,"-16%",NA,"6",NA,"-9%","3%","0%",2.8,7.5,7.3,-0.7,15.2,6.4,2.1,0,0
"Alen Hanson",NA,"2B/OF",3100,"CWS","CLE",3.03,"Kluber",0.299,"-5%","R","S",0.238,"-4%",0.072,"-8%",NA,"x",NA,"0%","1%","0%",5.2,5.4,5.4,-0.6,11.4,0,0,0,0
"Trayce Thompson",NA,"OF",3100,"LAD","SF",5.27,"Blach",0.331,"2%","L","R",0.321,"2%",0.224,"8%",NA,"x",NA,"0%","0%","0%",5.3,4.1,4.1,-1,9.2,0,0,0,0
"Rob Refsnyder",NA,"1B/OF",3100,"TOR","LAA",5.02,"Petit",0.268,"-11%","R","R",0.271,"-4%",0.108,"-2%",NA,"x",NA,"0%","0%","0%",3,3.1,3.1,-0.3,6.5,0,0,0,0
"Kole Calhoun",NA,"OF",3100,"LAA","@TOR",4.48,"Liriano",0.303,"-4%","L","L",0.321,"0%",0.156,"-2%",NA,"6",NA,"9%","2%","0%",5,7,6.8,0.3,13.3,7.7,2.5,0,0
"Jace Peterson",NA,"2B/OF",3100,"ATL","@PHI",4.34,"Eickhoff",0.353,"7%","R","L",0.302,"4%",0.106,"7%",NA,"x",NA,"0%","0%","0%",2,3.9,3.9,0.2,7.6,0,0,0,0
"Jeremy Hazelbaker",NA,"OF",3100,"ARI","@STL",4.27,"Leake",0.327,"2%","R","L",0.356,"5%",0.241,"13%",NA,"x",NA,"0%","0%","0%",4.9,4.9,4.9,-0.3,10.1,0,0,0,0
"Yadier Molina",NA,"C",3100,"STL","ARI",3.73,"Greinke",0.261,"-13%","R","R",0.316,"-1%",0.114,"-3%",NA,"x",NA,"0%","0%","-1%",7.9,7.2,7.1,1,13.2,0,0,0,0
"Ji-Man Choi",NA,"1B/OF",3100,"NYY","TB",5.07,"Snell",NA,"-1%","L","L",NA,"-7%",NA,"-22%",NA,"x",NA,"0%","0%","0%",11.5,11.5,11.5,4.3,18.7,0,0,0,0
"Miguel Montero",NA,"C",3100,"TOR","LAA",5.02,"Petit",0.339,"4%","R","L",0.316,"6%",0.154,"16%",NA,"7",NA,"1%","2%","0%",2.8,5.2,5.2,-0.7,11.2,7,2.3,0,0
"Kevin Pillar",NA,"OF",3100,"TOR","LAA",5.02,"Petit",0.268,"-11%","R","R",0.293,"-3%",0.121,"-4%",NA,"8",NA,"1%","2%","0%",3.6,6.9,6.9,-0.1,13.8,6.1,2,0,0
"Alex Avila",NA,"1B/C",3100,"DET","HOU",4.95,"McHugh",0.302,"-4%","R","L",0.344,"9%",0.17,"22%",NA,"x",NA,"-5%","2%","2%",2.9,7.6,7.6,0.7,14.5,0,0,0,0
"Kolten Wong",NA,"2B",3100,"STL","ARI",3.73,"Greinke",0.274,"-10%","R","L",0.327,"5%",0.143,"16%",NA,"6",NA,"-1%","0%","-1%",6,7.3,7.3,2.1,12.4,6.5,2.1,0,0
"Cory Spangenberg",NA,"3B/OF",3100,"SD","PIT",4.1,"Nova",0.361,"9%","R","L",0.313,"1%",0.142,"13%",NA,"5",NA,"-3%","0%","0%",8.8,6.9,6.9,0.5,13.3,6.8,2.2,0,0
"Garrett Cooper",NA,"1B",3100,"NYY","TB",5.07,"Snell",0.337,"4%","L","R",NA,"3%",NA,"8%",NA,"8",NA,"-2%","0%","-4%",4.6,4.6,4.6,-2.1,11.3,5.8,1.9,0,0
"Eric Sogard",NA,"2B/SS",3100,"MIL","CHC",4.16,"Hendricks",0.298,"-5%","R","L",0.307,"4%",0.076,"0%",NA,"1",NA,"5%","0%","0%",4.7,8.3,8.3,1.1,15.6,7.3,2.4,0,0
"C.J. Cron",NA,"1B",3100,"LAA","@TOR",4.48,"Liriano",0.326,"1%","L","R",0.31,"-2%",0.176,"2%",NA,"4",NA,"6%","2%","0%",5.4,5.4,5.4,0.3,10.4,8.3,2.7,0,0
"Nick Ahmed",NA,"SS",3100,"ARI","@STL",4.27,"Leake",0.297,"-5%","R","R",0.243,"-9%",0.11,"-8%",NA,"x",NA,"0%","0%","0%",5.6,6.7,6.7,-0.7,14.2,0,0,0,0
"Alex Presley",NA,"OF",3100,"DET","HOU",4.95,"McHugh",0.302,"-4%","R","L",0.285,"-1%",0.098,"2%",NA,"2",NA,"-4%","2%","2%",7.2,7.2,7.2,0.3,14,6.8,2.2,0,0
"Tyler Austin",NA,"OF",3100,"NYY","TB",5.07,"Snell",0.337,"4%","L","R",0.457,"6%",0.37,"16%",NA,"x",NA,"0%","0%","0%",5.3,5.3,5.3,-2,12.5,0,0,0,0
"Byron Buxton",NA,"OF",3100,"MIN","@OAK",4.55,"Smith",NA,"-1%","R","R",0.285,"1%",0.154,"6%",NA,"x",NA,"0%","0%","0%",8.5,5.7,5.7,-0.8,12.2,0,0,0,0
"Ketel Marte",NA,"SS",3100,"ARI","@STL",4.27,"Leake",0.327,"2%","R","S",0.3,"3%",0.087,"-6%",NA,"7",NA,"-6%","0%","-1%",7.7,6.7,6.7,-1,14.5,6.7,2.2,0,0
"Stephen Cardullo",NA,"OF",3000,"COL","@WAS",4.77,"Roark",0.287,"-7%","R","R",0.256,"-2%",0.235,"6%",NA,"x",NA,"0%","0%","0%",2.8,2.8,2.8,-0.8,6.3,0,0,0,0
"James McCann",NA,"C",3000,"DET","HOU",4.95,"McHugh",0.329,"2%","R","R",0.249,"-15%",0.083,"-42%",NA,"8",NA,"0%","2%","2%",7.2,6.3,6.3,-0.6,13.1,5.2,1.7,0,0
"Pete Kozma",NA,"3B/SS",3000,"TEX","BAL",5.48,"Gausman",0.357,"8%","R","R",0.167,"-8%",0,"-20%",NA,"x",NA,"0%","0%","0%",3,2.8,2.8,-1.7,7.4,0,0,0,0
"Pablo Sandoval",NA,"3B",3000,"SF","@LAD",3.23,"Hill",0.247,"-16%","L","S",0.251,"-10%",0.077,"-33%",NA,"x",NA,"0%","0%","0%",3.4,5.3,5.3,-1,11.6,0,0,0,0
"Tom Murphy",NA,"C",3000,"COL","@WAS",4.77,"Roark",0.287,"-7%","R","R",0.453,"4%",0.444,"19%",NA,"x",NA,"0%","0%","0%",1.8,1.8,1.8,-0.9,4.5,0,0,0,0
"Jorge Soler",NA,"OF",3000,"KC","@BOS",4.33,"Rodriguez",0.302,"-4%","L","R",0.316,"3%",0.165,"8%",NA,"x",NA,"9%","-1%","-6%",4.9,4.6,4.6,-0.1,9.2,0,0,0,0
"Andrew Susac",NA,"C",3000,"MIL","CHC",4.16,"Hendricks",0.259,"-13%","R","R",0.254,"-6%",0.137,"-2%",NA,"x",NA,"0%","0%","0%",0,0,0,0,0,0,0,0,0
"Tommy La Stella",NA,"2B/3B",3000,"CHC","@MIL",5.34,"Guerra",0.307,"-2%","R","L",0.341,"1%",0.149,"4%",NA,"x",NA,"0%","0%","0%",5,5.8,5.8,-1,12.5,0,0,0,0
"Nick Franklin",NA,"OF",3000,"LAA","@TOR",4.48,"Liriano",0.326,"1%","L","S",0.241,"-4%",0.079,"-14%",NA,"x",NA,"0%","0%","0%",4.3,4,4,-1.9,9.9,0,0,0,0
"Rowdy Tellez",NA,"1B",3000,"TOR","LAA",5.02,"Petit",NA,"%","R","",NA,"%",NA,"%",NA,"x",NA,"0%","0%","0%",0,0,0,0,0,0,0,0,0
"Jesse Winker",NA,"OF",3000,"CIN","@MIA",4.02,"Conley",0.331,"-2%","L","L",NA,"-7%",NA,"-22%",NA,"x",NA,"0%","0%","0%",8.3,8.3,8.3,6,10.6,0,0,0,0
"Brett Nicholas",NA,"C",3000,"TEX","BAL",5.48,"Gausman",0.311,"-2%","R","L",0.351,"2%",0.281,"11%",NA,"x",NA,"0%","0%","0%",0,0,0,0,0,0,0,0,0
"Jared Hoying",NA,"OF",3000,"TEX","BAL",5.48,"Gausman",0.311,"-2%","R","L",0.239,"-3%",0.065,"-6%",NA,"x",NA,"0%","0%","0%",4.5,5.2,5.2,-2.8,13.1,0,0,0,0
"Ryan Raburn",NA,"OF",3000,"WAS","COL",5.23,"Marquez",0.335,"3%","R","R",0.289,"-7%",0.16,"-8%",NA,"x",NA,"0%","0%","0%",5.4,6.2,6.2,0.3,12,0,0,0,0
"Travis Jankowski",NA,"OF",3000,"SD","PIT",4.1,"Nova",0.361,"9%","R","L",0.303,"8%",0.086,"12%",NA,"x",NA,"0%","0%","0%",3.4,4.3,4.3,0.2,8.4,0,0,0,0
"Jake Bauers",NA,"1B",3000,"TB","@NYY",4.43,"Smith",NA,"%","L","",NA,"%",NA,"%",NA,"x",NA,"0%","0%","0%",0,0,0,0,0,0,0,0,0
"Raimel Tapia",NA,"OF",3000,"COL","@WAS",4.77,"Roark",0.316,"-1%","R","L",0.338,"2%",0.112,"-1%",NA,"x",NA,"0%","0%","0%",7.6,7.6,7.6,-0.1,15.3,0,0,0,0
"Peter Bourjos",NA,"OF",3000,"TB","@NYY",4.43,"Smith",NA,"2%","L","R",0.287,"1%",0.117,"-9%",NA,"9",NA,"2%","0%","-5%",5.6,5.2,5.2,-0.6,10.9,5.5,1.8,0,0
"Brandon Crawford",NA,"SS",3000,"SF","@LAD",3.23,"Hill",0.281,"-14%","L","L",0.311,"-2%",0.133,"-19%",NA,"5",NA,"-2%","2%","2%",6.4,6.4,6.6,0.2,13,6.2,2.1,0,0
"Jonathan Lucroy",NA,"C",3000,"TEX","BAL",5.48,"Gausman",0.357,"8%","R","R",0.335,"0%",0.153,"-3%",NA,"x",NA,"2%","3%","0%",4.4,5.6,5.6,0,11.2,0,0,0,0
"Jesus Sucre",NA,"C",3000,"TB","@NYY",4.43,"Smith",NA,"2%","L","R",0.305,"5%",0.118,"5%",NA,"x",NA,"0%","0%","0%",5.3,6.2,6.2,-0.3,12.6,0,0,0,0
"T.J. Rivera",NA,"1B/3B",3000,"NYM","@SEA",4.89,"Gallardo",0.332,"3%","R","R",0.358,"4%",0.162,"7%",NA,"x",NA,"-6%","3%","0%",6.7,6.7,6.7,0.2,13.1,0,0,0,0
"Willie Calhoun",NA,"2B",3000,"LAD","SF",5.27,"Blach",NA,"%","L","",NA,"%",NA,"%",NA,"x",NA,"0%","0%","0%",0,0,0,0,0,0,0,0,0
"Alex Gordon",NA,"OF",3000,"KC","@BOS",4.33,"Rodriguez",0.343,"-1%","L","L",0.338,"5%",0.161,"3%",NA,"8",NA,"8%","-1%","-5%",7,5.4,5.3,-0.1,10.7,7,2.3,0,0
"Dalton Pompey",NA,"OF",3000,"TOR","LAA",5.02,"Petit",0.339,"4%","R","S",0.263,"-1%",0.158,"6%",NA,"x",NA,"0%","0%","0%",0,0,0,0,0,0,0,0,0
"Rafael Devers",NA,"3B",3000,"BOS","KC",5.17,"Cahill",0.341,"5%","R","L",NA,"2%",NA,"6%",NA,"9",NA,"4%","-1%","-6%",11.5,11.5,11.5,3.7,19.3,6.9,2.3,0,0
"Andrew Romine",NA,"2B/OF",3000,"DET","HOU",4.95,"McHugh",0.302,"-4%","R","S",0.282,"-1%",0.096,"9%",NA,"x",NA,"0%","0%","0%",6.9,6.2,6.2,0.2,12.2,0,0,0,0
"Derek Norris",NA,"C",3000,"TB","@NYY",4.43,"Smith",NA,"2%","L","R",0.358,"16%",0.19,"15%",NA,"x",NA,"0%","0%","0%",8.4,5.9,5.9,-1.5,13.3,0,0,0,0
"Kirk Nieuwenhuis",NA,"OF",3000,"MIL","CHC",4.16,"Hendricks",0.298,"-5%","R","L",0.308,"4%",0.183,"8%",NA,"x",NA,"0%","0%","0%",5.2,5.2,5.2,-0.8,11.1,0,0,0,0
"Andrew Toles",NA,"OF",3000,"LAD","SF",5.27,"Blach",0.25,"-9%","L","L",NA,"-7%",NA,"-22%",NA,"x",NA,"0%","0%","0%",9.8,7,7,0.4,13.7,0,0,0,0
"Joe Panik",NA,"2B",3000,"SF","@LAD",3.23,"Hill",0.281,"-14%","L","L",0.307,"-6%",0.082,"-38%",NA,"2",NA,"-5%","2%","2%",5.5,6.5,6.7,0.2,13.1,6.2,2.1,0,0
"Chris Carter",NA,"1B",3000,"OAK","MIN",4.45,"Mejia",0.33,"3%","L","R",0.342,"3%",0.252,"4%",NA,"x",NA,"0%","0%","0%",3.7,5.9,5.9,-0.6,12.3,0,0,0,0
"Dustin Garneau",NA,"C",2900,"COL","@WAS",4.77,"Roark",0.287,"-7%","R","R",0.263,"-4%",0.142,"0%",NA,"x",NA,"0%","0%","0%",5.8,4.7,4.7,-0.4,9.7,0,0,0,0
"Jed Lowrie",NA,"2B",2900,"OAK","MIN",4.45,"Mejia",0.33,"3%","L","S",0.314,"2%",0.11,"-11%",NA,"5",NA,"-2%","0%","1%",4.6,7.3,7.2,0,14.3,6.7,2.3,0,0
"Anthony Santander",NA,"OF",2900,"BAL","@TEX",6.02,"Bibens-Dirkx",NA,"1%","R","S",NA,"2%",NA,"6%",NA,"x",NA,"0%","0%","0%",0,0,0,0,0,0,0,0,0
"Jabari Blash",NA,"OF",2900,"SD","PIT",4.1,"Nova",0.295,"-5%","R","R",0.31,"-2%",0.125,"-3%",NA,"6",NA,"-2%","0%","0%",10.2,7.3,7.3,0.7,13.8,5.3,1.8,0,0
"Jason Castro",NA,"C",2900,"MIN","@OAK",4.55,"Smith",NA,"1%","R","L",0.314,"6%",0.182,"19%",NA,"9",NA,"-6%","0%","1%",5,5.9,5.9,0.3,11.4,6.2,2.1,0,0
"Hector Sanchez",NA,"C",2900,"SD","PIT",4.1,"Nova",0.361,"9%","R","S",0.327,"3%",0.235,"15%",NA,"x",NA,"0%","0%","0%",11,7.9,7.9,-0.9,16.6,0,0,0,0
"Brock Holt",NA,"2B/OF",2900,"BOS","KC",5.17,"Cahill",0.341,"5%","R","L",0.311,"-1%",0.111,"5%",NA,"1",NA,"7%","-1%","-6%",4.3,3.6,3.6,0.4,6.7,7,2.4,0,0
"Rob Segedin",NA,"3B/OF",2900,"LAD","SF",5.27,"Blach",0.331,"2%","L","R",0.274,"2%",0.14,"7%",NA,"x",NA,"0%","0%","0%",5,5,5,5,5,0,0,0,0
"Andy Ibanez",NA,"2B",2900,"TEX","BAL",5.48,"Gausman",NA,"%","R","",NA,"%",NA,"%",NA,"x",NA,"0%","0%","0%",0,0,0,0,0,0,0,0,0
"Rickie Weeks Jr.",NA,"1B",2900,"TB","@NYY",4.43,"Smith",NA,"2%","L","R",0.349,"8%",0.21,"18%",NA,"x",NA,"0%","0%","0%",3.6,5.7,5.7,-0.3,11.8,0,0,0,0
"Ryan O'Hearn",NA,"1B",2900,"KC","@BOS",4.33,"Rodriguez",NA,"%","L","",NA,"%",NA,"%",NA,"x",NA,"0%","0%","0%",0,0,0,0,0,0,0,0,0
"Danny Ortiz",NA,"OF",2900,"PIT","@SD",4.4,"Lamet",NA,"1%","R","L",NA,"2%",NA,"6%",NA,"x",NA,"0%","0%","0%",0,0,0,0,0,0,0,0,0
"Leonys Martin",NA,"OF",2900,"SEA","NYM",4.11,"deGrom",0.288,"-7%","R","L",0.272,"0%",0.115,"17%",NA,"x",NA,"0%","0%","0%",4.6,4.1,4.1,-0.5,8.8,0,0,0,0
"Jordan Patterson",NA,"OF",2900,"COL","@WAS",4.77,"Roark",0.316,"-1%","R","L",NA,"2%",NA,"6%",NA,"x",NA,"0%","0%","0%",0,0,0,0,0,0,0,0,0
"Amed Rosario",NA,"SS",2900,"NYM","@SEA",4.89,"Gallardo",0.332,"3%","R","R",NA,"-1%",NA,"2%",NA,"x",NA,"0%","0%","0%",0,0,0,0,0,0,0,0,0
"Martin Maldonado",NA,"C",2900,"LAA","@TOR",4.48,"Liriano",0.326,"1%","L","R",0.303,"6%",0.149,"9%",NA,"7",NA,"5%","2%","0%",5.2,5.6,5.6,-0.9,12,6.8,2.3,0,0
"Steve Selsky",NA,"OF",2900,"BOS","KC",5.17,"Cahill",0.308,"-2%","R","R",0.269,"-2%",0.093,"-2%",NA,"x",NA,"0%","0%","0%",2.5,2.5,2.5,-1,6,0,0,0,0
"Kevin Newman",NA,"SS",2900,"PIT","@SD",4.4,"Lamet",NA,"%","R","",NA,"%",NA,"%",NA,"x",NA,"0%","0%","0%",0,0,0,0,0,0,0,0,0
"Tim Anderson",NA,"SS",2900,"CWS","CLE",3.03,"Kluber",0.251,"-15%","R","R",0.282,"-4%",0.144,"6%",NA,"7",NA,"0%","1%","0%",3.7,6.2,6,-0.4,12.5,4.8,1.7,0,0
"Ichiro Suzuki",NA,"OF",2900,"MIA","CIN",4.98,"Adleman",0.354,"7%","R","L",0.264,"-10%",0.058,"-20%",NA,"x",NA,"0%","0%","0%",6.2,5.2,5.2,-1.3,11.6,0,0,0,0
"Alex Verdugo",NA,"OF",2900,"LAD","SF",5.27,"Blach",0.25,"-9%","L","L",NA,"-7%",NA,"-22%",NA,"x",NA,"0%","0%","0%",0,0,0,0,0,0,0,0,0
"Taylor Motter",NA,"2B/SS",2900,"SEA","NYM",4.11,"deGrom",0.265,"-12%","R","R",0.264,"-5%",0.155,"4%",NA,"x",NA,"0%","0%","0%",6,6.2,6.2,-0.7,13.1,0,0,0,0
"Brad Miller",NA,"2B",2900,"TB","@NYY",4.43,"Smith",NA,"-5%","L","L",0.271,"-14%",0.104,"-41%",NA,"x",NA,"0%","0%","0%",6,6.7,6.7,0.7,12.7,0,0,0,0
"Destin Hood",NA,"OF",2900,"MIA","CIN",4.98,"Adleman",0.337,"4%","R","R",NA,"-1%",NA,"2%",NA,"x",NA,"0%","0%","0%",0,0,0,0,0,0,0,0,0
"Giovanny Urshela",NA,"3B",2900,"CLE","@CWS",4.97,"Gonzalez",0.319,"0%","R","R",0.256,"-5%",0.102,"-5%",NA,"9",NA,"-2%","1%","0%",4.7,4.7,4.7,1.4,7.9,5.7,2,0,0
"Marco Hernandez",NA,"3B/SS",2900,"BOS","KC",5.17,"Cahill",0.341,"5%","R","L",0.281,"0%",0.082,"-3%",NA,"x",NA,"0%","0%","0%",4,3.9,3.9,0.5,7.3,0,0,0,0
"Matt Szczur",NA,"OF",2900,"SD","PIT",4.1,"Nova",0.295,"-5%","R","R",0.313,"-1%",0.121,"-8%",NA,"x",NA,"0%","0%","0%",7.8,6.1,6.1,-0.3,12.6,0,0,0,0
"Johnny Giavotella",NA,"2B",2900,"BAL","@TEX",6.02,"Bibens-Dirkx",NA,"-1%","R","R",0.302,"4%",0.125,"18%",NA,"x",NA,"0%","0%","0%",0,0,0,0,0,0,0,0,0
"Ruben Tejada",NA,"3B/SS",2900,"BAL","@TEX",6.02,"Bibens-Dirkx",NA,"-1%","R","R",0.278,"-4%",0.068,"-9%",NA,"9",NA,"4%","2%","0%",5.6,4.7,4.7,0.2,9.2,5.8,2,0,0
"Hunter Pence",NA,"OF",2900,"SF","@LAD",3.23,"Hill",0.247,"-16%","L","R",0.353,"4%",0.206,"24%",NA,"3",NA,"-2%","2%","2%",5.5,6.4,6.4,0.1,12.6,7.2,2.5,0,0
"Ryan Rua",NA,"1B/OF",2900,"TEX","BAL",5.48,"Gausman",0.357,"8%","R","R",0.288,"-3%",0.139,"-3%",NA,"x",NA,"0%","0%","0%",3.4,5.7,5.7,-1.3,12.7,0,0,0,0
"Yunel Escobar",NA,"3B",2900,"LAA","@TOR",4.48,"Liriano",0.326,"1%","L","R",0.339,"3%",0.1,"1%",NA,"1",NA,"4%","2%","0%",4.2,6.6,6.6,0.7,12.5,8,2.8,0,0
"Socrates Brito",NA,"OF",2900,"ARI","@STL",4.27,"Leake",0.327,"2%","R","L",0.284,"-1%",0.196,"9%",NA,"x",NA,"0%","0%","0%",0,0,0,0,0,0,0,0,0
"Paul Janish",NA,"3B/SS",2800,"BAL","@TEX",6.02,"Bibens-Dirkx",NA,"-1%","R","R",0.2,"-5%",0.035,"-7%",NA,"x",NA,"0%","0%","0%",1.6,1.6,1.6,-0.8,3.9,0,0,0,0
"Chase d'Arnaud",NA,"SS",2800,"SD","PIT",4.1,"Nova",0.295,"-5%","R","R",0.278,"-2%",0.086,"-8%",NA,"x",NA,"0%","0%","0%",3.9,3.8,3.8,-2.2,9.8,0,0,0,0
"Josh Phegley",NA,"C",2800,"OAK","MIN",4.45,"Mejia",0.33,"3%","L","R",0.309,"3%",0.178,"5%",NA,"8",NA,"-2%","0%","1%",3.5,3.7,3.7,-0.8,8.3,5.7,2,0,0
"Andre Ethier",NA,"OF",2800,"LAD","SF",5.27,"Blach",0.25,"-9%","L","L",0.258,"-15%",0.089,"-34%",NA,"x",NA,"0%","0%","0%",0,0,0,0,0,0,0,0,0
"Tomas Telis",NA,"C",2800,"MIA","CIN",4.98,"Adleman",0.354,"7%","R","S",0.241,"-1%",0.118,"3%",NA,"x",NA,"0%","0%","0%",12,12,12,12,12,0,0,0,0
"Yandy Diaz",NA,"3B/OF",2800,"CLE","@CWS",4.97,"Gonzalez",0.319,"0%","R","R",0.233,"-4%",0.022,"-7%",NA,"x",NA,"0%","0%","0%",4.3,4.3,4.3,1.2,7.4,0,0,0,0
"Joey Wendle",NA,"2B",2800,"OAK","MIN",4.45,"Mejia",NA,"-4%","L","L",NA,"-7%",NA,"-22%",NA,"x",NA,"0%","0%","0%",0,0,0,0,0,0,0,0,0
"Scott Kingery",NA,"2B",2800,"PHI","ATL",4.66,"Newcomb",NA,"%","L","",NA,"%",NA,"%",NA,"x",NA,"0%","0%","0%",0,0,0,0,0,0,0,0,0
"Francisco Pena",NA,"C",2800,"BAL","@TEX",6.02,"Bibens-Dirkx",NA,"-1%","R","R",0.266,"-2%",0.265,"6%",NA,"x",NA,"0%","0%","0%",13,13,13,-0.2,26.2,0,0,0,0
"Nick Hundley",NA,"C",2800,"SF","@LAD",3.23,"Hill",0.247,"-16%","L","R",0.315,"0%",0.149,"-3%",NA,"x",NA,"0%","0%","0%",8.3,6.4,6.4,0,12.8,0,0,0,0
"Mark Canha",NA,"OF",2800,"OAK","MIN",4.45,"Mejia",0.33,"3%","L","R",0.259,"-5%",0.129,"-8%",NA,"x",NA,"0%","0%","0%",2.4,5.4,5.4,-3.5,14.4,0,0,0,0
"Hyun Soo Kim",NA,"OF",2800,"BAL","@TEX",6.02,"Bibens-Dirkx",NA,"1%","R","L",0.34,"4%",0.106,"6%",NA,"x",NA,"0%","0%","0%",2.8,4.1,4.1,0.7,7.6,0,0,0,0
"Luis Sardinas",NA,"3B/SS",2800,"BAL","@TEX",6.02,"Bibens-Dirkx",NA,"1%","R","S",0.218,"-8%",0.036,"-26%",NA,"x",NA,"0%","0%","0%",3.2,3.1,3.1,-0.2,6.3,0,0,0,0
"Jarrod Saltalamacchia",NA,"C",2800,"TOR","LAA",5.02,"Petit",0.339,"4%","R","S",0.287,"1%",0.182,"13%",NA,"x",NA,"0%","0%","0%",1.2,1.2,1.2,-0.9,3.2,0,0,0,0
"A.J. Ellis",NA,"C",2800,"MIA","CIN",4.98,"Adleman",0.337,"4%","R","R",0.287,"-4%",0.104,"-9%",NA,"x",NA,"0%","0%","0%",6.1,5.2,5.2,0,10.4,0,0,0,0
"Ben Revere",NA,"OF",2800,"LAA","@TOR",4.48,"Liriano",0.303,"-4%","L","L",0.3,"2%",0.064,"-15%",NA,"9",NA,"8%","1%","0%",6.4,5.6,5.6,0.2,11,6.1,2.2,0,0
"Matt Chapman",NA,"3B",2800,"OAK","MIN",4.45,"Mejia",0.33,"3%","L","R",NA,"3%",NA,"8%",NA,"7",NA,"-3%","0%","1%",5.8,6.2,6.2,-2.1,14.5,6.6,2.4,0,0
"Adeiny Hechavarria",NA,"SS",2800,"TB","@NYY",4.43,"Smith",NA,"2%","L","R",0.302,"9%",0.09,"15%",NA,"8",NA,"-3%","0%","-3%",4.9,4.8,4.8,-0.4,10,5.6,2,0,0
"Terrance Gore",NA,"OF",2800,"KC","@BOS",4.33,"Rodriguez",0.302,"-4%","L","R",NA,"3%",NA,"8%",NA,"x",NA,"0%","0%","0%",0,0,0,0,0,0,0,0,0
"David Washington",NA,"1B",2800,"BAL","@TEX",6.02,"Bibens-Dirkx",NA,"1%","R","L",NA,"2%",NA,"6%",NA,"x",NA,"0%","0%","0%",0,0,0,0,0,0,0,0,0
"Charlie Tilson",NA,"OF",2800,"CWS","CLE",3.03,"Kluber",0.299,"-5%","R","L",NA,"2%",NA,"6%",NA,"x",NA,"0%","0%","0%",0,0,0,0,0,0,0,0,0
"Joey Rickard",NA,"OF",2800,"BAL","@TEX",6.02,"Bibens-Dirkx",NA,"-1%","R","R",0.272,"-6%",0.089,"-11%",NA,"x",NA,"4%","2%","0%",6.1,6.1,6.1,0.5,11.8,0,0,0,0
"Brandon Nimmo",NA,"OF",2800,"NYM","@SEA",4.89,"Gallardo",0.321,"0%","R","L",0.313,"1%",0.06,"-5%",NA,"x",NA,"0%","0%","0%",4,4,4,0.3,7.7,0,0,0,0
"Mitch Haniger",NA,"OF",2800,"SEA","NYM",4.11,"deGrom",0.265,"-12%","R","R",0.344,"3%",0.183,"6%",NA,"7",NA,"-5%","3%","0%",2.3,7.8,7.8,0.5,15,6,2.1,0,0
"Curt Casali",NA,"C",2800,"TB","@NYY",4.43,"Smith",NA,"2%","L","R",0.323,"4%",0.21,"8%",NA,"x",NA,"0%","0%","0%",0,0,0,0,0,0,0,0,0
"Robbie Grossman",NA,"OF",2800,"MIN","@OAK",4.55,"Smith",NA,"1%","R","S",0.326,"-2%",0.141,"8%",NA,"6",NA,"-6%","0%","1%",5.9,7.1,7.1,0.9,13.4,6.7,2.4,0,0
"Teoscar Hernandez",NA,"OF",2800,"HOU","@DET",5.55,"Boyd",0.36,"9%","L","R",0.379,"5%",0.222,"11%",NA,"x",NA,"0%","0%","0%",0,0,0,0,0,0,0,0,0
"J.D. Davis",NA,"3B",2800,"HOU","@DET",5.55,"Boyd",NA,"%","L","",NA,"%",NA,"%",NA,"x",NA,"0%","0%","0%",0,0,0,0,0,0,0,0,0
"Craig Gentry",NA,"OF",2800,"BAL","@TEX",6.02,"Bibens-Dirkx",NA,"-1%","R","R",0.201,"-5%",0.056,"-3%",NA,"x",NA,"0%","0%","0%",6,5.8,5.8,-1.2,12.8,0,0,0,0
"Micah Johnson",NA,"2B",2800,"ATL","@PHI",4.34,"Eickhoff",0.353,"7%","R","L",0.279,"-1%",0.049,"-7%",NA,"x",NA,"0%","0%","0%",0,0,0,0,0,0,0,0,0
"Tucker Barnhart",NA,"C",2800,"CIN","@MIA",4.02,"Conley",0.319,"0%","L","S",0.211,"-9%",0.066,"-11%",NA,"8",NA,"-5%","3%","0%",4.2,5.2,5.2,0.1,10.3,5.1,1.8,0,0
"Jarrett Parker",NA,"OF",2800,"SF","@LAD",3.23,"Hill",0.281,"-14%","L","L",0.275,"-8%",0.192,"-19%",NA,"x",NA,"0%","0%","0%",3,3,3,-3.2,9.2,0,0,0,0
"Gleyber Torres",NA,"SS",2800,"NYY","TB",5.07,"Snell",NA,"%","L","",NA,"%",NA,"%",NA,"x",NA,"0%","0%","0%",0,0,0,0,0,0,0,0,0
"Jacoby Ellsbury",NA,"OF",2800,"NYY","TB",5.07,"Snell",NA,"-1%","L","L",0.298,"-3%",0.095,"-11%",NA,"x",NA,"0%","0%","0%",5.3,7.4,7.4,1.3,13.5,0,0,0,0
"Ryan Flaherty",NA,"2B/SS",2800,"BAL","@TEX",6.02,"Bibens-Dirkx",NA,"1%","R","L",0.277,"1%",0.136,"0%",NA,"x",NA,"0%","0%","0%",5.7,5.7,5.7,-1,12.4,0,0,0,0
"Jacob Nottingham",NA,"C",2800,"MIL","CHC",4.16,"Hendricks",NA,"%","R","",NA,"%",NA,"%",NA,"x",NA,"0%","0%","0%",0,0,0,0,0,0,0,0,0
"Christian Arroyo",NA,"3B/SS",2800,"SF","@LAD",3.23,"Hill",0.247,"-16%","L","R",0.244,"1%",0.078,"3%",NA,"x",NA,"0%","0%","0%",4,5.4,5.4,0.3,10.5,0,0,0,0
"Rio Ruiz",NA,"3B",2700,"ATL","@PHI",4.34,"Eickhoff",0.353,"7%","R","L",0.238,"-3%",0.12,"1%",NA,"x",NA,"0%","0%","0%",4.7,5.5,5.5,-0.9,12,0,0,0,0
"Jose Martinez",NA,"1B/OF",2700,"STL","ARI",3.73,"Greinke",0.261,"-13%","R","R",0.33,"-1%",0.165,"2%",NA,"x",NA,"0%","0%","0%",7.2,7.3,7.3,0.3,14.2,0,0,0,0
"Harrison Bader",NA,"OF",2700,"STL","ARI",3.73,"Greinke",0.261,"-13%","R","R",NA,"-1%",NA,"2%",NA,"5",NA,"0%","0%","-2%",6.7,6.7,6.7,0.2,13.2,5.8,2.1,0,0
"Luis Urias",NA,"2B",2700,"SD","PIT",4.1,"Nova",0.295,"-5%","R","R",NA,"-1%",NA,"2%",NA,"x",NA,"0%","0%","0%",0,0,0,0,0,0,0,0,0
"Steve Lombardozzi",NA,"2B/OF",2700,"MIA","CIN",4.98,"Adleman",0.354,"7%","R","S",0.265,"0%",0.04,"-5%",NA,"x",NA,"0%","0%","0%",0,0,0,0,0,0,0,0,0
"Dixon Machado",NA,"2B/SS",2700,"DET","HOU",4.95,"McHugh",0.329,"2%","R","R",0.306,"-1%",0.075,"-7%",NA,"x",NA,"0%","0%","0%",7.8,5.5,5.5,0.1,11,0,0,0,0
"JaCoby Jones",NA,"OF",2700,"DET","HOU",4.95,"McHugh",0.329,"2%","R","R",0.267,"-2%",0.093,"-2%",NA,"x",NA,"0%","0%","0%",0.8,3.8,3.8,-2.7,10.2,0,0,0,0
"Sam Travis",NA,"1B",2700,"BOS","KC",5.17,"Cahill",0.308,"-2%","R","R",NA,"-1%",NA,"2%",NA,"x",NA,"0%","0%","0%",7.5,7.3,7.3,1,13.5,0,0,0,0
"Deven Marrero",NA,"3B",2700,"BOS","KC",5.17,"Cahill",0.308,"-2%","R","R",0.22,"-8%",0.036,"-20%",NA,"x",NA,"4%","-1%","-5%",4.4,5.7,5.7,-1.3,12.7,0,0,0,0
"Alcides Escobar",NA,"SS",2700,"KC","@BOS",4.33,"Rodriguez",0.302,"-4%","L","R",0.286,"4%",0.095,"14%",NA,"6",NA,"5%","-1%","-6%",6.5,5.8,5.2,-0.1,10.6,6,2.2,0,0
"Brock Stassi",NA,"1B/OF",2700,"PHI","ATL",4.66,"Newcomb",NA,"-4%","L","L",NA,"-7%",NA,"-22%",NA,"x",NA,"0%","0%","0%",2.5,4.3,4.3,-0.7,9.3,0,0,0,0
"Scott Van Slyke",NA,"1B/OF",2700,"LAD","SF",5.27,"Blach",0.331,"2%","L","R",0.365,"10%",0.208,"16%",NA,"x",NA,"0%","0%","0%",4.6,3.9,3.9,-1.4,9.3,0,0,0,0
"Travis Demeritte",NA,"2B/SS",2700,"ATL","@PHI",4.34,"Eickhoff",NA,"%","R","",NA,"%",NA,"%",NA,"x",NA,"0%","0%","0%",0,0,0,0,0,0,0,0,0
"Hanser Alberto",NA,"2B/SS",2700,"TEX","BAL",5.48,"Gausman",0.357,"8%","R","R",0.221,"-5%",0.05,"-10%",NA,"x",NA,"0%","0%","0%",0,0,0,0,0,0,0,0,0
"Austin Hedges",NA,"C",2700,"SD","PIT",4.1,"Nova",0.295,"-5%","R","R",0.261,"1%",0.17,"9%",NA,"x",NA,"0%","0%","0%",4.9,6.2,6.2,-1.4,13.9,0,0,0,0
"Jose Lobaton",NA,"C",2700,"WAS","COL",5.23,"Marquez",0.345,"5%","R","S",0.272,"4%",0.126,"17%",NA,"8",NA,"-1%","-3%","-5%",7.7,4.8,4.8,-1.7,11.4,5.6,2.1,0,0
"Roberto Perez",NA,"C",2700,"CLE","@CWS",4.97,"Gonzalez",0.319,"0%","R","R",0.273,"-3%",0.116,"-4%",NA,"8",NA,"-2%","1%","0%",5.8,4.7,4.7,-1,10.4,5.7,2.1,0,0
"Corey Ray",NA,"OF",2700,"MIL","CHC",4.16,"Hendricks",NA,"%","R","",NA,"%",NA,"%",NA,"x",NA,"0%","0%","0%",0,0,0,0,0,0,0,0,0
"Richard Urena",NA,"SS",2700,"TOR","LAA",5.02,"Petit",0.339,"4%","R","S",NA,"2%",NA,"6%",NA,"x",NA,"0%","0%","0%",0,0,0,0,0,0,0,0,0
"Christian Colon",NA,"2B/3B",2700,"MIA","CIN",4.98,"Adleman",0.337,"4%","R","R",0.26,"-5%",0.045,"-18%",NA,"x",NA,"0%","0%","0%",3.1,2.8,2.8,0.2,5.3,0,0,0,0
"Franchy Cordero",NA,"OF",2700,"SD","PIT",4.1,"Nova",0.361,"9%","R","L",0.303,"1%",0.197,"9%",NA,"x",NA,"-2%","0%","0%",2.1,6.6,6.6,-1.6,14.9,0,0,0,0
"Adrian Sanchez",NA,"2B/SS",2700,"WAS","COL",5.23,"Marquez",0.335,"3%","R","R",NA,"-1%",NA,"2%",NA,"x",NA,"0%","0%","0%",0.8,0.8,0.8,-0.3,1.9,0,0,0,0
"Matt Wieters",NA,"C",2700,"WAS","COL",5.23,"Marquez",0.345,"5%","R","S",0.305,"-3%",0.153,"-11%",NA,"x",NA,"-1%","-4%","-5%",5.4,6.4,6.4,-0.3,13.1,0,0,0,0
"Daniel Robertson",NA,"2B/3B",2700,"TB","@NYY",4.43,"Smith",NA,"2%","L","R",NA,"3%",NA,"8%",NA,"x",NA,"0%","0%","0%",7.1,5.6,5.6,0.5,10.6,0,0,0,0
"Gorkys Hernandez",NA,"OF",2700,"SF","@LAD",3.23,"Hill",0.247,"-16%","L","R",0.277,"0%",0.087,"0%",NA,"8",NA,"-3%","2%","2%",6.6,5.5,5.5,0.6,10.4,4.9,1.8,0,0
"Harold Ramirez",NA,"OF",2700,"TOR","LAA",5.02,"Petit",0.268,"-11%","R","R",NA,"-1%",NA,"2%",NA,"x",NA,"0%","0%","0%",0,0,0,0,0,0,0,0,0
"Ian Parmley",NA,"OF",2700,"TOR","LAA",5.02,"Petit",0.339,"4%","R","L",NA,"2%",NA,"6%",NA,"x",NA,"0%","0%","0%",0,0,0,0,0,0,0,0,0
"Tyler Moore",NA,"1B/OF",2700,"MIA","CIN",4.98,"Adleman",0.337,"4%","R","R",0.283,"0%",0.198,"8%",NA,"7",NA,"-4%","4%","0%",6.1,7.2,7.2,-3.1,17.5,6.3,2.3,0,0
"Darrell Ceciliani",NA,"OF",2700,"TOR","LAA",5.02,"Petit",0.339,"4%","R","L",0.253,"-2%",0.128,"2%",NA,"x",NA,"0%","0%","0%",12.5,12.5,12.5,-5.2,30.2,0,0,0,0
"Danny Valencia",NA,"1B",2700,"SEA","NYM",4.11,"deGrom",0.265,"-12%","R","R",0.328,"-6%",0.171,"-6%",NA,"6",NA,"-5%","3%","0%",5.6,7.6,7.1,-0.6,14.7,5.5,2,0,0
"Lewis Brinson",NA,"OF",2700,"MIL","CHC",4.16,"Hendricks",0.259,"-13%","R","R",NA,"-1%",NA,"2%",NA,"7",NA,"-1%","0%","0%",5.9,5.9,5.9,-0.3,12.1,5.8,2.1,0,0
"Christian Bethancourt",NA,"C",2700,"SD","PIT",4.1,"Nova",0.295,"-5%","R","R",0.254,"-4%",0.129,"5%",NA,"x",NA,"0%","0%","0%",0,0,0,0,0,0,0,0,0
"Jarrod Dyson",NA,"OF",2700,"SEA","NYM",4.11,"deGrom",0.288,"-7%","R","L",0.309,"3%",0.128,"17%",NA,"8",NA,"-3%","2%","0%",5.2,7,6.8,0.7,13,6.5,2.4,0,0
"Josh Rutledge",NA,"2B/3B",2700,"BOS","KC",5.17,"Cahill",0.308,"-2%","R","R",0.27,"-3%",0.042,"-19%",NA,"x",NA,"0%","0%","0%",3.9,4.6,4.6,-0.2,9.4,0,0,0,0
"Danny Espinosa",NA,"2B",2700,"SEA","NYM",4.11,"deGrom",0.288,"-7%","R","S",0.285,"-2%",0.149,"-7%",NA,"x",NA,"0%","0%","0%",2.7,5.1,5.1,-0.8,11,0,0,0,0
"Juan Lagares",NA,"OF",2600,"NYM","@SEA",4.89,"Gallardo",0.332,"3%","R","R",0.273,"-8%",0.102,"-14%",NA,"x",NA,"0%","0%","0%",8.1,5.6,5.6,-1.1,12.3,0,0,0,0
"Ryan LaMarre",NA,"OF",2600,"OAK","MIN",4.45,"Mejia",0.33,"3%","L","R",NA,"3%",NA,"8%",NA,"x",NA,"0%","0%","0%",1,1,1,-0.4,2.4,0,0,0,0
"Francisco Cervelli",NA,"C",2600,"PIT","@SD",4.4,"Lamet",NA,"-1%","R","R",0.325,"-2%",0.094,"-7%",NA,"6",NA,"-2%","0%","0%",6.7,6.7,6.7,0.4,13,6.4,2.5,0,0
"Anthony Alford",NA,"OF",2600,"TOR","LAA",5.02,"Petit",0.268,"-11%","R","R",NA,"-1%",NA,"2%",NA,"x",NA,"0%","0%","0%",1.7,1.7,1.7,-1.2,4.6,0,0,0,0
"Adam Engel",NA,"OF",2600,"CWS","CLE",3.03,"Kluber",0.251,"-15%","R","R",0.294,"-2%",0.141,"1%",NA,"9",NA,"0%","1%","0%",5.4,6.7,6.7,0.5,13,4.8,1.8,0,0
"Gavin Cecchini",NA,"2B",2600,"NYM","@SEA",4.89,"Gallardo",0.332,"3%","R","R",NA,"-1%",NA,"2%",NA,"x",NA,"0%","0%","0%",6.3,6.3,6.3,-0.3,12.8,0,0,0,0
"John Hicks",NA,"1B/C",2600,"DET","HOU",4.95,"McHugh",0.329,"2%","R","R",0.27,"-3%",0.131,"0%",NA,"x",NA,"0%","0%","0%",8.1,9.2,9.2,1.5,16.9,0,0,0,0
"Mac Williamson",NA,"OF",2600,"SF","@LAD",3.23,"Hill",0.247,"-16%","L","R",0.276,"1%",0.161,"8%",NA,"x",NA,"0%","0%","0%",4.9,4.9,4.9,-0.7,10.5,0,0,0,0
"Matt Reynolds",NA,"3B/SS",2600,"NYM","@SEA",4.89,"Gallardo",0.332,"3%","R","R",0.227,"-5%",0.111,"-2%",NA,"8",NA,"-7%","2%","0%",5.5,5.5,5.5,0.2,10.8,5.3,2,0,0
"Jeff Mathis",NA,"C",2600,"ARI","@STL",4.27,"Leake",0.297,"-5%","R","R",0.223,"-10%",0.094,"-14%",NA,"x",NA,"-5%","0%","-1%",7,4.5,4.5,-0.7,9.7,0,0,0,0
"Chris Bostick",NA,"2B",2600,"PIT","@SD",4.4,"Lamet",NA,"-1%","R","R",NA,"-1%",NA,"2%",NA,"x",NA,"0%","0%","0%",1,1,1,-0.4,2.4,0,0,0,0
"Drew Stubbs",NA,"OF",2600,"TEX","BAL",5.48,"Gausman",0.357,"8%","R","R",0.31,"-2%",0.206,"11%",NA,"x",NA,"0%","0%","0%",1.4,1.4,1.4,-0.6,3.4,0,0,0,0
"Phil Gosselin",NA,"2B",2600,"PIT","@SD",4.4,"Lamet",NA,"-1%","R","R",0.309,"-1%",0.122,"10%",NA,"x",NA,"0%","0%","0%",2.1,2.1,2.1,-0.9,5.1,0,0,0,0
"Jake Smolinski",NA,"OF",2600,"OAK","MIN",4.45,"Mejia",0.33,"3%","L","R",0.371,"14%",0.214,"28%",NA,"x",NA,"0%","0%","0%",0,0,0,0,0,0,0,0,0
"Tyler Collins",NA,"OF",2600,"DET","HOU",4.95,"McHugh",0.302,"-4%","R","L",0.314,"5%",0.159,"9%",NA,"x",NA,"0%","0%","0%",6.4,5.8,5.8,-2.4,14,0,0,0,0
"Alexi Amarista",NA,"2B/SS",2600,"COL","@WAS",4.77,"Roark",0.316,"-1%","R","L",0.251,"4%",0.079,"24%",NA,"x",NA,"0%","0%","0%",3.1,5.4,5.4,-0.5,11.4,0,0,0,0
"Elias Diaz",NA,"C",2600,"PIT","@SD",4.4,"Lamet",NA,"-1%","R","R",0.288,"-2%",0.113,"-2%",NA,"x",NA,"0%","0%","0%",3.7,7,7,-0.8,14.7,0,0,0,0
"Tyler Saladino",NA,"2B/SS",2600,"CWS","CLE",3.03,"Kluber",0.251,"-15%","R","R",0.27,"-5%",0.109,"-1%",NA,"x",NA,"0%","1%","0%",4,5,5,0.5,9.5,0,0,0,0
"Willy Garcia",NA,"OF",2600,"CWS","CLE",3.03,"Kluber",0.251,"-15%","R","R",0.298,"-2%",0.169,"3%",NA,"x",NA,"0%","0%","0%",6.7,6.1,6.1,0.5,11.7,0,0,0,0
"Erick Aybar",NA,"SS",2600,"SD","PIT",4.1,"Nova",0.361,"9%","R","S",0.285,"2%",0.091,"3%",NA,"x",NA,"0%","0%","0%",5.7,5.5,5.5,-0.3,11.3,0,0,0,0
"Chris Coghlan",NA,"3B/OF",2600,"TOR","LAA",5.02,"Petit",0.339,"4%","R","L",0.318,"3%",0.173,"12%",NA,"x",NA,"0%","0%","0%",4.4,4.3,4.3,-0.8,9.4,0,0,0,0
"Leury Garcia",NA,"OF",2500,"CWS","CLE",3.03,"Kluber",0.299,"-5%","R","S",0.342,"7%",0.194,"24%",NA,"x",NA,"0%","0%","0%",8.1,7.6,7.6,0.9,14.3,0,0,0,0
"Phillip Ervin",NA,"OF",2500,"CIN","@MIA",4.02,"Conley",0.319,"0%","L","R",NA,"3%",NA,"8%",NA,"x",NA,"0%","0%","0%",0,0,0,0,0,0,0,0,0
"Austin Romine",NA,"C",2500,"NYY","TB",5.07,"Snell",0.337,"4%","L","R",0.271,"1%",0.137,"11%",NA,"x",NA,"0%","0%","0%",4.9,5.2,5.2,-0.3,10.6,0,0,0,0
"JT Riddle",NA,"SS",2500,"MIA","CIN",4.98,"Adleman",0.354,"7%","R","L",0.276,"-1%",0.126,"2%",NA,"x",NA,"0%","0%","0%",5.1,5.2,5.2,-0.5,10.9,0,0,0,0
"Miguel Rojas",NA,"3B/SS",2500,"MIA","CIN",4.98,"Adleman",0.337,"4%","R","R",0.3,"5%",0.07,"-2%",NA,"8",NA,"-1%","3%","0%",7.9,6.5,6.5,0.4,12.5,5.7,2.3,0,0
"Ryan Goins",NA,"2B/SS",2500,"TOR","LAA",5.02,"Petit",0.339,"4%","R","L",0.281,"6%",0.121,"10%",NA,"9",NA,"1%","1%","0%",4.7,5,5,-0.6,10.6,5.7,2.3,0,0
"Bruce Maxwell",NA,"C",2500,"OAK","MIN",4.45,"Mejia",NA,"-4%","L","L",0.186,"-9%",0.03,"-25%",NA,"x",NA,"-3%","0%","1%",4,5.4,5.4,-0.3,11.2,0,0,0,0
"Adam Rosales",NA,"SS",2500,"OAK","MIN",4.45,"Mejia",0.33,"3%","L","R",0.328,"6%",0.171,"1%",NA,"x",NA,"0%","0%","0%",6.3,4.8,4.8,0.3,9.4,0,0,0,0
"Dwight Smith Jr.",NA,"OF",2500,"TOR","LAA",5.02,"Petit",0.339,"4%","R","L",NA,"2%",NA,"6%",NA,"x",NA,"1%","2%","0%",5.6,5.6,5.6,0.5,10.6,0,0,0,0
"Yolmer Sanchez",NA,"2B",2500,"CWS","CLE",3.03,"Kluber",0.299,"-5%","R","S",0.258,"-3%",0.1,"-8%",NA,"2",NA,"-1%","1%","0%",4.5,6.3,6.3,0.7,12,6,2.4,0,0
"Devin Mesoraco",NA,"C",2500,"CIN","@MIA",4.02,"Conley",0.319,"0%","L","R",0.352,"7%",0.175,"11%",NA,"x",NA,"0%","0%","0%",3.2,6.1,6.1,-0.7,12.9,0,0,0,0
"Roman Quinn",NA,"OF",2500,"PHI","ATL",4.66,"Newcomb",0.329,"3%","L","S",NA,"3%",NA,"8%",NA,"x",NA,"0%","0%","0%",0,0,0,0,0,0,0,0,0
"Matt Duffy",NA,"2B/3B",2500,"TB","@NYY",4.43,"Smith",NA,"2%","L","R",0.307,"-1%",0.089,"-11%",NA,"x",NA,"0%","0%","0%",0,0,0,0,0,0,0,0,0
"John Jaso",NA,"1B/OF",2500,"PIT","@SD",4.4,"Lamet",NA,"1%","R","L",0.339,"4%",0.167,"10%",NA,"5",NA,"-5%","0%","0%",1.9,5.1,5.1,-0.3,10.6,7.1,2.8,0,0
"Eric Young Jr.",NA,"OF",2500,"LAA","@TOR",4.48,"Liriano",0.326,"1%","L","S",0.27,"0%",0.069,"-13%",NA,"x",NA,"0%","0%","0%",3,7.6,7.6,-0.4,15.5,0,0,0,0
"Dansby Swanson",NA,"SS",2500,"ATL","@PHI",4.34,"Eickhoff",0.267,"-12%","R","R",0.265,"-4%",0.088,"-16%",NA,"x",NA,"4%","-2%","-11%",2.4,5.7,5.5,-0.4,11.4,0,0,0,0
"Christian Walker",NA,"1B",2500,"ARI","@STL",4.27,"Leake",0.297,"-5%","R","R",NA,"-1%",NA,"2%",NA,"x",NA,"0%","0%","0%",0,0,0,0,0,0,0,0,0
"Raul Mondesi",NA,"2B",2500,"KC","@BOS",4.33,"Rodriguez",0.302,"-4%","L","S",0.199,"-1%",0.039,"-1%",NA,"x",NA,"0%","0%","0%",4.5,4.1,4.1,-1.6,9.8,0,0,0,0
"David Fletcher",NA,"SS",2500,"LAA","@TOR",4.48,"Liriano",0.326,"1%","L","R",NA,"3%",NA,"8%",NA,"x",NA,"0%","0%","0%",0,0,0,0,0,0,0,0,0
"Jacob May",NA,"OF",2500,"CWS","CLE",3.03,"Kluber",0.299,"-5%","R","S",NA,"2%",NA,"6%",NA,"x",NA,"0%","0%","0%",1.4,1.8,1.8,-0.3,4,0,0,0,0
"Mike Aviles",NA,"2B/OF",2500,"MIA","CIN",4.98,"Adleman",0.337,"4%","R","R",0.247,"-4%",0.073,"-7%",NA,"x",NA,"-2%","3%","0%",5,5,5,1.2,8.8,0,0,0,0
"Brett Phillips",NA,"OF",2500,"MIL","CHC",4.16,"Hendricks",0.298,"-5%","R","L",0.315,"2%",0.233,"9%",NA,"x",NA,"0%","0%","0%",5.1,5.1,5.1,0.2,10,0,0,0,0
"Yadiel Rivera",NA,"2B/SS",2500,"MIL","CHC",4.16,"Hendricks",0.259,"-13%","R","R",0.18,"-6%",0.038,"-6%",NA,"x",NA,"0%","0%","0%",0,0,0,0,0,0,0,0,0
"Chris Heisey",NA,"OF",2500,"WAS","COL",5.23,"Marquez",0.335,"3%","R","R",0.284,"-2%",0.181,"-1%",NA,"x",NA,"0%","0%","0%",4.8,5.9,5.9,0,11.8,0,0,0,0
"Colby Rasmus",NA,"OF",2500,"TB","@NYY",4.43,"Smith",NA,"-5%","L","L",0.305,"-4%",0.18,"-12%",NA,"x",NA,"0%","0%","0%",7.4,8.1,8.1,0.3,15.9,0,0,0,0
"Ehire Adrianza",NA,"2B/SS",2500,"MIN","@OAK",4.55,"Smith",NA,"1%","R","S",0.275,"-1%",0.096,"-4%",NA,"8",NA,"-5%","0%","1%",8.1,6.6,6.6,0.8,12.3,5.7,2.3,0,0
"Kelby Tomlinson",NA,"3B/SS",2500,"SF","@LAD",3.23,"Hill",0.247,"-16%","L","R",0.334,"4%",0.083,"5%",NA,"x",NA,"0%","0%","0%",4.5,5.2,5.2,0.6,9.8,0,0,0,0
"Cristhian Adames",NA,"2B/SS",2500,"COL","@WAS",4.77,"Roark",0.316,"-1%","R","S",0.262,"-2%",0.068,"-11%",NA,"x",NA,"0%","0%","0%",0,0,0,0,0,0,0,0,0
"Rhys Hoskins",NA,"1B",2500,"PHI","ATL",4.66,"Newcomb",NA,"%","L","",NA,"%",NA,"%",NA,"x",NA,"0%","0%","0%",0,0,0,0,0,0,0,0,0
"Patrick Kivlehan",NA,"OF",2500,"CIN","@MIA",4.02,"Conley",0.319,"0%","L","R",0.335,"4%",0.235,"12%",NA,"x",NA,"0%","0%","0%",5.5,6.6,6.6,-2.3,15.4,0,0,0,0
"Michael Reed",NA,"OF",2500,"MIL","CHC",4.16,"Hendricks",0.259,"-13%","R","R",NA,"-1%",NA,"2%",NA,"x",NA,"0%","0%","0%",0,0,0,0,0,0,0,0,0
"Tyler Naquin",NA,"OF",2500,"CLE","@CWS",4.97,"Gonzalez",0.326,"1%","R","L",0.365,"3%",0.21,"8%",NA,"x",NA,"-6%","1%","0%",3.6,3.6,3.6,-0.8,7.9,0,0,0,0
"Ryan Hanigan",NA,"C",2500,"COL","@WAS",4.77,"Roark",0.287,"-7%","R","R",0.247,"-6%",0.066,"-15%",NA,"x",NA,"0%","0%","0%",4.8,5.4,5.4,-1.1,12,0,0,0,0
"Kevin Plawecki",NA,"C",2500,"NYM","@SEA",4.89,"Gallardo",0.332,"3%","R","R",0.256,"-1%",0.058,"-20%",NA,"x",NA,"0%","0%","0%",3.7,3.7,3.7,-1,8.3,0,0,0,0
"Cody Asche",NA,"1B",2400,"CWS","CLE",3.03,"Kluber",0.299,"-5%","R","L",0.283,"-1%",0.15,"7%",NA,"x",NA,"0%","0%","0%",3.3,3.3,3.3,-1.2,7.8,0,0,0,0
"Chris Gimenez",NA,"C",2400,"MIN","@OAK",4.55,"Smith",NA,"-1%","R","R",0.278,"-5%",0.122,"-12%",NA,"x",NA,"0%","0%","0%",5.3,5.7,5.7,-0.7,12.2,0,0,0,0
"Luke Maile",NA,"C",2400,"TOR","LAA",5.02,"Petit",0.268,"-11%","R","R",0.193,"-10%",0.099,"-7%",NA,"x",NA,"0%","0%","0%",2.6,3.1,3.1,-1.1,7.2,0,0,0,0
"Christian Vazquez",NA,"C",2400,"BOS","KC",5.17,"Cahill",0.308,"-2%","R","R",0.249,"-6%",0.06,"-20%",NA,"x",NA,"0%","0%","0%",2.4,5.4,5.4,-1.4,12.3,0,0,0,0
"Aaron Hill",NA,"2B/3B",2400,"SF","@LAD",3.23,"Hill",0.247,"-16%","L","R",0.312,"4%",0.132,"4%",NA,"x",NA,"0%","0%","0%",3.4,3.7,3.7,-0.7,8.1,0,0,0,0
"Nolan Fontana",NA,"2B",2400,"LAA","@TOR",4.48,"Liriano",0.303,"-4%","L","L",NA,"-7%",NA,"-22%",NA,"x",NA,"0%","0%","0%",1.4,1.4,1.4,-1.7,4.5,0,0,0,0
"Colin Moran",NA,"3B",2400,"HOU","@DET",5.55,"Boyd",0.356,"5%","L","L",NA,"-7%",NA,"-22%",NA,"x",NA,"0%","0%","0%",14.5,14.5,14.5,-1.8,30.8,0,0,0,0
"Luke Voit",NA,"1B",2400,"STL","ARI",3.73,"Greinke",0.261,"-13%","R","R",0.414,"1%",0.262,"7%",NA,"x",NA,"0%","0%","0%",6.8,7.1,7.1,-1.1,15.4,0,0,0,0
"Tony Wolters",NA,"C",2400,"COL","@WAS",4.77,"Roark",0.316,"-1%","R","L",0.31,"3%",0.106,"6%",NA,"8",NA,"-12%","-2%","-3%",3.2,5.2,5.2,1,9.3,5.1,2.1,0,0
"Jaycob Brugman",NA,"OF",2400,"OAK","MIN",4.45,"Mejia",NA,"-4%","L","L",NA,"-7%",NA,"-22%",NA,"x",NA,"-2%","0%","1%",5.4,5.3,5.3,0.7,9.9,0,0,0,0
"Magneuris Sierra",NA,"OF",2400,"STL","ARI",3.73,"Greinke",0.274,"-10%","R","L",0.313,"1%",0,"-3%",NA,"x",NA,"0%","0%","0%",7.9,8.2,8.2,2.6,13.7,0,0,0,0
"Shawn O'Malley",NA,"2B/SS",2400,"SEA","NYM",4.11,"deGrom",0.288,"-7%","R","S",0.291,"0%",0.089,"-3%",NA,"x",NA,"0%","0%","0%",0,0,0,0,0,0,0,0,0
"Jett Bandy",NA,"C",2400,"MIL","CHC",4.16,"Hendricks",0.259,"-13%","R","R",0.27,"-6%",0.129,"-12%",NA,"8",NA,"-1%","0%","0%",2,6,6,-0.6,12.6,4.6,1.9,0,0
"Pedro Severino",NA,"C",2400,"WAS","COL",5.23,"Marquez",0.335,"3%","R","R",0.429,"1%",0.241,"5%",NA,"x",NA,"0%","0%","0%",0,0,0,0,0,0,0,0,0
"Jose Peraza",NA,"2B/SS",2400,"CIN","@MIA",4.02,"Conley",0.319,"0%","L","R",0.297,"4%",0.098,"13%",NA,"7",NA,"0%","2%","0%",2.5,5.7,5.9,-0.2,12,7,2.9,0,0
"Omar Narvaez",NA,"C",2400,"CWS","CLE",3.03,"Kluber",0.299,"-5%","R","L",0.292,"-2%",0.043,"-22%",NA,"8",NA,"-2%","1%","0%",6.6,4.9,4.9,0.4,9.4,4.1,1.7,0,0
"Jack Reinheimer",NA,"SS",2400,"ARI","@STL",4.27,"Leake",0.297,"-5%","R","R",NA,"-1%",NA,"2%",NA,"x",NA,"0%","0%","0%",0,0,0,0,0,0,0,0,0
"Kyle Higashioka",NA,"C",2400,"NYY","TB",5.07,"Snell",0.337,"4%","L","R",NA,"3%",NA,"8%",NA,"x",NA,"0%","0%","0%",0.8,0.8,0.8,-0.3,1.9,0,0,0,0
"Jim Adduci",NA,"OF",2400,"DET","HOU",4.95,"McHugh",0.302,"-4%","R","L",0.356,"3%",0.19,"8%",NA,"x",NA,"0%","0%","0%",6,7.6,7.6,-0.1,15.4,0,0,0,0
"Greg Garcia",NA,"2B/3B",2400,"STL","ARI",3.73,"Greinke",0.274,"-10%","R","L",0.337,"3%",0.109,"9%",NA,"8",NA,"-1%","0%","-1%",6.4,5.1,5.1,0.2,10,4.8,2,0,0
"Matt Olson",NA,"1B/OF",2400,"OAK","MIN",4.45,"Mejia",NA,"-4%","L","L",NA,"-7%",NA,"-22%",NA,"x",NA,"0%","0%","0%",9.7,8.1,8.1,-3.3,19.5,0,0,0,0
"Shane Peterson",NA,"OF",2400,"TB","@NYY",4.43,"Smith",NA,"-5%","L","L",0.281,"-7%",0.064,"-24%",NA,"x",NA,"0%","0%","0%",5.3,6.8,6.8,0.4,13.1,0,0,0,0
"Daniel Robertson",NA,"OF",2400,"CLE","@CWS",4.97,"Gonzalez",0.319,"0%","R","R",0.239,"-4%",0.068,"-7%",NA,"x",NA,"0%","0%","0%",4.5,4.6,4.6,-1.2,10.4,0,0,0,0
"Gift Ngoepe",NA,"2B/SS",2400,"PIT","@SD",4.4,"Lamet",NA,"-1%","R","R",0.302,"-2%",0.093,"-2%",NA,"x",NA,"0%","0%","0%",3.5,5.4,5.4,-0.8,11.5,0,0,0,0
"Drew Butera",NA,"C",2400,"KC","@BOS",4.33,"Rodriguez",0.302,"-4%","L","R",0.256,"-2%",0.127,"4%",NA,"9",NA,"9%","-1%","-6%",4.2,4.7,4.7,-1.8,11.1,5.1,2.1,0,0
"Drew Robinson",NA,"2B/OF",2400,"TEX","BAL",5.48,"Gausman",0.311,"-2%","R","L",NA,"2%",NA,"6%",NA,"x",NA,"0%","0%","0%",7.6,7.6,7.6,-1,16.2,0,0,0,0
"Michael Martinez",NA,"2B/3B",2400,"CLE","@CWS",4.97,"Gonzalez",0.326,"1%","R","S",0.251,"-2%",0.07,"-5%",NA,"x",NA,"0%","0%","0%",3.4,3.4,3.4,1.9,4.9,0,0,0,0
"Ronald Acuna",NA,"OF",2300,"ATL","@PHI",4.34,"Eickhoff",0.267,"-12%","R","R",NA,"-1%",NA,"2%",NA,"x",NA,"0%","0%","0%",0,0,0,0,0,0,0,0,0
"Kevan Smith",NA,"C",2300,"CWS","CLE",3.03,"Kluber",0.251,"-15%","R","R",0.313,"0%",0.063,"-9%",NA,"x",NA,"0%","0%","0%",2.1,4.5,4.5,-0.1,9.2,0,0,0,0
"Sean Rodriguez",NA,"1B/2B",2300,"ATL","@PHI",4.34,"Eickhoff",0.267,"-12%","R","R",0.322,"-1%",0.193,"3%",NA,"x",NA,"0%","0%","0%",5.2,5.2,5.2,2.4,8,0,0,0,0
"Boog Powell",NA,"OF",2300,"SEA","NYM",4.11,"deGrom",0.288,"-7%","R","L",0.23,"0%",0,"-2%",NA,"x",NA,"0%","0%","0%",3.8,3.5,3.5,0.4,6.5,0,0,0,0
"Mike Tauchman",NA,"OF",2300,"COL","@WAS",4.77,"Roark",0.316,"-1%","R","L",NA,"2%",NA,"6%",NA,"x",NA,"0%","0%","0%",6,6,6,1.8,10.2,0,0,0,0
"Nick Senzel",NA,"3B",2300,"CIN","@MIA",4.02,"Conley",NA,"%","L","",NA,"%",NA,"%",NA,"x",NA,"0%","0%","0%",0,0,0,0,0,0,0,0,0
"Max Moroff",NA,"2B/SS",2300,"PIT","@SD",4.4,"Lamet",NA,"1%","R","S",0.188,"-2%",0.075,"1%",NA,"x",NA,"0%","0%","0%",3,3.6,3.6,-1.1,8.4,0,0,0,0
"Carlos Ruiz",NA,"C",2300,"SEA","NYM",4.11,"deGrom",0.265,"-12%","R","R",0.26,"-14%",0.058,"-43%",NA,"x",NA,"0%","0%","0%",4.4,4.8,4.8,0,9.6,0,0,0,0
"Rafael Bautista",NA,"OF",2300,"WAS","COL",5.23,"Marquez",0.335,"3%","R","R",NA,"-1%",NA,"2%",NA,"x",NA,"0%","0%","0%",2.5,2.5,2.5,-1,6,0,0,0,0
"Carson Kelly",NA,"C",2300,"STL","ARI",3.73,"Greinke",0.261,"-13%","R","R",NA,"-1%",NA,"2%",NA,"7",NA,"0%","0%","-2%",6.5,6.5,6.5,0.1,12.9,5,2.2,0,0
"Ryan Cordell",NA,"OF",2300,"MIL","CHC",4.16,"Hendricks",0.259,"-13%","R","R",NA,"-1%",NA,"2%",NA,"x",NA,"0%","0%","0%",0,0,0,0,0,0,0,0,0
"Geovany Soto",NA,"C",2300,"CWS","CLE",3.03,"Kluber",0.251,"-15%","R","R",0.296,"-3%",0.177,"-1%",NA,"x",NA,"0%","0%","0%",3.3,6.4,6.4,-3,15.8,0,0,0,0
"Ildemaro Vargas",NA,"2B",2300,"ARI","@STL",4.27,"Leake",0.327,"2%","R","S",NA,"2%",NA,"6%",NA,"x",NA,"0%","0%","0%",0,0,0,0,0,0,0,0,0
"Mike Freeman",NA,"1B/2B",2300,"LAD","SF",5.27,"Blach",0.25,"-9%","L","L",NA,"-7%",NA,"-22%",NA,"x",NA,"0%","0%","0%",2.6,2.6,2.6,-3.3,8.5,0,0,0,0
"Kyle Tucker",NA,"OF",2300,"HOU","@DET",5.55,"Boyd",NA,"%","L","",NA,"%",NA,"%",NA,"x",NA,"0%","0%","0%",0,0,0,0,0,0,0,0,0
"Domingo Leyba",NA,"SS",2300,"ARI","@STL",4.27,"Leake",0.327,"2%","R","S",NA,"2%",NA,"6%",NA,"x",NA,"0%","0%","0%",0,0,0,0,0,0,0,0,0
"Dawel Lugo",NA,"3B/SS",2300,"DET","@STL",4.95,"Leake",0.297,"-5%","R","R",NA,"-1%",NA,"2%",NA,"x",NA,"0%","0%","0%",0,0,0,0,0,0,0,0,0
"Conor Gillaspie",NA,"3B",2200,"SF","@LAD",3.23,"Hill",0.281,"-14%","L","L",0.235,"-9%",0.098,"-24%",NA,"x",NA,"0%","0%","0%",2.5,3.3,3.3,-0.8,7.4,0,0,0,0
"Willy Adames",NA,"SS",2200,"TB","@NYY",4.43,"Smith",NA,"2%","L","R",NA,"3%",NA,"8%",NA,"x",NA,"0%","0%","0%",0,0,0,0,0,0,0,0,0
"John Bormann",NA,"C",2200,"PIT","@SD",4.4,"Lamet",NA,"-1%","R","R",NA,"-1%",NA,"2%",NA,"x",NA,"0%","0%","0%",0,0,0,0,0,0,0,0,0
"Taylor Featherston",NA,"2B",2200,"TB","@NYY",4.43,"Smith",NA,"2%","L","R",0.246,"1%",0.042,"-5%",NA,"x",NA,"0%","0%","0%",5.8,6.2,6.2,-0.5,12.8,0,0,0,0
"Jacob Stallings",NA,"C",2200,"PIT","@SD",4.4,"Lamet",NA,"-1%","R","R",NA,"-1%",NA,"2%",NA,"x",NA,"0%","0%","0%",6,6,6,-2.5,14.5,0,0,0,0
"Juan Graterol",NA,"C",2200,"LAA","@TOR",4.48,"Liriano",0.326,"1%","L","R",NA,"3%",NA,"8%",NA,"x",NA,"0%","0%","0%",4,3.5,3.5,1.1,5.9,0,0,0,0
"Dusty Coleman",NA,"3B",2200,"SD","PIT",4.1,"Nova",0.295,"-5%","R","R",NA,"-1%",NA,"2%",NA,"7",NA,"-2%","0%","0%",10.7,10.7,10.7,-2.2,23.6,5,2.3,0,0
"Jose Rondon",NA,"SS",2200,"SD","PIT",4.1,"Nova",0.295,"-5%","R","R",NA,"-1%",NA,"2%",NA,"x",NA,"0%","0%","0%",0,0,0,0,0,0,0,0,0
"Allen Cordoba",NA,"OF/SS",2200,"SD","PIT",4.1,"Nova",0.295,"-5%","R","R",0.295,"-1%",0.106,"-5%",NA,"x",NA,"-2%","0%","0%",4,4.9,4.9,-0.9,10.7,0,0,0,0
"Tzu-Wei Lin",NA,"3B/SS",2200,"BOS","KC",5.17,"Cahill",0.341,"5%","R","L",0.322,"2%",0.045,"-2%",NA,"x",NA,"0%","0%","0%",5.5,6.1,6.1,-0.4,12.5,0,0,0,0
"Luis Torrens",NA,"C",2200,"SD","PIT",4.1,"Nova",0.295,"-5%","R","R",0.201,"-6%",0.015,"-12%",NA,"8",NA,"-2%","0%","0%",4.4,3.5,3.5,-0.2,7.2,3.6,1.6,0,0
"Eric Fryer",NA,"C",2200,"STL","ARI",3.73,"Greinke",0.261,"-13%","R","R",0.281,"-3%",0.064,"-15%",NA,"x",NA,"0%","0%","0%",3.7,3.1,3.1,0.3,5.9,0,0,0,0
"Justin Ruggiano",NA,"OF",2200,"SF","@LAD",3.23,"Hill",0.247,"-16%","L","R",0.37,"6%",0.24,"11%",NA,"x",NA,"0%","0%","0%",3.6,4.6,4.6,-1.3,10.5,0,0,0,0
"Carlos Perez",NA,"C",2200,"LAA","@TOR",4.48,"Liriano",0.326,"1%","L","R",0.221,"-2%",0.05,"-7%",NA,"x",NA,"0%","0%","0%",0,0,0,0,0,0,0,0,0
"Tuffy Gosewisch",NA,"C",2200,"SEA","NYM",4.11,"deGrom",0.265,"-12%","R","R",0.198,"-10%",0.053,"-18%",NA,"x",NA,"0%","0%","0%",1.3,1.3,1.3,-0.1,2.6,0,0,0,0
"Kyle Lewis",NA,"OF",2100,"SEA","NYM",4.11,"deGrom",NA,"%","R","",NA,"%",NA,"%",NA,"x",NA,"0%","0%","0%",0,0,0,0,0,0,0,0,0
"Andres Blanco",NA,"2B/3B",2100,"PHI","ATL",4.66,"Newcomb",0.329,"3%","L","S",0.334,"4%",0.161,"6%",NA,"x",NA,"0%","0%","0%",0.8,3.2,3.2,-1.1,7.5,0,0,0,0
"Brett Eibner",NA,"OF",2100,"LAD","SF",5.27,"Blach",0.331,"2%","L","R",0.315,"4%",0.219,"15%",NA,"x",NA,"0%","0%","0%",4.9,4.9,4.9,-2,11.8,0,0,0,0
"Tony Kemp",NA,"2B/OF",2100,"HOU","@DET",5.55,"Boyd",0.356,"5%","L","L",NA,"-7%",NA,"-22%",NA,"x",NA,"0%","0%","0%",0,0,0,0,0,0,0,0,0
"Ty Kelly",NA,"2B/OF",2100,"PHI","ATL",4.66,"Newcomb",0.329,"3%","L","S",0.318,"3%",0.098,"4%",NA,"x",NA,"0%","0%","0%",4.1,3.4,3.4,-0.6,7.5,0,0,0,0
"Daniel Vogelbach",NA,"1B",2100,"SEA","NYM",4.11,"deGrom",0.288,"-7%","R","L",NA,"2%",NA,"6%",NA,"x",NA,"0%","0%","0%",3.4,3.4,3.4,0.7,6.1,0,0,0,0
"Rene Rivera",NA,"C",2100,"NYM","@SEA",4.89,"Gallardo",0.332,"3%","R","R",0.239,"-10%",0.106,"-20%",NA,"x",NA,"0%","0%","0%",5.8,5.6,5.6,-0.9,12.2,0,0,0,0
"Ramon Torres",NA,"SS",2100,"KC","@BOS",4.33,"Rodriguez",0.302,"-4%","L","S",NA,"3%",NA,"8%",NA,"x",NA,"0%","0%","0%",4.8,6,6,0,12,0,0,0,0
"Jorge Polanco",NA,"SS",2100,"MIN","@OAK",4.55,"Smith",NA,"1%","R","S",0.289,"1%",0.105,"-5%",NA,"x",NA,"-4%","0%","1%",3.5,5.9,5.9,1,10.8,0,0,0,0
"Chad Pinder",NA,"2B/SS",2100,"OAK","MIN",4.45,"Mejia",0.33,"3%","L","R",0.295,"2%",0.194,"8%",NA,"x",NA,"0%","0%","0%",6.8,7.5,7.5,-0.3,15.4,0,0,0,0
"Hunter Dozier",NA,"3B",2100,"KC","@BOS",4.33,"Rodriguez",0.302,"-4%","L","R",NA,"3%",NA,"8%",NA,"x",NA,"0%","0%","0%",0,0,0,0,0,0,0,0,0
"Shane Robinson",NA,"OF",2100,"LAA","@TOR",4.48,"Liriano",0.326,"1%","L","R",0.254,"0%",0.047,"-14%",NA,"x",NA,"2%","1%","0%",3,3,3,1.1,4.9,0,0,0,0
"Emilio Bonifacio",NA,"OF",2100,"ATL","@PHI",4.34,"Eickhoff",0.353,"7%","R","S",0.189,"-7%",0.028,"-12%",NA,"x",NA,"0%","0%","0%",2.2,2.2,2.2,-0.3,4.6,0,0,0,0
"Jorge Alfaro",NA,"C",2100,"PHI","ATL",4.66,"Newcomb",0.329,"3%","L","R",NA,"3%",NA,"8%",NA,"x",NA,"0%","0%","0%",0,0,0,0,0,0,0,0,0
"Juan Centeno",NA,"C",2100,"HOU","@DET",5.55,"Boyd",0.356,"5%","L","L",0.247,"-8%",0.061,"-26%",NA,"x",NA,"0%","0%","0%",17.5,17.5,17.5,12.6,22.4,0,0,0,0
"Cliff Pennington",NA,"2B/3B",2100,"LAA","@TOR",4.48,"Liriano",0.326,"1%","L","S",0.268,"0%",0.072,"-4%",NA,"8",NA,"3%","1%","0%",6.1,4.9,4.9,0,9.7,5.5,2.6,0,0
"Michael Morse",NA,"1B",2100,"SF","@LAD",3.23,"Hill",0.247,"-16%","L","R",0.319,"5%",0.192,"17%",NA,"x",NA,"0%","0%","0%",2.4,2.4,2.4,-0.3,5.1,0,0,0,0
"Kaleb Cowart",NA,"3B",2100,"LAA","@TOR",4.48,"Liriano",0.326,"1%","L","S",0.211,"1%",0.051,"3%",NA,"x",NA,"0%","0%","0%",8.3,8.3,8.3,1.1,15.4,0,0,0,0
"Chris Stewart",NA,"C",2100,"PIT","@SD",4.4,"Lamet",NA,"-1%","R","R",0.267,"-4%",0.06,"6%",NA,"x",NA,"0%","0%","0%",2.6,3.8,3.8,-0.4,8,0,0,0,0
"Lane Adams",NA,"OF",2000,"ATL","@PHI",4.34,"Eickhoff",0.267,"-12%","R","R",NA,"-1%",NA,"2%",NA,"x",NA,"0%","0%","0%",9,9,9,-3.7,21.7,0,0,0,0
"Mike Ohlman",NA,"C",2000,"TOR","LAA",5.02,"Petit",0.268,"-11%","R","R",NA,"-1%",NA,"2%",NA,"x",NA,"0%","0%","0%",2.5,2.5,2.5,-1,6,0,0,0,0
"Chad Huffman",NA,"OF",2000,"STL","@WAS",3.73,"Roark",0.287,"-7%","R","R",NA,"-1%",NA,"2%",NA,"x",NA,"0%","0%","0%",5,5,5,5,5,0,0,0,0
"Stuart Turner",NA,"C",2000,"CIN","@MIA",4.02,"Conley",0.319,"0%","L","R",NA,"3%",NA,"8%",NA,"x",NA,"0%","0%","0%",3.8,3.6,3.6,-1.4,8.7,0,0,0,0
"Zack Collins",NA,"C",2000,"CWS","CLE",3.03,"Kluber",NA,"%","R","",NA,"%",NA,"%",NA,"x",NA,"0%","0%","0%",0,0,0,0,0,0,0,0,0
"Tim Federowicz",NA,"C",2000,"SF","@LAD",3.23,"Hill",0.247,"-16%","L","R",0.279,"2%",0.099,"2%",NA,"x",NA,"0%","0%","0%",2,2,2,2,2,0,0,0,0
"Alex Mejia",NA,"SS",2000,"STL","ARI",3.73,"Greinke",0.261,"-13%","R","R",NA,"-1%",NA,"2%",NA,"x",NA,"0%","0%","0%",4.8,4.8,4.8,-4.8,14.3,0,0,0,0
"D.J. Peterson",NA,"3B",2000,"SEA","NYM",4.11,"deGrom",0.265,"-12%","R","R",NA,"-1%",NA,"2%",NA,"x",NA,"0%","0%","0%",0,0,0,0,0,0,0,0,0
"Austin Slater",NA,"OF",2000,"SF","@LAD",3.23,"Hill",0.247,"-16%","L","R",NA,"3%",NA,"8%",NA,"x",NA,"0%","0%","0%",3.9,6.8,6.8,-0.3,13.9,0,0,0,0
"Grant Green",NA,"2B/SS",2000,"WAS","@CWS",5.23,"Gonzalez",0.319,"0%","R","R",0.196,"-4%",0.059,"-3%",NA,"x",NA,"0%","0%","0%",0,0,0,0,0,0,0,0,0
"Carlos Moncrief",NA,"OF",2000,"SF","@LAD",3.23,"Hill",0.281,"-14%","L","L",NA,"-7%",NA,"-22%",NA,"x",NA,"0%","0%","0%",0,0,0,0,0,0,0,0,0
"Andrew Stevenson",NA,"OF",2000,"WAS","COL",5.23,"Marquez",0.345,"5%","R","L",NA,"2%",NA,"6%",NA,"x",NA,"0%","0%","0%",1.5,1.5,1.5,-0.6,3.6,0,0,0,0
"Jaff Decker",NA,"OF",2000,"OAK","MIN",4.45,"Mejia",NA,"-4%","L","L",0.163,"-9%",0,"-26%",NA,"x",NA,"0%","0%","0%",2.2,4.4,4.4,-1.6,10.4,0,0,0,0
"Anthony Recker",NA,"C",2000,"MIN","@OAK",4.55,"Smith",NA,"-1%","R","R",0.264,"-4%",0.085,"-11%",NA,"x",NA,"0%","0%","0%",0,0,0,0,0,0,0,0,0
"Tyler White",NA,"1B",2000,"HOU","@DET",5.55,"Boyd",0.36,"9%","L","R",0.327,"4%",0.233,"17%",NA,"x",NA,"0%","0%","0%",4.3,4.3,4.3,2.3,6.4,0,0,0,0
"Daniel Palka",NA,"1B/OF",2000,"MIN","@OAK",4.55,"Smith",NA,"1%","R","L",NA,"2%",NA,"6%",NA,"x",NA,"0%","0%","0%",0,0,0,0,0,0,0,0,0
"Renato Nunez",NA,"3B",2000,"OAK","MIN",4.45,"Mejia",0.33,"3%","L","R",NA,"3%",NA,"8%",NA,"x",NA,"0%","0%","0%",0,0,0,0,0,0,0,0,0
"Ryan Lavarnway",NA,"1B/C",2000,"OAK","MIN",4.45,"Mejia",0.33,"3%","L","R",0.294,"2%",0.139,"6%",NA,"x",NA,"0%","0%","0%",0,0,0,0,0,0,0,0,0
"Ryder Jones",NA,"3B",2000,"SF","@LAD",3.23,"Hill",0.281,"-14%","L","L",NA,"-7%",NA,"-22%",NA,"x",NA,"0%","0%","0%",1.3,1.3,1.3,-0.9,3.5,0,0,0,0
"Franklin Barreto",NA,"2B/SS",2000,"OAK","MIN",4.45,"Mejia",0.33,"3%","L","R",NA,"3%",NA,"8%",NA,"x",NA,"0%","0%","0%",6,7.4,7.4,-0.7,15.4,0,0,0,0
"Jae-gyun Hwang",NA,"3B",2000,"SF","@LAD",3.23,"Hill",0.247,"-16%","L","R",NA,"3%",NA,"8%",NA,"x",NA,"0%","0%","0%",2,3.3,3.3,-1.5,8.1,0,0,0,0
"Tyler Smith",NA,"SS",2000,"SEA","NYM",4.11,"deGrom",0.265,"-12%","R","R",NA,"-1%",NA,"2%",NA,"x",NA,"0%","0%","0%",3.5,3.5,3.5,0.1,6.9,0,0,0,0
"Chris Marrero",NA,"OF",2000,"SF","@LAD",3.23,"Hill",0.247,"-16%","L","R",0.194,"1%",0.1,"6%",NA,"x",NA,"0%","0%","0%",3.8,3.6,3.6,-2.2,9.5,0,0,0,0
"Orlando Calixte",NA,"OF",2000,"SF","@LAD",3.23,"Hill",0.247,"-16%","L","R",NA,"3%",NA,"8%",NA,"x",NA,"0%","0%","0%",4.1,4.1,4.1,-0.3,8.5,0,0,0,0
"Matt den Dekker",NA,"OF",2000,"DET","HOU",4.95,"McHugh",0.302,"-4%","R","L",0.33,"2%",0.205,"12%",NA,"x",NA,"0%","0%","0%",3.5,3.5,3.5,1.4,5.6,0,0,0,0
"Miguel Gomez",NA,"3B",2000,"SF","@LAD",3.23,"Hill",0.247,"-16%","L","S",NA,"3%",NA,"8%",NA,"x",NA,"0%","0%","0%",6.5,6.5,6.5,1.6,11.4,0,0,0,0
"Darwin Barney",NA,"2B/3B",2000,"TOR","LAA",5.02,"Petit",0.268,"-11%","R","R",0.265,"-7%",0.099,"-4%",NA,"x",NA,"0%","0%","0%",2.9,4.1,4.1,-0.6,8.7,0,0,0,0
